{
  "questIDHigh:4": 0,
  "preRequisites:9": {
    "0:10": {
      "questIDHigh:4": 0,
      "questIDLow:4": 3093
    }
  },
  "questIDLow:4": 3094,
  "properties:10": {
    "betterquesting:10": {
      "snd_complete:8": "random.levelup",
      "taskLogic:8": "AND",
      "visibility:8": "NORMAL",
      "isMain:1": 0,
      "simultaneous:1": 0,
      "icon:10": {
        "id:8": "gregtech:gt.metaitem.01",
        "Count:3": 1,
        "Damage:2": 2010,
        "OreDict:8": ""
      },
      "snd_update:8": "random.levelup",
      "repeatTime:3": -1,
      "globalShare:1": 0,
      "questLogic:8": "AND",
      "repeat_relative:1": 1,
      "name:8": "Burning the Carbon",
      "lockedProgress:1": 0,
      "autoClaim:1": 0,
      "isSilent:1": 0,
      "desc:8": "If you\u0027ve automated Carbon Monoxide, you can now burn it directly for EU in a Gas Turbine. It does not use the Steam Turbines that the boilers required, which is a good thing for two reasons: Steam Turbines are less fuel efficient than their Gas or Combustion alternatives, and steam in itself needs large pipes to move it, being much less power dense than gases or diesels. Additionally, you don\u0027t even need boilers at all! You can skip them altogether if you invest in this CO route.\n\nYou also get Ashes from this chemical reaction. They can be used in several ways, take a look!"
    }
  },
  "tasks:9": {
    "0:10": {
      "partialMatch:1": 1,
      "autoConsume:1": 0,
      "groupDetect:1": 0,
      "ignoreNBT:1": 1,
      "index:3": 0,
      "consume:1": 0,
      "requiredItems:9": {
        "0:10": {
          "id:8": "gregtech:gt.metaitem.01",
          "Count:3": 32,
          "Damage:2": 30674,
          "OreDict:8": ""
        }
      },
      "taskID:8": "bq_standard:retrieval"
    }
  },
  "rewards:9": {
    "0:10": {
      "rewardID:8": "bq_standard:item",
      "index:3": 0,
      "rewards:9": {
        "0:10": {
          "id:8": "enhancedlootbags:lootbag",
          "Count:3": 1,
          "Damage:2": 4,
          "OreDict:8": ""
        },
        "1:10": {
          "id:8": "dreamcraft:item.CoinChemist",
          "Count:3": 5,
          "Damage:2": 0,
          "OreDict:8": ""
        }
      }
    }
  }
}