{
  "questIDHigh:4": 0,
  "preRequisites:9": {
    "0:10": {
      "questIDHigh:4": 0,
      "questIDLow:4": 3095
    }
  },
  "questIDLow:4": 3096,
  "properties:10": {
    "betterquesting:10": {
      "snd_complete:8": "random.levelup",
      "taskLogic:8": "AND",
      "visibility:8": "NORMAL",
      "isMain:1": 0,
      "simultaneous:1": 0,
      "icon:10": {
        "id:8": "Railcraft:machine.alpha",
        "Count:3": 1,
        "Damage:2": 7,
        "OreDict:8": ""
      },
      "snd_update:8": "random.levelup",
      "repeatTime:3": -1,
      "globalShare:1": 0,
      "questLogic:8": "AND",
      "repeat_relative:1": 1,
      "name:8": "Faster Charcoal",
      "lockedProgress:1": 0,
      "autoClaim:1": 0,
      "isSilent:1": 0,
      "desc:8": "Even if you have more wood, this won\u0027t help your power issues that much. Using it directly as fuel isn\u0027t going to do much for you as you move forward, and turning it into Charcoal will be very important. You have already built a Coke Oven, maybe more than one, but each one takes 90 seconds to produce one Charcoal, an abysmal rate. Unfortunately, there isn\u0027t any faster option in this tier, so you will have to build more of these ovens. How many, exactly?\n\nThere are many different goals you might want to go for, but a good metric for your power needs is a setup with 19 Coke Ovens. This number will create both Charcoal and Creosote Oil at a rate that will run two max-sized LP (Low Pressure) Railcraft Boilers, one solid and one liquid, with the quest for those coming right after this one. If you automate this entire setup, it will produce around 2 amps of MV, which are equivalent to 8 amps of LV, plenty of power for this tier and enough to advance you to the next one.\n\nAfter building these Coke Ovens, you will need to automate them. There are a few ways to do this, but one of the cheapest ones is to use Item Pipes, made with Tin for example, with a Conveyor Module in the wood chest/drawer to put the wood in the ovens, and then one Hopper below each oven, into more Item Pipes, to gather the Charcoal. The Creosote is a bit harder to extract, but you can do it with Tinkers\u0027 Faucets on the side of each Coke Oven, with a Wooden Fluid Pipe directly under the faucet. You will need to keep reactivating them with redstone, which means you\u0027ll also need a redstone clock (there\u0027s a block dedicated to this purpose, named Redstone Clock, from Extra Utilities)."
    }
  },
  "tasks:9": {
    "0:10": {
      "partialMatch:1": 1,
      "autoConsume:1": 0,
      "groupDetect:1": 0,
      "ignoreNBT:1": 1,
      "index:3": 0,
      "consume:1": 0,
      "requiredItems:9": {
        "0:10": {
          "id:8": "Railcraft:machine.alpha",
          "Count:3": 494,
          "Damage:2": 7,
          "OreDict:8": ""
        }
      },
      "taskID:8": "bq_standard:retrieval"
    }
  },
  "rewards:9": {
    "0:10": {
      "rewardID:8": "bq_standard:item",
      "index:3": 0,
      "rewards:9": {
        "0:10": {
          "id:8": "enhancedlootbags:lootbag",
          "Count:3": 3,
          "Damage:2": 4,
          "OreDict:8": ""
        },
        "1:10": {
          "id:8": "IC2:itemCellEmpty",
          "Count:3": 32,
          "Damage:2": 0,
          "OreDict:8": ""
        },
        "2:10": {
          "id:8": "dreamcraft:item.CoinTechnicianI",
          "Count:3": 1,
          "Damage:2": 0,
          "OreDict:8": ""
        },
        "3:10": {
          "id:8": "dreamcraft:item.CoinSmithI",
          "Count:3": 1,
          "Damage:2": 0,
          "OreDict:8": ""
        }
      }
    }
  }
}