{
  "questIDHigh:4": 0,
  "preRequisites:9": {
    "0:10": {
      "questIDHigh:4": 0,
      "questIDLow:4": 3118
    },
    "1:10": {
      "questIDHigh:4": 0,
      "questIDLow:4": 3119
    }
  },
  "questIDLow:4": 3120,
  "properties:10": {
    "betterquesting:10": {
      "snd_complete:8": "random.levelup",
      "taskLogic:8": "AND",
      "visibility:8": "NORMAL",
      "isMain:1": 0,
      "simultaneous:1": 0,
      "icon:10": {
        "id:8": "gregtech:gt.metaitem.01",
        "Count:3": 1,
        "Damage:2": 30709,
        "OreDict:8": ""
      },
      "snd_update:8": "random.levelup",
      "repeatTime:3": -1,
      "globalShare:1": 0,
      "questLogic:8": "AND",
      "repeat_relative:1": 1,
      "name:8": "Green Cetane-Boosted Diesel",
      "lockedProgress:1": 0,
      "autoClaim:1": 0,
      "isSilent:1": 0,
      "desc:8": "Tetranitromethane is the additive you need to turn Biodiesel into Cetane-Boosted Diesel. Each bucket of the first turns into 0.9 buckets of the second, but if you look at the EU values per bucket of both, 320k turns into 900k EU, discounting 5.7k EU from the craft, a huge upgrade in power generation. The TNM only costs some thousand EU, the main difficulty is automating the input of all the materials, which shouldn\u0027t be too hard at this stage of progression. \n\nThe power density of this fuel is great, but it doesn\u0027t mean you\u0027ll have enough power to get to EV. What really matters here is the amount of plants or fish you can provide, since all the other items and fluids are basically additives when compared to the amount of oil you need. It\u0027s hard to match the speed at which crude oil can be obtained, but you can bring forth a lot of Seed/Fish Oil if you increase the size of those setups.\n\nThere are more possibilities for CBD in the future, if you want to move towards those."
    }
  },
  "tasks:9": {
    "0:10": {
      "partialMatch:1": 1,
      "autoConsume:1": 0,
      "groupDetect:1": 0,
      "ignoreNBT:1": 1,
      "index:3": 0,
      "consume:1": 0,
      "requiredItems:9": {
        "0:10": {
          "id:8": "gregtech:gt.metaitem.01",
          "Count:3": 128,
          "Damage:2": 30709,
          "OreDict:8": ""
        }
      },
      "taskID:8": "bq_standard:retrieval"
    }
  },
  "rewards:9": {
    "0:10": {
      "rewardID:8": "bq_standard:item",
      "index:3": 0,
      "rewards:9": {
        "0:10": {
          "id:8": "gregtech:gt.metaitem.01",
          "Count:3": 32,
          "Damage:2": 30709,
          "OreDict:8": ""
        },
        "1:10": {
          "id:8": "gregtech:gt.metaitem.01",
          "Count:3": 1,
          "Damage:2": 30998,
          "OreDict:8": ""
        },
        "2:10": {
          "id:8": "enhancedlootbags:lootbag",
          "Count:3": 1,
          "tag:10": {
            "ench:9": {
              "0:10": {
                "lvl:2": 3,
                "id:2": 35
              }
            }
          },
          "Damage:2": 6,
          "OreDict:8": ""
        },
        "3:10": {
          "id:8": "dreamcraft:item.CoinChemistII",
          "Count:3": 5,
          "Damage:2": 0,
          "OreDict:8": ""
        },
        "4:10": {
          "id:8": "dreamcraft:item.CoinTechnicianII",
          "Count:3": 3,
          "Damage:2": 0,
          "OreDict:8": ""
        }
      }
    }
  }
}