{
  "questIDHigh:4": 0,
  "preRequisites:9": {
    "0:10": {
      "questIDHigh:4": 0,
      "questIDLow:4": 3130
    },
    "1:10": {
      "questIDHigh:4": 0,
      "questIDLow:4": 3131
    },
    "2:10": {
      "questIDHigh:4": 0,
      "questIDLow:4": 3132
    }
  },
  "questIDLow:4": 3133,
  "properties:10": {
    "betterquesting:10": {
      "snd_complete:8": "random.levelup",
      "taskLogic:8": "AND",
      "visibility:8": "NORMAL",
      "isMain:1": 0,
      "simultaneous:1": 0,
      "icon:10": {
        "id:8": "miscutils:nitrobenzene",
        "Count:3": 1,
        "Damage:2": 0,
        "OreDict:8": ""
      },
      "snd_update:8": "random.levelup",
      "repeatTime:3": -1,
      "globalShare:1": 0,
      "questLogic:8": "AND",
      "repeat_relative:1": 1,
      "name:8": "Nitrobenzene",
      "lockedProgress:1": 0,
      "autoClaim:1": 0,
      "isSilent:1": 0,
      "desc:8": "With the Chemplant finished, you can slap in the necessary hatches and automate this fuel easily. The Titanium gate really is the main obstacle to this improvement, since you can more than triple the power your Benzene can make with some cheap additions to it!\n\nAs usual, the cost of building the setup will pay off over time. In this case, it\u0027ll happen even faster than usual, given how cheap the setup is. Benzene doesn\u0027t go anywhere beyond this point, but you can grab this final upgrade and make a lot out of it. Check out the multiblock Gas Turbines, and add a good turbine into them, made of a material like Manyullyn or Shadow Metal."
    }
  },
  "tasks:9": {
    "0:10": {
      "partialMatch:1": 1,
      "autoConsume:1": 0,
      "groupDetect:1": 0,
      "ignoreNBT:1": 1,
      "index:3": 0,
      "consume:1": 0,
      "requiredItems:9": {
        "0:10": {
          "id:8": "miscutils:nitrobenzene",
          "Count:3": 128,
          "Damage:2": 0,
          "OreDict:8": ""
        }
      },
      "taskID:8": "bq_standard:retrieval"
    }
  },
  "rewards:9": {
    "0:10": {
      "rewardID:8": "bq_standard:item",
      "index:3": 0,
      "rewards:9": {
        "0:10": {
          "id:8": "miscutils:nitrobenzene",
          "Count:3": 32,
          "Damage:2": 0,
          "OreDict:8": ""
        },
        "1:10": {
          "id:8": "enhancedlootbags:lootbag",
          "Count:3": 1,
          "tag:10": {
            "ench:9": {
              "0:10": {
                "lvl:2": 3,
                "id:2": 35
              }
            }
          },
          "Damage:2": 7,
          "OreDict:8": ""
        },
        "2:10": {
          "id:8": "dreamcraft:item.CoinChemistIII",
          "Count:3": 3,
          "Damage:2": 0,
          "OreDict:8": ""
        }
      }
    }
  }
}