{
  "questIDHigh:4": 0,
  "preRequisites:9": {
    "0:10": {
      "questIDHigh:4": 0,
      "questIDLow:4": 3097
    }
  },
  "questIDLow:4": 3117,
  "properties:10": {
    "betterquesting:10": {
      "snd_complete:8": "random.levelup",
      "taskLogic:8": "AND",
      "visibility:8": "NORMAL",
      "isMain:1": 0,
      "simultaneous:1": 0,
      "icon:10": {
        "id:8": "minecraft:coal",
        "Count:3": 1,
        "Damage:2": 1,
        "OreDict:8": ""
      },
      "snd_update:8": "random.levelup",
      "repeatTime:3": -1,
      "globalShare:1": 0,
      "questLogic:8": "AND",
      "repeat_relative:1": 1,
      "name:8": "No Benzene Yet",
      "lockedProgress:1": 0,
      "autoClaim:1": 0,
      "isSilent:1": 0,
      "desc:8": "This questbook page is supposed to explain the Benzene powergen line, but you might have noticed that you haven\u0027t made any Benzene yet. That\u0027s because the recipe path to get it from Charcoal has an MV recipe, and you can\u0027t just skip straight to MV with the small amount of steam you were using in the Bronze Age. \n\nThere are also other paths for renewable power in this page. They have similar sources, or the same source, but different processing lines, and the entire thing looks like a tree branch, with many different ways in which you can go. The Carbon Monoxide path is one example of this, and there are many more to come in the future.\n\nRegardless of which path you chose to get power from your Charcoal, you can now sustain an EBF comfortably and get power more efficiently. It\u0027s recommended that you move away from steam in the next tier, because you will need to transport too much of it to produce good amounts of MV power. Fortunately, you won\u0027t need steam at all!"
    }
  },
  "tasks:9": {
    "0:10": {
      "index:3": 0,
      "taskID:8": "bq_standard:checkbox"
    }
  },
  "rewards:9": {
    "0:10": {
      "rewardID:8": "bq_standard:item",
      "index:3": 0,
      "rewards:9": {
        "0:10": {
          "id:8": "gregtech:gt.metaitem.01",
          "Count:3": 1,
          "Damage:2": 32650,
          "OreDict:8": ""
        }
      }
    }
  }
}