{
  "questIDHigh:4": 0,
  "preRequisites:9": {
    "0:10": {
      "questIDHigh:4": 0,
      "questIDLow:4": 3128
    }
  },
  "questIDLow:4": 3135,
  "properties:10": {
    "betterquesting:10": {
      "snd_complete:8": "random.levelup",
      "taskLogic:8": "AND",
      "visibility:8": "NORMAL",
      "isMain:1": 0,
      "simultaneous:1": 0,
      "icon:10": {
        "id:8": "Botania:corporeaSpark",
        "Count:3": 1,
        "Damage:2": 1,
        "OreDict:8": ""
      },
      "snd_update:8": "random.levelup",
      "repeatTime:3": -1,
      "globalShare:1": 0,
      "questLogic:8": "AND",
      "repeat_relative:1": 1,
      "name:8": "Normal Or Magic",
      "lockedProgress:1": 0,
      "autoClaim:1": 0,
      "isSilent:1": 0,
      "desc:8": "There are two different Super Fuels, not just one. The regular Solid Super Fuel (SSF) has a heat value of 100k, whereas the Magic Solid Super Fuel (MSSF) has it as 150k, or 50% more EU per block. As you can guess, the second one is more valuable, and worth it to make, but it requires even more processing than the first one.\n\nThe good part is, you don\u0027t really need lots of Thaumcraft progression. You barely need any, if at all, because there are many ways to make the Magic Fuel Binder and the block itself, including some that don\u0027t use any Thaumcraft items. There are so many options that this quest won\u0027t ask for a specific one, and it is once again up to you to decide which to choose, if you choose the magic fuel at all. As a tip, Alumentum is not mineable like Diamonds, but it can be automated by throwing Charcoal Dust at a Cauldron, and it has a higher burn value than the inputs. Additionally, for Coal Coke, only the Alumentum option is available.\n\nBasically, the SSF has 3 steps: craft the binder, craft the solid block and craft the fluid. The MSSF has more steps: craft the binder, upgrade it to magic binder, craft the solid block, craft the fluid and then finish with the extra items. Choose your own path."
    }
  },
  "tasks:9": {
    "0:10": {
      "partialMatch:1": 1,
      "autoConsume:1": 0,
      "groupDetect:1": 0,
      "ignoreNBT:1": 1,
      "index:3": 0,
      "consume:1": 0,
      "requiredItems:9": {
        "0:10": {
          "id:8": "gregtech:gt.metaitem.02",
          "Count:3": 64,
          "Damage:2": 32270,
          "OreDict:8": ""
        }
      },
      "taskID:8": "bq_standard:retrieval"
    },
    "1:10": {
      "partialMatch:1": 1,
      "autoConsume:1": 0,
      "groupDetect:1": 0,
      "ignoreNBT:1": 1,
      "index:3": 1,
      "consume:1": 0,
      "requiredItems:9": {
        "0:10": {
          "id:8": "gregtech:gt.metaitem.02",
          "Count:3": 64,
          "Damage:2": 32271,
          "OreDict:8": ""
        }
      },
      "taskID:8": "bq_standard:optional_retrieval"
    }
  },
  "rewards:9": {
    "0:10": {
      "rewardID:8": "bq_standard:item",
      "index:3": 0,
      "rewards:9": {
        "0:10": {
          "id:8": "gregtech:gt.metaitem.02",
          "Count:3": 16,
          "Damage:2": 32270,
          "OreDict:8": ""
        },
        "1:10": {
          "id:8": "dreamcraft:item.CoinTechnicianIII",
          "Count:3": 1,
          "Damage:2": 0,
          "OreDict:8": ""
        },
        "2:10": {
          "id:8": "enhancedlootbags:lootbag",
          "Count:3": 1,
          "Damage:2": 7,
          "OreDict:8": ""
        }
      }
    }
  }
}