{
  "questIDHigh:4": 0,
  "preRequisites:9": {
    "0:10": {
      "questIDHigh:4": 0,
      "questIDLow:4": 3110
    }
  },
  "questIDLow:4": 3112,
  "properties:10": {
    "betterquesting:10": {
      "snd_complete:8": "random.levelup",
      "taskLogic:8": "AND",
      "visibility:8": "NORMAL",
      "isMain:1": 0,
      "simultaneous:1": 0,
      "icon:10": {
        "id:8": "gregtech:gt.metaitem.01",
        "Count:3": 1,
        "Damage:2": 30687,
        "OreDict:8": ""
      },
      "snd_update:8": "random.levelup",
      "repeatTime:3": -1,
      "globalShare:1": 0,
      "questLogic:8": "AND",
      "repeat_relative:1": 1,
      "name:8": "Phenol\u0027s Width",
      "lockedProgress:1": 0,
      "autoClaim:1": 0,
      "isSilent:1": 0,
      "desc:8": "This one is not as specialized as Toluene is. It\u0027s also more likely that you will be producing it in a Chemical Reactor, or working around it with recipes, if you choose not to use Oil or Benzene for some reason. You\u0027re here, though, so you have all of the possibilities, and all of the advantages of skipping through steps in several important chemical lines that accept Phenol, one of the first being epoxy resin. If you check NEI, you can more easily see where this chemical can come in handy.\n\nIt is true, though, that it isn\u0027t as required in HV as Toluene is. Since both of them are good power options alongside Benzene, it\u0027s preferable that you burn this one for power between the two, if you have to. In the best situation, you won\u0027t need to, but it\u0027s also acceptable to burn all of the Benzene and some Phenol, while the Toluene gets converted into its gelled form to make several stacks of TNT. Don\u0027t discredit the amount of power you can get from this."
    }
  },
  "tasks:9": {
    "0:10": {
      "partialMatch:1": 1,
      "autoConsume:1": 0,
      "groupDetect:1": 0,
      "ignoreNBT:1": 1,
      "index:3": 0,
      "consume:1": 0,
      "requiredItems:9": {
        "0:10": {
          "id:8": "gregtech:gt.metaitem.01",
          "Count:3": 64,
          "Damage:2": 30687,
          "OreDict:8": ""
        }
      },
      "taskID:8": "bq_standard:retrieval"
    }
  },
  "rewards:9": {
    "0:10": {
      "rewardID:8": "bq_standard:item",
      "index:3": 0,
      "rewards:9": {
        "0:10": {
          "id:8": "gregtech:gt.metaitem.02",
          "Count:3": 8,
          "Damage:2": 32010,
          "OreDict:8": ""
        },
        "1:10": {
          "id:8": "enhancedlootbags:lootbag",
          "Count:3": 1,
          "Damage:2": 6,
          "OreDict:8": ""
        },
        "2:10": {
          "id:8": "dreamcraft:item.CoinChemistII",
          "Count:3": 1,
          "Damage:2": 0,
          "OreDict:8": ""
        }
      }
    }
  }
}