{
  "questIDHigh:4": 0,
  "preRequisites:9": {
    "0:10": {
      "questIDHigh:4": 0,
      "questIDLow:4": 3121
    }
  },
  "questIDLow:4": 3125,
  "properties:10": {
    "betterquesting:10": {
      "snd_complete:8": "random.levelup",
      "taskLogic:8": "AND",
      "visibility:8": "NORMAL",
      "isMain:1": 0,
      "simultaneous:1": 0,
      "icon:10": {
        "id:8": "gregtech:gt.metaitem.01",
        "Count:3": 1,
        "Damage:2": 30659,
        "OreDict:8": ""
      },
      "snd_update:8": "random.levelup",
      "repeatTime:3": -1,
      "globalShare:1": 0,
      "questLogic:8": "AND",
      "repeat_relative:1": 1,
      "name:8": "Skipped into Ammonia",
      "lockedProgress:1": 0,
      "autoClaim:1": 0,
      "isSilent:1": 0,
      "desc:8": "This one is almost a flex, at times, depending on your future plans. Ammonia is one of the most power-intensive early chemicals to produce, from Nitrogen and Hydrogen, with a slow HV recipe compared to most others being produced quickly. It is used very often, in various stages of progression, often to make Nitric Acid that is used for Industrial TNT, Cetane-Boosted Diesel and other products. From Fermented Biomass, you can get it directly, although only one tenth of the amount of biomass used, 1000 mL to 100 mL of Ammonia.\n\nThe rate at which you\u0027re going to get this, just from one HV DT, isn\u0027t very fast. DTs are slow by design, and the ratio for Ammonia isn\u0027t great, so you can accumulate it if you leave the setup running for a while, but you won\u0027t be able to feed it into multiple automations that require it unless you upgrade the DT or make more of them, both of which are easy to do later on. Alternatively, you can choose to void the other outputs and work with singleblock Distilleries instead, but this depends on the rate at which you\u0027re inputting saplings. \n\nTo note, Ammonia is required to make Cetane-Boosted Diesel, which you can make from Biodiesel. You can great a good mileage for that just from one Fermented Biomass DT."
    }
  },
  "tasks:9": {
    "0:10": {
      "partialMatch:1": 1,
      "autoConsume:1": 0,
      "groupDetect:1": 0,
      "ignoreNBT:1": 1,
      "index:3": 0,
      "consume:1": 0,
      "requiredItems:9": {
        "0:10": {
          "id:8": "gregtech:gt.metaitem.01",
          "Count:3": 64,
          "Damage:2": 30659,
          "OreDict:8": ""
        }
      },
      "taskID:8": "bq_standard:retrieval"
    }
  },
  "rewards:9": {
    "0:10": {
      "rewardID:8": "bq_standard:item",
      "index:3": 0,
      "rewards:9": {
        "0:10": {
          "id:8": "gregtech:gt.metaitem.01",
          "Count:3": 8,
          "Damage:2": 30653,
          "OreDict:8": ""
        },
        "1:10": {
          "id:8": "enhancedlootbags:lootbag",
          "Count:3": 1,
          "Damage:2": 6,
          "OreDict:8": ""
        },
        "2:10": {
          "id:8": "dreamcraft:item.CoinChemistII",
          "Count:3": 3,
          "Damage:2": 0,
          "OreDict:8": ""
        }
      }
    }
  }
}