{
  "questIDHigh:4": 0,
  "preRequisites:9": {
    "0:10": {
      "questIDHigh:4": 0,
      "questIDLow:4": 3099
    }
  },
  "questIDLow:4": 3126,
  "properties:10": {
    "betterquesting:10": {
      "snd_complete:8": "random.levelup",
      "taskLogic:8": "AND",
      "visibility:8": "NORMAL",
      "isMain:1": 0,
      "simultaneous:1": 0,
      "icon:10": {
        "id:8": "gregtech:gt.metaitem.01",
        "Count:3": 1,
        "Damage:2": 2685,
        "OreDict:8": ""
      },
      "snd_update:8": "random.levelup",
      "repeatTime:3": -1,
      "globalShare:1": 0,
      "questLogic:8": "AND",
      "repeat_relative:1": 1,
      "name:8": "Sodium Hydroxide",
      "lockedProgress:1": 0,
      "autoClaim:1": 0,
      "isSilent:1": 0,
      "desc:8": "The Biodiesel needs a bit of powder magic. In reality, this powder is another chemical that this chain uses, Sodium Hydroxide, NaOH. The bad part is that you can\u0027t continue without making this, but there\u0027s a boon to this: you only need a little bit of it, around 1 dust to make 45 buckets of Biodiesel. \n\nUnlike in the other steps, you can probably get away with batch crafting this instead of automating it, and still have consistent power from this fuel line. One stack of this dust is enough to make more than 100 million EU\u0027s worth of power, as long as the other fluids are automated. Given that, you can forget about it for a long time, but not forever. If you choose to not automate it yet, make sure you check it from time to time.\n\n(This can be automated from Salt Water, which can be automated from Tearstalks, a specific IC2 crop. You get Chlorine and Hydrogen as well.)"
    }
  },
  "tasks:9": {
    "0:10": {
      "partialMatch:1": 1,
      "autoConsume:1": 0,
      "groupDetect:1": 0,
      "ignoreNBT:1": 1,
      "index:3": 0,
      "consume:1": 0,
      "requiredItems:9": {
        "0:10": {
          "id:8": "gregtech:gt.metaitem.01",
          "Count:3": 16,
          "Damage:2": 2685,
          "OreDict:8": ""
        }
      },
      "taskID:8": "bq_standard:retrieval"
    }
  },
  "rewards:9": {
    "0:10": {
      "rewardID:8": "bq_standard:item",
      "index:3": 0,
      "rewards:9": {
        "0:10": {
          "id:8": "enhancedlootbags:lootbag",
          "Count:3": 1,
          "Damage:2": 5,
          "OreDict:8": ""
        },
        "1:10": {
          "id:8": "dreamcraft:item.CoinChemistI",
          "Count:3": 1,
          "Damage:2": 0,
          "OreDict:8": ""
        }
      }
    }
  }
}