{
  "questIDHigh:4": 0,
  "preRequisites:9": {
    "0:10": {
      "questIDHigh:4": 0,
      "questIDLow:4": 3092
    }
  },
  "questIDLow:4": 3095,
  "properties:10": {
    "betterquesting:10": {
      "snd_complete:8": "random.levelup",
      "taskLogic:8": "AND",
      "visibility:8": "NORMAL",
      "isMain:1": 0,
      "simultaneous:1": 0,
      "icon:10": {
        "id:8": "minecraft:log",
        "Count:3": 1,
        "Damage:2": 0,
        "OreDict:8": ""
      },
      "snd_update:8": "random.levelup",
      "repeatTime:3": -1,
      "globalShare:1": 0,
      "questLogic:8": "AND",
      "repeat_relative:1": 1,
      "name:8": "Sourcing Your Wood",
      "lockedProgress:1": 0,
      "autoClaim:1": 0,
      "isSilent:1": 0,
      "desc:8": "When it comes to power from wood, your only options so far have been the wood itself and Charcoal. Both of these are low on energy per item, so you will need a lot of wood to have a decent EU/t output. How, then, can you easily get that much? There are two ways: the automated way, and the non-automated way.\n\nThe automated way can be done with one of several machines, but in LV you only have one option: the LV Crop Manager. It can automatically harvest crops in an area around it and, for this situation, the crop you want is one of several Bonsais. You can get them by planting saplings on cropsticks (there is a lot more information about how crops work in the Forestry and Multifarms page), and most types of saplings are equivalent to one another, although not all of them can be planted as crops. The ones that stand out are Spruce, which give a bit more wood than the others, and Oak, which give Apples alongside the usual wood and saplings, possibly useful for some chemistry later.\n\nThe non-automated way can be done earlier, and it only requires two things: an unbreakable Lumber Axe and trees with a lot of wood, like Sacred Oak, Redwood, or Rainforest Oak. This axe will chop down (most of) the trees and award you with stacks and stacks of wood, much faster than the automated way, but with more work. This process might be useful in the beginning, but you will have to automate the wood input at some point. \n\nComplete one of the tasks and get some wood to continue. "
    }
  },
  "tasks:9": {
    "0:10": {
      "partialMatch:1": 1,
      "autoConsume:1": 0,
      "groupDetect:1": 0,
      "ignoreNBT:1": 1,
      "index:3": 0,
      "consume:1": 0,
      "requiredItems:9": {
        "0:10": {
          "id:8": "gregtech:gt.blockmachines",
          "Count:3": 1,
          "Damage:2": 31111,
          "OreDict:8": ""
        }
      },
      "taskID:8": "bq_standard:optional_retrieval"
    },
    "1:10": {
      "partialMatch:1": 1,
      "autoConsume:1": 0,
      "groupDetect:1": 0,
      "ignoreNBT:1": 1,
      "index:3": 1,
      "consume:1": 0,
      "requiredItems:9": {
        "0:10": {
          "id:8": "TConstruct:lumberaxe",
          "Count:3": 1,
          "tag:10": {
            "InfiTool:10": {
              "RenderExtra:3": 6,
              "BaseDurability:3": 301,
              "BaseAttack:3": 2,
              "ToolEXP:4": 0,
              "Built:1": 1,
              "HarvestLevel:3": 6,
              "RenderHead:3": 6,
              "ModDurability:5": 0.0,
              "Shoddy:5": 0.0,
              "RenderHandle:3": 6,
              "Accessory:3": 6,
              "MiningSpeed:3": 650,
              "Unbreaking:3": 3,
              "Damage:3": 0,
              "HarvestLevel2:3": 6,
              "BonusDurability:3": 0,
              "TotalDurability:3": 301,
              "MiningSpeed2:3": 650,
              "Head:3": 6,
              "Attack:3": 2,
              "Handle:3": 6,
              "Broken:1": 0,
              "Extra:3": 6,
              "RenderAccessory:3": 6,
              "ToolLevel:3": 1,
              "Modifiers:3": 0
            },
            "display:10": {
              "Name:8": "§fObsidian Lumber Axe"
            }
          },
          "Damage:2": 0,
          "OreDict:8": ""
        }
      },
      "taskID:8": "bq_standard:optional_retrieval"
    },
    "2:10": {
      "partialMatch:1": 1,
      "autoConsume:1": 0,
      "groupDetect:1": 0,
      "ignoreNBT:1": 1,
      "index:3": 2,
      "consume:1": 0,
      "requiredItems:9": {
        "0:10": {
          "id:8": "minecraft:log",
          "Count:3": 64,
          "Damage:2": 0,
          "OreDict:8": ""
        }
      },
      "taskID:8": "bq_standard:retrieval"
    }
  },
  "rewards:9": {
    "0:10": {
      "rewardID:8": "bq_standard:item",
      "index:3": 0,
      "rewards:9": {
        "0:10": {
          "id:8": "enhancedlootbags:lootbag",
          "Count:3": 1,
          "Damage:2": 4,
          "OreDict:8": ""
        },
        "1:10": {
          "id:8": "dreamcraft:item.CoinTechnician",
          "Count:3": 20,
          "Damage:2": 0,
          "OreDict:8": ""
        }
      }
    }
  }
}