{
  "questIDHigh:4": 0,
  "preRequisites:9": {
    "0:10": {
      "questIDHigh:4": 0,
      "questIDLow:4": 1148
    },
    "1:10": {
      "questIDHigh:4": 0,
      "questIDLow:4": 3117
    }
  },
  "questIDLow:4": 3098,
  "properties:10": {
    "betterquesting:10": {
      "snd_complete:8": "random.levelup",
      "taskLogic:8": "AND",
      "visibility:8": "NORMAL",
      "isMain:1": 0,
      "simultaneous:1": 0,
      "icon:10": {
        "id:8": "gregtech:gt.metaitem.01",
        "Count:3": 1,
        "Damage:2": 30686,
        "OreDict:8": ""
      },
      "snd_update:8": "random.levelup",
      "repeatTime:3": -1,
      "globalShare:1": 0,
      "questLogic:8": "OR",
      "repeat_relative:1": 1,
      "name:8": "The Benzene Tier",
      "lockedProgress:1": 0,
      "autoClaim:1": 0,
      "isSilent:1": 0,
      "desc:8": "Having walked into MV, you are soon going to be able to produce and consume Benzene. It\u0027s more efficient than burning the Charcoal in a boiler, but you will still need to provide a lot of wood to make sure you have consistent, abundant power. It\u0027s heavily recommended that you automate this wood input, if you haven\u0027t already, possibly with an MV Crop Manager instead of the LV one, or with the Crop Harvester from IC2. \n\nFor automation, you\u0027re still stuck with using bonsais, not regular trees. HV will provide a few options that don\u0027t need crops, but for now you might want to increase your crop stats by crossbreeding. Planting saplings on cropsticks creates 1/1/1 bonsais, which are much slower than their high-stat variants. If you want to invest in crops, you can later use the high stats to get more of a several dozen different items that crops can output, but you should start with Stickreed to develop your crop stats, not bonsais.\n\nDon\u0027t throw away your saplings, either! They will be useful later on, so save up as many as you can."
    }
  },
  "tasks:9": {
    "0:10": {
      "partialMatch:1": 1,
      "autoConsume:1": 0,
      "groupDetect:1": 0,
      "ignoreNBT:1": 0,
      "index:3": 0,
      "consume:1": 0,
      "requiredItems:9": {
        "0:10": {
          "id:8": "IC2:itemCropSeed",
          "Count:3": 1,
          "tag:10": {
            "owner:8": "berriespp",
            "name:8": "Spruce Bonsai",
            "scan:1": 4
          },
          "Damage:2": 0,
          "OreDict:8": ""
        },
        "1:10": {
          "id:8": "IC2:itemCropSeed",
          "Count:3": 1,
          "tag:10": {
            "owner:8": "berriespp",
            "name:8": "Oak Bonsai",
            "scan:1": 4
          },
          "Damage:2": 0,
          "OreDict:8": ""
        }
      },
      "taskID:8": "bq_standard:retrieval"
    }
  },
  "rewards:9": {
    "0:10": {
      "rewardID:8": "bq_standard:item",
      "index:3": 0,
      "rewards:9": {
        "0:10": {
          "id:8": "minecraft:apple",
          "Count:3": 16,
          "Damage:2": 0,
          "OreDict:8": ""
        }
      }
    }
  }
}