{
  "questIDHigh:4": 0,
  "preRequisites:9": {
    "0:10": {
      "questIDHigh:4": 0,
      "questIDLow:4": 3110
    }
  },
  "questIDLow:4": 3113,
  "properties:10": {
    "betterquesting:10": {
      "snd_complete:8": "random.levelup",
      "taskLogic:8": "AND",
      "visibility:8": "NORMAL",
      "isMain:1": 0,
      "simultaneous:1": 0,
      "icon:10": {
        "id:8": "gregtech:gt.metaitem.01",
        "Count:3": 1,
        "Damage:2": 30647,
        "OreDict:8": ""
      },
      "snd_update:8": "random.levelup",
      "repeatTime:3": -1,
      "globalShare:1": 0,
      "questLogic:8": "AND",
      "repeat_relative:1": 1,
      "name:8": "Toluene\u0027s Power",
      "lockedProgress:1": 0,
      "autoClaim:1": 0,
      "isSilent:1": 0,
      "desc:8": "Trinitrotoluene. Shorthand, that\u0027s TNT, or one of the most popular types of explosive there is. Not only is it popular, but it\u0027s a centerpiece of a special type of GTNH crafting: implosion compressing! There are other types of explosives available, but TNT is the best for this purpose.\n\nThat\u0027s all fine and dandy, but unfortunately it is not optional. To get past HV, you will need Titanium, and the most reasonable way to accomplish that is to get it from ores found in the Moon, which will need a rocket made of very compressed plates, courtesy of a few stacks of said TNT. To source it, you will need a lot of Toluene, and from there you can make a choice: make regular TNT, or add Nitric Acid to the mix and come out with Industrial TNT, a more powerful version that can, for the most part, craft more items than the cheaper TNT. Some of the renewable powergen processes can output Ammonia, which makes Nitric Acid much easier to produce, so keep that in mind.\n\nToluene, plus TNT or iTNT is what you need. The rocket will thank you later."
    }
  },
  "tasks:9": {
    "0:10": {
      "partialMatch:1": 1,
      "autoConsume:1": 0,
      "groupDetect:1": 0,
      "ignoreNBT:1": 1,
      "index:3": 0,
      "consume:1": 0,
      "requiredItems:9": {
        "0:10": {
          "id:8": "gregtech:gt.metaitem.01",
          "Count:3": 64,
          "Damage:2": 30647,
          "OreDict:8": ""
        }
      },
      "taskID:8": "bq_standard:retrieval"
    }
  },
  "rewards:9": {
    "0:10": {
      "rewardID:8": "bq_standard:item",
      "index:3": 0,
      "rewards:9": {
        "0:10": {
          "id:8": "minecraft:tnt",
          "Count:3": 8,
          "Damage:2": 0,
          "OreDict:8": ""
        },
        "1:10": {
          "id:8": "IC2:blockITNT",
          "Count:3": 4,
          "Damage:2": 0,
          "OreDict:8": ""
        },
        "2:10": {
          "id:8": "enhancedlootbags:lootbag",
          "Count:3": 1,
          "Damage:2": 6,
          "OreDict:8": ""
        },
        "3:10": {
          "id:8": "dreamcraft:item.CoinChemistII",
          "Count:3": 1,
          "Damage:2": 0,
          "OreDict:8": ""
        }
      }
    }
  }
}