{
  "questIDHigh:4": 0,
  "preRequisites:9": {
    "0:10": {
      "questIDHigh:4": 0,
      "questIDLow:4": 176
    },
    "1:10": {
      "questIDHigh:4": 0,
      "questIDLow:4": 3114
    }
  },
  "questIDLow:4": 3127,
  "properties:10": {
    "betterquesting:10": {
      "snd_complete:8": "random.levelup",
      "taskLogic:8": "AND",
      "visibility:8": "NORMAL",
      "isMain:1": 0,
      "simultaneous:1": 0,
      "icon:10": {
        "id:8": "gregtech:gt.blockcasings4",
        "Count:3": 1,
        "Damage:2": 2,
        "OreDict:8": ""
      },
      "snd_update:8": "random.levelup",
      "repeatTime:3": -1,
      "globalShare:1": 0,
      "questLogic:8": "OR",
      "repeat_relative:1": 1,
      "name:8": "Upgrading Your Benzene",
      "lockedProgress:1": 0,
      "autoClaim:1": 0,
      "isSilent:1": 0,
      "desc:8": "Having moved another tier, you have unlocked another fuel upgrade! Luckily for you, it uses simple inputs, although the place in which you craft it is more expensive than usual. This time around, the bigger expense is by far the processing multiblock, and you will need several stacks of Titanium to put it together. \n\nGiven as much, this is not a task for the very start of EV. It\u0027s recommended that you automate your Titanium processing line before you attempt this, because the Chemical Plant is going to grind your manual patience otherwise. If you already have a lot of that, everything else should be much simpler.\n\n(You will need a lot more than a stack. This is just to get you started.)"
    }
  },
  "tasks:9": {
    "0:10": {
      "partialMatch:1": 1,
      "autoConsume:1": 0,
      "groupDetect:1": 0,
      "ignoreNBT:1": 1,
      "index:3": 0,
      "consume:1": 0,
      "requiredItems:9": {
        "0:10": {
          "id:8": "gregtech:gt.metaitem.01",
          "Count:3": 64,
          "Damage:2": 11028,
          "OreDict:8": ""
        }
      },
      "taskID:8": "bq_standard:retrieval"
    }
  },
  "rewards:9": {
    "0:10": {
      "rewardID:8": "bq_standard:item",
      "index:3": 0,
      "rewards:9": {
        "0:10": {
          "id:8": "gregtech:gt.blockcasings4",
          "Count:3": 1,
          "Damage:2": 2,
          "OreDict:8": ""
        }
      }
    }
  }
}