{
  "questIDHigh:4": 0,
  "preRequisites:9": {
    "0:10": {
      "questIDHigh:4": 0,
      "questIDLow:4": 3104
    },
    "1:10": {
      "questIDHigh:4": 0,
      "questIDLow:4": 3103
    }
  },
  "questIDLow:4": 3106,
  "properties:10": {
    "betterquesting:10": {
      "snd_complete:8": "random.levelup",
      "taskLogic:8": "AND",
      "visibility:8": "NORMAL",
      "isMain:1": 0,
      "simultaneous:1": 0,
      "icon:10": {
        "id:8": "gregtech:gt.metaitem.01",
        "Count:3": 1,
        "Damage:2": 30662,
        "OreDict:8": ""
      },
      "snd_update:8": "random.levelup",
      "repeatTime:3": -1,
      "globalShare:1": 0,
      "questLogic:8": "OR",
      "repeat_relative:1": 1,
      "name:8": "Wood Tar",
      "lockedProgress:1": 0,
      "autoClaim:1": 0,
      "isSilent:1": 0,
      "desc:8": "Benzene cannot be extracted directly from Charcoal. To get to it, you need to process the extracted fluid, called Wood Tar. In the past, this was a very slow step, which forced players to spam Fluid Extractors to keep up with the other parts of their Benzene line, but it\u0027s a lot faster now. Regardless, you still need more than one Fluid Extractor for each machine used in the step after this one, if you are using LV machines here. \n\nSince it\u0027s an LV recipe, you can overclock it with an MV machine, but you\u0027ll waste some EU that way (each recipe will cost twice as much EU). To continue, craft either 2 LV Fluid Extractors or 1 MV one."
    }
  },
  "tasks:9": {
    "0:10": {
      "partialMatch:1": 1,
      "autoConsume:1": 0,
      "groupDetect:1": 0,
      "ignoreNBT:1": 1,
      "index:3": 0,
      "consume:1": 0,
      "requiredItems:9": {
        "0:10": {
          "id:8": "gregtech:gt.metaitem.01",
          "Count:3": 20,
          "Damage:2": 30662,
          "OreDict:8": ""
        }
      },
      "taskID:8": "bq_standard:retrieval"
    }
  },
  "rewards:9": {
    "0:10": {
      "rewardID:8": "bq_standard:choice",
      "index:3": 0,
      "choices:9": {
        "0:10": {
          "id:8": "IC2:itemCellEmpty",
          "Count:3": 32,
          "Damage:2": 0,
          "OreDict:8": ""
        },
        "1:10": {
          "id:8": "enhancedlootbags:lootbag",
          "Count:3": 1,
          "Damage:2": 5,
          "OreDict:8": ""
        }
      }
    },
    "1:10": {
      "rewardID:8": "bq_standard:item",
      "index:3": 1,
      "rewards:9": {
        "0:10": {
          "id:8": "dreamcraft:item.CoinChemistI",
          "Count:3": 1,
          "Damage:2": 0,
          "OreDict:8": ""
        }
      }
    }
  }
}