{
  "questIDHigh:4": 0,
  "preRequisites:9": {
    "0:10": {
      "questIDHigh:4": 0,
      "questIDLow:4": 2695
    },
    "1:10": {
      "questIDHigh:4": 0,
      "questIDLow:4": 458
    }
  },
  "questIDLow:4": 2696,
  "properties:10": {
    "betterquesting:10": {
      "snd_complete:8": "random.levelup",
      "taskLogic:8": "AND",
      "visibility:8": "NORMAL",
      "isMain:1": 1,
      "simultaneous:1": 0,
      "icon:10": {
        "id:8": "miscutils:gtplusplus.blockspecialcasings.2",
        "Count:3": 1,
        "Damage:2": 3,
        "OreDict:8": ""
      },
      "snd_update:8": "random.levelup",
      "repeatTime:3": -1,
      "globalShare:1": 0,
      "questLogic:8": "AND",
      "repeat_relative:1": 1,
      "name:8": "Beyond the Limit",
      "lockedProgress:1": 0,
      "autoClaim:1": 0,
      "isSilent:1": 0,
      "desc:8": "To make living solder for your UEV components or bio-circuits, you will need a chem plant with Rugged Botmium Casings. These are not easy to make!\n\nYou can certainly figure out the rest by now, but the Advanced Nitinol may confuse you. You make it out of blocks of Nitinol 60 with a Quantum Anomaly in a Laser Engraver. This means you need to make a UV Cyclotron, and hit several low chances in a row, so good luck with that!"
    }
  },
  "tasks:9": {
    "0:10": {
      "partialMatch:1": 1,
      "autoConsume:1": 0,
      "groupDetect:1": 0,
      "ignoreNBT:1": 1,
      "index:3": 0,
      "consume:1": 0,
      "requiredItems:9": {
        "0:10": {
          "id:8": "miscutils:gtplusplus.blockspecialcasings.2",
          "Count:3": 70,
          "Damage:2": 3,
          "OreDict:8": ""
        }
      },
      "taskID:8": "bq_standard:retrieval"
    }
  },
  "rewards:9": {}
}