{
  "questIDHigh:4": 0,
  "preRequisites:9": {
    "0:10": {
      "questIDHigh:4": 0,
      "questIDLow:4": 2657
    }
  },
  "questIDLow:4": 2681,
  "properties:10": {
    "betterquesting:10": {
      "snd_complete:8": "random.levelup",
      "taskLogic:8": "AND",
      "visibility:8": "NORMAL",
      "isMain:1": 0,
      "simultaneous:1": 0,
      "icon:10": {
        "id:8": "GalaxySpace:tcetiedandelions",
        "Count:3": 1,
        "Damage:2": 0,
        "OreDict:8": ""
      },
      "snd_update:8": "random.levelup",
      "repeatTime:3": -1,
      "globalShare:1": 0,
      "questLogic:8": "AND",
      "repeat_relative:1": 1,
      "name:8": "Industrial Scale Seaweed Production",
      "lockedProgress:1": 0,
      "autoClaim:1": 0,
      "isSilent:1": 0,
      "desc:8": "So you probably noticed that the amount of seaweed you\u0027ll need to make Bio circuits is kind of...intense. Collecting them yourself is a huge pain, and who wants to program robots? Plus servers. Fortunately, there\u0027s now a way to make seaweed.\n\nThe first thing you need is...Seaweed! Use that with Unknown Water you pumped from the same planet to make the culture. Expect this to take a while, as the chances are super low. You\u0027ll also need the max tier Bio Lab.\n\nOnce you have the culture you can make SeaweedBroth, by combining it with UnknownNutrientAgar and some other stuff. This can then be made into seaweed."
    }
  },
  "tasks:9": {
    "0:10": {
      "partialMatch:1": 1,
      "autoConsume:1": 0,
      "groupDetect:1": 0,
      "ignoreNBT:1": 1,
      "index:3": 0,
      "consume:1": 0,
      "requiredItems:9": {
        "0:10": {
          "id:8": "gregtech:gt.blockmachines",
          "Count:3": 1,
          "Damage:2": 12704,
          "OreDict:8": ""
        }
      },
      "taskID:8": "bq_standard:optional_retrieval"
    },
    "1:10": {
      "partialMatch:1": 1,
      "autoConsume:1": 0,
      "groupDetect:1": 0,
      "ignoreNBT:1": 0,
      "index:3": 1,
      "consume:1": 0,
      "requiredItems:9": {
        "0:10": {
          "id:8": "bartworks:BioLabParts",
          "Count:3": 1,
          "tag:10": {
            "Plasmid:10": {
              "Rarity:1": 3,
              "Tier:3": 2,
              "Name:8": "TCetiEis Fucus Serratus",
              "Chance:3": 750
            },
            "DNA:10": {
              "Rarity:1": 3,
              "Tier:3": 2,
              "Name:8": "TCetiEis Fucus Serratus",
              "Chance:3": 750
            },
            "Breedable:1": 1,
            "Color:11": [
              27,
              153,
              94
            ],
            "Fluid:8": "tcetieisfucusserratusfluid",
            "Rarety:1": 3,
            "Name:8": "TCetiEis Fucus Serratus"
          },
          "Damage:2": 0,
          "OreDict:8": ""
        },
        "1:10": {
          "id:8": "gregtech:gt.metaitem.98",
          "Count:3": 1,
          "Damage:2": 7,
          "OreDict:8": ""
        }
      },
      "taskID:8": "bq_standard:optional_retrieval"
    },
    "2:10": {
      "partialMatch:1": 1,
      "autoConsume:1": 0,
      "groupDetect:1": 0,
      "ignoreNBT:1": 1,
      "index:3": 2,
      "consume:1": 0,
      "requiredItems:9": {
        "0:10": {
          "id:8": "gregtech:gt.metaitem.98",
          "Count:3": 1,
          "Damage:2": 8,
          "OreDict:8": ""
        }
      },
      "taskID:8": "bq_standard:optional_retrieval"
    },
    "3:10": {
      "partialMatch:1": 1,
      "autoConsume:1": 0,
      "groupDetect:1": 0,
      "ignoreNBT:1": 1,
      "index:3": 3,
      "consume:1": 0,
      "requiredItems:9": {
        "0:10": {
          "id:8": "GalaxySpace:tcetiedandelions",
          "Count:3": 64,
          "Damage:2": 0,
          "OreDict:8": ""
        }
      },
      "taskID:8": "bq_standard:retrieval"
    }
  },
  "rewards:9": {}
}