{
  "questIDHigh:4": 0,
  "preRequisites:9": {
    "0:10": {
      "questIDHigh:4": 0,
      "questIDLow:4": 2595
    },
    "1:10": {
      "questIDHigh:4": 0,
      "questIDLow:4": 2728
    }
  },
  "questIDLow:4": 2585,
  "properties:10": {
    "betterquesting:10": {
      "snd_complete:8": "random.levelup",
      "taskLogic:8": "AND",
      "visibility:8": "NORMAL",
      "isMain:1": 0,
      "simultaneous:1": 0,
      "icon:10": {
        "id:8": "Thaumcraft:WandCasting",
        "Count:3": 1,
        "tag:10": {
          "cap:8": "matrix",
          "rod:8": "infinity"
        },
        "Damage:2": 9000,
        "OreDict:8": ""
      },
      "snd_update:8": "random.levelup",
      "repeatTime:3": -1,
      "globalShare:1": 0,
      "questLogic:8": "AND",
      "repeat_relative:1": 1,
      "name:8": "Infinite Vis Storage, kinda?",
      "lockedProgress:1": 0,
      "autoClaim:1": 0,
      "isSilent:1": 0,
      "desc:8": "Provides an absurd quantity of vis storage. It also fills as soon as you pick it up."
    }
  },
  "tasks:9": {
    "0:10": {
      "partialMatch:1": 1,
      "autoConsume:1": 0,
      "groupDetect:1": 0,
      "ignoreNBT:1": 1,
      "index:3": 0,
      "consume:1": 0,
      "requiredItems:9": {
        "0:10": {
          "id:8": "Thaumcraft:WandCasting",
          "Count:3": 1,
          "tag:10": {
            "aqua:3": 999999900,
            "terra:3": 999999900,
            "ignis:3": 999999900,
            "cap:8": "matrix",
            "rod:8": "infinity",
            "ordo:3": 999999900,
            "perditio:3": 999999900,
            "aer:3": 999999900
          },
          "Damage:2": 9000,
          "OreDict:8": ""
        }
      },
      "taskID:8": "bq_standard:retrieval"
    }
  },
  "rewards:9": {}
}