{
  "questIDHigh:4": 0,
  "preRequisites:9": {
    "0:10": {
      "questIDHigh:4": 0,
      "questIDLow:4": 2717
    }
  },
  "questIDLow:4": 3216,
  "properties:10": {
    "betterquesting:10": {
      "snd_complete:8": "random.levelup",
      "taskLogic:8": "AND",
      "visibility:8": "NORMAL",
      "isMain:1": 0,
      "simultaneous:1": 0,
      "icon:10": {
        "id:8": "gregtech:gt.metaitem.03",
        "Count:3": 1,
        "Damage:2": 32180,
        "OreDict:8": ""
      },
      "snd_update:8": "random.levelup",
      "repeatTime:3": -1,
      "globalShare:1": 0,
      "questLogic:8": "AND",
      "repeat_relative:1": 1,
      "name:8": "Optical SMDs",
      "lockedProgress:1": 0,
      "autoClaim:1": 0,
      "isSilent:1": 0,
      "desc:8": "You can now make optical SMDs! They are required for all circuits beyond UEV.\n\nSome of the materials are made in the ABS. Maybe its time to add a few.\n\n[note]If you have not gotten any strontium yet, you can obtain it from strontium oxide based on Rare Earth 3, from spessartine froth or from a Deep Dark void miner.[/note]"
    }
  },
  "tasks:9": {
    "0:10": {
      "partialMatch:1": 1,
      "autoConsume:1": 0,
      "groupDetect:1": 0,
      "ignoreNBT:1": 1,
      "index:3": 0,
      "consume:1": 0,
      "requiredItems:9": {
        "0:10": {
          "id:8": "gregtech:gt.metaitem.03",
          "Count:3": 64,
          "Damage:2": 32181,
          "OreDict:8": ""
        },
        "1:10": {
          "id:8": "gregtech:gt.metaitem.03",
          "Count:3": 64,
          "Damage:2": 32179,
          "OreDict:8": ""
        },
        "2:10": {
          "id:8": "gregtech:gt.metaitem.03",
          "Count:3": 64,
          "Damage:2": 32178,
          "OreDict:8": ""
        },
        "3:10": {
          "id:8": "gregtech:gt.metaitem.03",
          "Count:3": 64,
          "Damage:2": 32180,
          "OreDict:8": ""
        },
        "4:10": {
          "id:8": "gregtech:gt.metaitem.03",
          "Count:3": 64,
          "Damage:2": 32184,
          "OreDict:8": ""
        }
      },
      "taskID:8": "bq_standard:retrieval"
    }
  },
  "rewards:9": {}
}