{
  "questIDHigh:4": 0,
  "preRequisites:9": {
    "0:10": {
      "questIDHigh:4": 0,
      "questIDLow:4": 2681
    },
    "1:10": {
      "questIDHigh:4": 0,
      "questIDLow:4": 2715
    }
  },
  "questIDLow:4": 2717,
  "properties:10": {
    "betterquesting:10": {
      "snd_complete:8": "random.levelup",
      "taskLogic:8": "AND",
      "visibility:8": "NORMAL",
      "isMain:1": 0,
      "simultaneous:1": 0,
      "icon:10": {
        "id:8": "bartworks:BioLabParts",
        "Count:3": 1,
        "tag:10": {
          "Plasmid:10": {
            "Rarity:1": 3,
            "Tier:3": 2,
            "Name:8": "Barnadafis Arboriatoris",
            "Chance:3": 750
          },
          "DNA:10": {
            "Rarity:1": 3,
            "Tier:3": 2,
            "Name:8": "TCetiEis Fucus Serratus",
            "Chance:3": 750
          },
          "Breedable:1": 0,
          "Color:11": [
            54,
            119,
            181
          ],
          "Rarety:1": 2,
          "Name:8": "Xenoxene Xenoxsis"
        },
        "Damage:2": 0,
        "OreDict:8": ""
      },
      "snd_update:8": "random.levelup",
      "repeatTime:3": -1,
      "globalShare:1": 0,
      "questLogic:8": "AND",
      "repeat_relative:1": 1,
      "name:8": "Xenoxene Xenoxsis",
      "lockedProgress:1": 0,
      "autoClaim:1": 0,
      "isSilent:1": 0,
      "desc:8": "To make the next tier plastic, Radox, or the next tier of SMDs, you will need Xenoxene.\n\nGetting the the Xenoxene Xenoxsis culture is a bit tricky. The recipe is similar to the General Purpose one. Remember that all recipes in this chain are low probablility recipes.\n\nYour first step is to make the Barnardafis culture, then the DNA Sample, and then the Data Orb. If you didn\u0027t grab the saplings and dirt previously (to grow more trees for logs), head back to Barnarda C.\n\nUse the same recipe as for the General Purpose one, but use the Data Orb for Barnardafis instead of Common Yeast. You should get the Barnardafis Plasmid.\n\nAgain, it\u0027s the same recipe for the next step, but with the TCetiEis Fucus Serratus culture and the Barnardafis Plasmid, this should produce the Xenoxene Xenoxis culture. It\u0027s a 7.5% chance.\n\nYou should probably use the normal alternative recipe to make more cultures, since it\u0027s easy to fail copying it too.\n\nYou should be able to figure out yourself how to make Xenoxene once you have the culture.\n\n[note]After many years, the transformation recipe now even has NEI support![/note]"
    }
  },
  "tasks:9": {
    "0:10": {
      "partialMatch:1": 1,
      "autoConsume:1": 0,
      "groupDetect:1": 0,
      "ignoreNBT:1": 0,
      "index:3": 0,
      "consume:1": 0,
      "requiredItems:9": {
        "0:10": {
          "id:8": "bartworks:BioLabParts",
          "Count:3": 1,
          "tag:10": {
            "Rarity:1": 3,
            "Tier:3": 2,
            "Name:8": "Barnadafis Arboriatoris",
            "Chance:3": 750
          },
          "Damage:2": 1,
          "OreDict:8": ""
        }
      },
      "taskID:8": "bq_standard:optional_retrieval"
    },
    "1:10": {
      "partialMatch:1": 1,
      "autoConsume:1": 0,
      "groupDetect:1": 0,
      "ignoreNBT:1": 0,
      "index:3": 1,
      "consume:1": 0,
      "requiredItems:9": {
        "0:10": {
          "id:8": "bartworks:BioLabParts",
          "Count:3": 1,
          "tag:10": {
            "Rarity:1": 3,
            "Tier:3": 2,
            "Name:8": "Barnadafis Arboriatoris",
            "Chance:3": 750
          },
          "Damage:2": 2,
          "OreDict:8": ""
        }
      },
      "taskID:8": "bq_standard:optional_retrieval"
    },
    "2:10": {
      "partialMatch:1": 1,
      "autoConsume:1": 0,
      "groupDetect:1": 0,
      "ignoreNBT:1": 0,
      "index:3": 2,
      "consume:1": 0,
      "requiredItems:9": {
        "0:10": {
          "id:8": "bartworks:BioLabParts",
          "Count:3": 1,
          "tag:10": {
            "Plasmid:10": {
              "Rarity:1": 3,
              "Tier:3": 2,
              "Name:8": "Barnadafis Arboriatoris",
              "Chance:3": 750
            },
            "DNA:10": {
              "Rarity:1": 3,
              "Tier:3": 2,
              "Name:8": "TCetiEis Fucus Serratus",
              "Chance:3": 750
            },
            "Breedable:1": 0,
            "Color:11": [
              54,
              119,
              181
            ],
            "Rarety:1": 2,
            "Name:8": "Xenoxene Xenoxsis"
          },
          "Damage:2": 0,
          "OreDict:8": ""
        }
      },
      "taskID:8": "bq_standard:retrieval"
    }
  },
  "rewards:9": {}
}