{
  "questIDHigh:4": 0,
  "preRequisites:9": {
    "0:10": {
      "questIDHigh:4": 0,
      "questIDLow:4": 76
    }
  },
  "questIDLow:4": 3075,
  "properties:10": {
    "betterquesting:10": {
      "snd_complete:8": "random.levelup",
      "taskLogic:8": "AND",
      "partySingleReward:1": 0,
      "visibility:8": "NORMAL",
      "isMain:1": 0,
      "simultaneous:1": 0,
      "icon:10": {
        "id:8": "dreamcraft:item.MoldChestplate",
        "Count:3": 1,
        "Damage:2": 0,
        "OreDict:8": ""
      },
      "snd_update:8": "random.levelup",
      "repeatTime:3": -1,
      "globalShare:1": 1,
      "questLogic:8": "AND",
      "repeat_relative:1": 1,
      "name:8": "Armor Molds",
      "isGlobal:1": 0,
      "lockedProgress:1": 1,
      "autoClaim:1": 0,
      "isSilent:1": 0,
      "desc:8": "Why use plates when you can make your armor pieces out of molten metal?"
    }
  },
  "tasks:9": {
    "0:10": {
      "partialMatch:1": 1,
      "autoConsume:1": 0,
      "groupDetect:1": 0,
      "ignoreNBT:1": 0,
      "index:3": 0,
      "consume:1": 0,
      "requiredItems:9": {
        "0:10": {
          "id:8": "dreamcraft:item.MoldHelmet",
          "Count:3": 1,
          "Damage:2": 0,
          "OreDict:8": ""
        },
        "1:10": {
          "id:8": "dreamcraft:item.MoldChestplate",
          "Count:3": 1,
          "Damage:2": 0,
          "OreDict:8": ""
        },
        "2:10": {
          "id:8": "dreamcraft:item.MoldLeggings",
          "Count:3": 1,
          "Damage:2": 0,
          "OreDict:8": ""
        },
        "3:10": {
          "id:8": "dreamcraft:item.MoldBoots",
          "Count:3": 1,
          "Damage:2": 0,
          "OreDict:8": ""
        }
      },
      "taskID:8": "bq_standard:retrieval"
    }
  },
  "rewards:9": {
    "0:10": {
      "rewardID:8": "bq_standard:choice",
      "index:3": 0,
      "choices:9": {
        "0:10": {
          "id:8": "gregtech:gt.metaitem.01",
          "Count:3": 16,
          "Damage:2": 11305,
          "OreDict:8": ""
        },
        "1:10": {
          "id:8": "minecraft:bucket",
          "Count:3": 8,
          "Damage:2": 0,
          "OreDict:8": ""
        },
        "2:10": {
          "id:8": "minecraft:lava_bucket",
          "Count:3": 4,
          "Damage:2": 0,
          "OreDict:8": ""
        },
        "3:10": {
          "id:8": "enhancedlootbags:lootbag",
          "Count:3": 1,
          "Damage:2": 2,
          "OreDict:8": ""
        }
      }
    },
    "1:10": {
      "rewardID:8": "bq_standard:item",
      "index:3": 1,
      "rewards:9": {
        "0:10": {
          "id:8": "dreamcraft:item.CoinSurvivor",
          "Count:3": 15,
          "Damage:2": 0,
          "OreDict:8": ""
        }
      }
    }
  }
}