{
  "questIDHigh:4": 0,
  "preRequisites:9": {
    "0:10": {
      "questIDHigh:4": 0,
      "questIDLow:4": 65
    },
    "1:10": {
      "questIDHigh:4": 0,
      "questIDLow:4": 685
    }
  },
  "questIDLow:4": 691,
  "properties:10": {
    "betterquesting:10": {
      "snd_complete:8": "random.levelup",
      "taskLogic:8": "AND",
      "partySingleReward:1": 0,
      "visibility:8": "NORMAL",
      "isMain:1": 0,
      "simultaneous:1": 0,
      "icon:10": {
        "id:8": "Railcraft:armor.steel.plate",
        "Count:3": 1,
        "Damage:2": 0,
        "OreDict:8": ""
      },
      "snd_update:8": "random.levelup",
      "repeatTime:3": -1,
      "globalShare:1": 1,
      "questLogic:8": "AND",
      "repeat_relative:1": 1,
      "name:8": "Armor 2.5",
      "isGlobal:1": 0,
      "lockedProgress:1": 1,
      "autoClaim:1": 0,
      "isSilent:1": 0,
      "desc:8": "The steel armor has more durability than the iron/bronze or chainmail armor."
    }
  },
  "tasks:9": {
    "0:10": {
      "partialMatch:1": 1,
      "autoConsume:1": 0,
      "groupDetect:1": 0,
      "ignoreNBT:1": 0,
      "index:3": 0,
      "consume:1": 0,
      "requiredItems:9": {
        "0:10": {
          "id:8": "gregtech:gt.metaitem.01",
          "Count:3": 24,
          "Damage:2": 17305,
          "OreDict:8": "plateSteel"
        }
      },
      "taskID:8": "bq_standard:optional_retrieval"
    },
    "1:10": {
      "partialMatch:1": 1,
      "allowCraftedFromStatistics:1": 0,
      "allowSmelt:1": 1,
      "ignoreNBT:1": 0,
      "index:3": 1,
      "allowCraft:1": 1,
      "allowAnvil:1": 0,
      "requiredItems:9": {
        "0:10": {
          "id:8": "Railcraft:armor.steel.helmet",
          "Count:3": 1,
          "Damage:2": 0,
          "OreDict:8": ""
        },
        "1:10": {
          "id:8": "Railcraft:armor.steel.plate",
          "Count:3": 1,
          "Damage:2": 0,
          "OreDict:8": ""
        },
        "2:10": {
          "id:8": "Railcraft:armor.steel.legs",
          "Count:3": 1,
          "Damage:2": 0,
          "OreDict:8": ""
        },
        "3:10": {
          "id:8": "Railcraft:armor.steel.boots",
          "Count:3": 1,
          "Damage:2": 0,
          "OreDict:8": ""
        }
      },
      "taskID:8": "bq_standard:crafting"
    }
  },
  "rewards:9": {
    "0:10": {
      "rewardID:8": "bq_standard:choice",
      "index:3": 0,
      "choices:9": {
        "0:10": {
          "id:8": "minecraft:enchanted_book",
          "Count:3": 1,
          "tag:10": {
            "StoredEnchantments:9": {
              "0:10": {
                "lvl:4": 2,
                "id:4": 2
              }
            }
          },
          "Damage:2": 0,
          "OreDict:8": ""
        },
        "1:10": {
          "id:8": "minecraft:enchanted_book",
          "Count:3": 1,
          "tag:10": {
            "StoredEnchantments:9": {
              "0:10": {
                "lvl:4": 1,
                "id:4": 6
              }
            }
          },
          "Damage:2": 0,
          "OreDict:8": ""
        },
        "2:10": {
          "id:8": "minecraft:enchanted_book",
          "Count:3": 1,
          "tag:10": {
            "StoredEnchantments:9": {
              "0:10": {
                "lvl:4": 2,
                "id:4": 1
              }
            }
          },
          "Damage:2": 0,
          "OreDict:8": ""
        },
        "3:10": {
          "id:8": "minecraft:enchanted_book",
          "Count:3": 1,
          "tag:10": {
            "StoredEnchantments:9": {
              "0:10": {
                "lvl:4": 2,
                "id:4": 3
              }
            }
          },
          "Damage:2": 0,
          "OreDict:8": ""
        },
        "4:10": {
          "id:8": "minecraft:enchanted_book",
          "Count:3": 1,
          "tag:10": {
            "StoredEnchantments:9": {
              "0:10": {
                "lvl:4": 2,
                "id:4": 4
              }
            }
          },
          "Damage:2": 0,
          "OreDict:8": ""
        },
        "5:10": {
          "id:8": "enhancedlootbags:lootbag",
          "Count:3": 1,
          "Damage:2": 2,
          "OreDict:8": ""
        }
      }
    },
    "1:10": {
      "rewardID:8": "bq_standard:item",
      "index:3": 1,
      "rewards:9": {
        "0:10": {
          "id:8": "dreamcraft:item.CoinSurvivor",
          "Count:3": 15,
          "Damage:2": 0,
          "OreDict:8": ""
        }
      }
    }
  }
}