{
  "questIDHigh:4": 0,
  "preRequisites:9": {
    "0:10": {
      "questIDHigh:4": 0,
      "questIDLow:4": 692
    },
    "1:10": {
      "questIDHigh:4": 0,
      "questIDLow:4": 78
    }
  },
  "questIDLow:4": 1848,
  "properties:10": {
    "betterquesting:10": {
      "snd_complete:8": "random.levelup",
      "taskLogic:8": "AND",
      "partySingleReward:1": 0,
      "visibility:8": "NORMAL",
      "isMain:1": 0,
      "simultaneous:1": 0,
      "icon:10": {
        "id:8": "RandomThings:spectreHelmet",
        "Count:3": 1,
        "Damage:2": 0,
        "OreDict:8": ""
      },
      "snd_update:8": "random.levelup",
      "repeatTime:3": -1,
      "globalShare:1": 1,
      "questLogic:8": "AND",
      "repeat_relative:1": 1,
      "name:8": "Armor of the Dead",
      "isGlobal:1": 0,
      "lockedProgress:1": 0,
      "autoClaim:1": 0,
      "isSilent:1": 0,
      "desc:8": "I\u0027ve found another use for Ectoplasm - making Spectral Iron. An armor made from it is better than diamond and highly enchantable.\n\nIt also will drop healing orbs that will heal the nearest player when picked up. \n\nUnfortunately, a side effect is that you\u0027ll become partially transparent. Side effect, I mean bonus feature!"
    }
  },
  "tasks:9": {
    "0:10": {
      "partialMatch:1": 1,
      "autoConsume:1": 0,
      "groupDetect:1": 0,
      "ignoreNBT:1": 0,
      "index:3": 0,
      "consume:1": 0,
      "requiredItems:9": {
        "0:10": {
          "id:8": "RandomThings:spectreHelmet",
          "Count:3": 1,
          "Damage:2": 0,
          "OreDict:8": ""
        },
        "1:10": {
          "id:8": "RandomThings:spectreChestplate",
          "Count:3": 1,
          "Damage:2": 0,
          "OreDict:8": ""
        },
        "2:10": {
          "id:8": "RandomThings:spectreLeggings",
          "Count:3": 1,
          "Damage:2": 0,
          "OreDict:8": ""
        },
        "3:10": {
          "id:8": "RandomThings:spectreBoots",
          "Count:3": 1,
          "Damage:2": 0,
          "OreDict:8": ""
        }
      },
      "taskID:8": "bq_standard:retrieval"
    }
  },
  "rewards:9": {
    "0:10": {
      "rewardID:8": "bq_standard:choice",
      "index:3": 0,
      "choices:9": {
        "0:10": {
          "id:8": "enhancedlootbags:lootbag",
          "Count:3": 3,
          "tag:10": {
            "ench:9": {
              "0:10": {
                "lvl:4": 3,
                "id:4": 35
              }
            }
          },
          "Damage:2": 5,
          "OreDict:8": ""
        },
        "1:10": {
          "id:8": "dreamcraft:item.CoinSmithII",
          "Count:3": 3,
          "Damage:2": 0,
          "OreDict:8": ""
        }
      }
    }
  }
}