{
  "questIDHigh:4": 0,
  "preRequisites:9": {
    "0:10": {
      "questIDHigh:4": 0,
      "questIDLow:4": 162
    },
    "1:10": {
      "questIDHigh:4": 0,
      "questIDLow:4": 990
    }
  },
  "questIDLow:4": 1525,
  "properties:10": {
    "betterquesting:10": {
      "snd_complete:8": "random.levelup",
      "taskLogic:8": "AND",
      "partySingleReward:1": 0,
      "visibility:8": "NORMAL",
      "isMain:1": 0,
      "simultaneous:1": 0,
      "icon:10": {
        "id:8": "TConstruct:BoltPart",
        "Count:3": 1,
        "tag:10": {
          "DualMat:10": {
            "Material2:4": 1573
          }
        },
        "Damage:2": 1635,
        "OreDict:8": ""
      },
      "snd_update:8": "random.levelup",
      "repeatTime:3": -1,
      "globalShare:1": 1,
      "questLogic:8": "AND",
      "repeat_relative:1": 1,
      "name:8": "§a§lBest Bolts?",
      "isGlobal:1": 0,
      "lockedProgress:1": 0,
      "autoClaim:1": 0,
      "isSilent:1": 0,
      "desc:8": "That meteoric iron you found on the moon, when sent through the EBF, turns into this amazing meteoric steel, able to keep a fine edge. Put some on an Energetic Alloy tool rod to make an awesome bolt. Your next bolt you\u0027ll have to figure out yourself.\n\nUse whatever fletching you want."
    }
  },
  "tasks:9": {
    "0:10": {
      "partialMatch:1": 1,
      "autoConsume:1": 0,
      "groupDetect:1": 0,
      "ignoreNBT:1": 0,
      "index:3": 0,
      "consume:1": 0,
      "requiredItems:9": {
        "0:10": {
          "id:8": "TGregworks:tGregToolPartToolRod",
          "Count:3": 1,
          "tag:10": {
            "material:8": "EnergeticAlloy"
          },
          "Damage:2": 1635,
          "OreDict:8": ""
        }
      },
      "taskID:8": "bq_standard:optional_retrieval"
    },
    "1:10": {
      "partialMatch:1": 1,
      "autoConsume:1": 0,
      "groupDetect:1": 0,
      "ignoreNBT:1": 0,
      "index:3": 1,
      "consume:1": 0,
      "requiredItems:9": {
        "0:10": {
          "id:8": "gregtech:gt.metaitem.01",
          "Count:3": 1,
          "Damage:2": 11341,
          "OreDict:8": ""
        }
      },
      "taskID:8": "bq_standard:optional_retrieval"
    },
    "2:10": {
      "partialMatch:1": 1,
      "autoConsume:1": 0,
      "groupDetect:1": 0,
      "ignoreNBT:1": 0,
      "index:3": 2,
      "consume:1": 0,
      "requiredItems:9": {
        "0:10": {
          "id:8": "TConstruct:BoltPart",
          "Count:3": 1,
          "tag:10": {
            "DualMat:10": {
              "Material2:4": 1573
            }
          },
          "Damage:2": 1635,
          "OreDict:8": ""
        }
      },
      "taskID:8": "bq_standard:retrieval"
    }
  },
  "rewards:9": {
    "0:10": {
      "rewardID:8": "bq_standard:item",
      "index:3": 0,
      "rewards:9": {
        "0:10": {
          "id:8": "minecraft:spawn_egg",
          "Count:3": 1,
          "Damage:2": 56,
          "OreDict:8": ""
        },
        "1:10": {
          "id:8": "dreamcraft:item.CoinSmithII",
          "Count:3": 1,
          "Damage:2": 0,
          "OreDict:8": ""
        }
      }
    }
  }
}