{
  "questIDHigh:4": 0,
  "preRequisites:9": {
    "0:10": {
      "questIDHigh:4": 0,
      "questIDLow:4": 97
    }
  },
  "questIDLow:4": 661,
  "properties:10": {
    "betterquesting:10": {
      "snd_complete:8": "random.levelup",
      "taskLogic:8": "AND",
      "partySingleReward:1": 0,
      "visibility:8": "NORMAL",
      "isMain:1": 0,
      "simultaneous:1": 0,
      "icon:10": {
        "id:8": "minecraft:bow",
        "Count:3": 1,
        "Damage:2": 0,
        "OreDict:8": ""
      },
      "snd_update:8": "random.levelup",
      "repeatTime:3": -1,
      "globalShare:1": 1,
      "questLogic:8": "AND",
      "repeat_relative:1": 1,
      "name:8": "§5§lBow, Arrows and Quiver",
      "isGlobal:1": 0,
      "lockedProgress:1": 0,
      "autoClaim:1": 0,
      "isSilent:1": 0,
      "desc:8": "Wow, your first handmade §oehm§r machine made bow. You find out that you can put the bow in the mine and blade battlegears slots. Now it\u0027s time to make a quiver and maybe some arrows. \n\nTo place arrows in the quiver, put the quiver and the stack of arrows in a crafting grid. Make sure the Gameplay key Special is deconflicted. By default it is Z. When you have the bow selected, use Z to swap arrow slots in the quiver.\n\nWhile it seems like these might be worthless, these arrows do have special uses. You really want to share a cookie with friends, don\u0027t you?\n\nLet\u0027s go hunt a bit."
    }
  },
  "tasks:9": {
    "0:10": {
      "partialMatch:1": 1,
      "autoConsume:1": 0,
      "groupDetect:1": 0,
      "ignoreNBT:1": 0,
      "index:3": 0,
      "consume:1": 0,
      "requiredItems:9": {
        "0:10": {
          "id:8": "minecraft:bow",
          "Count:3": 1,
          "Damage:2": 0,
          "OreDict:8": ""
        }
      },
      "taskID:8": "bq_standard:retrieval"
    },
    "1:10": {
      "partialMatch:1": 1,
      "autoConsume:1": 0,
      "groupDetect:1": 0,
      "ignoreNBT:1": 1,
      "index:3": 1,
      "consume:1": 0,
      "requiredItems:9": {
        "0:10": {
          "id:8": "battlegear2:quiver",
          "Count:3": 1,
          "tag:10": {
            "current:4": 0
          },
          "Damage:2": 0,
          "OreDict:8": ""
        }
      },
      "taskID:8": "bq_standard:retrieval"
    },
    "2:10": {
      "partialMatch:1": 1,
      "autoConsume:1": 0,
      "groupDetect:1": 0,
      "ignoreNBT:1": 0,
      "index:3": 2,
      "consume:1": 0,
      "requiredItems:9": {
        "0:10": {
          "id:8": "minecraft:arrow",
          "Count:3": 64,
          "Damage:2": 0,
          "OreDict:8": ""
        }
      },
      "taskID:8": "bq_standard:retrieval"
    }
  },
  "rewards:9": {
    "0:10": {
      "rewardID:8": "bq_standard:item",
      "index:3": 0,
      "rewards:9": {
        "0:10": {
          "id:8": "battlegear2:mb.arrow",
          "Count:3": 10,
          "Damage:2": 0,
          "OreDict:8": ""
        },
        "1:10": {
          "id:8": "battlegear2:mb.arrow",
          "Count:3": 10,
          "Damage:2": 6,
          "OreDict:8": ""
        },
        "2:10": {
          "id:8": "battlegear2:mb.arrow",
          "Count:3": 10,
          "Damage:2": 2,
          "OreDict:8": ""
        },
        "3:10": {
          "id:8": "battlegear2:mb.arrow",
          "Count:3": 10,
          "Damage:2": 5,
          "OreDict:8": ""
        },
        "4:10": {
          "id:8": "battlegear2:mb.arrow",
          "Count:3": 10,
          "Damage:2": 3,
          "OreDict:8": ""
        },
        "5:10": {
          "id:8": "battlegear2:mb.arrow",
          "Count:3": 10,
          "Damage:2": 1,
          "OreDict:8": ""
        },
        "6:10": {
          "id:8": "battlegear2:mb.arrow",
          "Count:3": 10,
          "Damage:2": 4,
          "OreDict:8": ""
        }
      }
    },
    "1:10": {
      "rewardID:8": "bq_standard:item",
      "index:3": 1,
      "rewards:9": {
        "0:10": {
          "id:8": "dreamcraft:item.CoinSmith",
          "Count:3": 15,
          "Damage:2": 0,
          "OreDict:8": ""
        },
        "1:10": {
          "id:8": "dreamcraft:item.CoinSurvivor",
          "Count:3": 15,
          "Damage:2": 0,
          "OreDict:8": ""
        }
      }
    }
  }
}