{
  "questIDHigh:4": 0,
  "preRequisites:9": {
    "0:10": {
      "questIDHigh:4": 0,
      "questIDLow:4": 790
    },
    "1:10": {
      "questIDHigh:4": 0,
      "questIDLow:4": 775
    },
    "2:10": {
      "questIDHigh:4": 0,
      "questIDLow:4": 776
    }
  },
  "questIDLow:4": 779,
  "properties:10": {
    "betterquesting:10": {
      "snd_complete:8": "random.levelup",
      "taskLogic:8": "AND",
      "partySingleReward:1": 0,
      "visibility:8": "NORMAL",
      "isMain:1": 0,
      "simultaneous:1": 0,
      "icon:10": {
        "id:8": "IC2:itemArmorNanoChestplate",
        "Count:3": 1,
        "tag:10": {
          "charge:6": 1000000.0
        },
        "Damage:2": 1,
        "OreDict:8": ""
      },
      "snd_update:8": "random.levelup",
      "repeatTime:3": -1,
      "globalShare:1": 1,
      "questLogic:8": "AND",
      "repeat_relative:1": 1,
      "name:8": "Carbon Skin",
      "isGlobal:1": 0,
      "lockedProgress:1": 0,
      "autoClaim:1": 0,
      "isSilent:1": 0,
      "desc:8": "You can stop worrying about some mobs for now. This will help you survive a bit and will give you some of that SWAG. Your journey doesn\u0027t stop here traveller, as quantum armor awaits you!\n\n[note]PS: The nano suit also acts as hazmat gear.[/note]"
    }
  },
  "tasks:9": {
    "0:10": {
      "partialMatch:1": 1,
      "autoConsume:1": 0,
      "groupDetect:1": 0,
      "ignoreNBT:1": 1,
      "index:3": 0,
      "consume:1": 0,
      "requiredItems:9": {
        "0:10": {
          "id:8": "IC2:itemArmorNanoHelmet",
          "Count:3": 1,
          "Damage:2": 32767,
          "OreDict:8": ""
        },
        "1:10": {
          "id:8": "IC2:itemArmorNanoChestplate",
          "Count:3": 1,
          "Damage:2": 32767,
          "OreDict:8": ""
        },
        "2:10": {
          "id:8": "IC2:itemArmorNanoLegs",
          "Count:3": 1,
          "Damage:2": 32767,
          "OreDict:8": ""
        },
        "3:10": {
          "id:8": "IC2:itemArmorNanoBoots",
          "Count:3": 1,
          "Damage:2": 32767,
          "OreDict:8": ""
        }
      },
      "taskID:8": "bq_standard:retrieval"
    }
  },
  "rewards:9": {
    "0:10": {
      "rewardID:8": "bq_standard:choice",
      "index:3": 0,
      "choices:9": {
        "0:10": {
          "id:8": "enhancedlootbags:lootbag",
          "Count:3": 3,
          "tag:10": {
            "ench:9": {
              "0:10": {
                "lvl:4": 3,
                "id:4": 35
              }
            }
          },
          "Damage:2": 6,
          "OreDict:8": ""
        },
        "1:10": {
          "id:8": "IC2:itemPartCarbonPlate",
          "Count:3": 24,
          "Damage:2": 0,
          "OreDict:8": ""
        }
      }
    },
    "1:10": {
      "rewardID:8": "bq_standard:item",
      "index:3": 1,
      "rewards:9": {
        "0:10": {
          "id:8": "dreamcraft:item.CoinSmithI",
          "Count:3": 5,
          "Damage:2": 0,
          "OreDict:8": ""
        },
        "1:10": {
          "id:8": "dreamcraft:item.CoinSurvivorI",
          "Count:3": 5,
          "Damage:2": 0,
          "OreDict:8": ""
        },
        "2:10": {
          "id:8": "dreamcraft:item.CoinTechnicianI",
          "Count:3": 5,
          "Damage:2": 0,
          "OreDict:8": ""
        }
      }
    }
  }
}