{
  "questIDHigh:4": 0,
  "preRequisites:9": {
    "0:10": {
      "questIDHigh:4": 0,
      "questIDLow:4": 991
    }
  },
  "questIDLow:4": 997,
  "properties:10": {
    "betterquesting:10": {
      "snd_complete:8": "random.levelup",
      "taskLogic:8": "AND",
      "partySingleReward:1": 0,
      "visibility:8": "NORMAL",
      "isMain:1": 0,
      "simultaneous:1": 0,
      "icon:10": {
        "id:8": "EnderIO:item.darkSteel_chestplate",
        "Count:3": 1,
        "tag:10": {
          "enderio.darksteel.upgrade.energyUpgrade:10": {
            "upgradeItem:10": {
              "id:4": 5635,
              "Count:4": 1,
              "Damage:4": 2
            },
            "maxOuput:4": 10000,
            "level_cost:4": 20,
            "unlocalized_name:8": "enderio.darksteel.upgrade.empowered_four",
            "maxInput:4": 10000,
            "capacity:4": 1000000,
            "energy:4": 1000000
          },
          "enderio.darksteel.upgrade.glide:10": {
            "upgradeItem:10": {
              "id:4": 5654,
              "Count:4": 1,
              "Damage:4": 1
            },
            "level_cost:4": 10,
            "unlocalized_name:8": "enderio.darksteel.upgrade.glider"
          },
          "enderio.darksteel.upgrade.apiaristArmor:10": {
            "upgradeItem:10": {
              "id:4": 4910,
              "Count:4": 1,
              "Damage:4": 0
            },
            "level_cost:4": 10,
            "unlocalized_name:8": "enderio.darksteel.upgrade.apiaristArmor.chestplate",
            "slot:4": 1
          }
        },
        "Damage:2": 0,
        "OreDict:8": ""
      },
      "snd_update:8": "random.levelup",
      "repeatTime:3": -1,
      "globalShare:1": 1,
      "questLogic:8": "AND",
      "repeat_relative:1": 1,
      "name:8": "Dark Steel Armor Advanced Upgrades",
      "isGlobal:1": 0,
      "lockedProgress:1": 0,
      "autoClaim:1": 0,
      "isSilent:1": 0,
      "desc:8": "Your Dark Steel armor can be upgraded in various ways by combining it with various other items. You will need an anvil and a lot of XP.\n\nMake sure when making the potions to only do three at a time, so the NBT data matches."
    }
  },
  "tasks:9": {
    "0:10": {
      "partialMatch:1": 1,
      "autoConsume:1": 0,
      "groupDetect:1": 0,
      "ignoreNBT:1": 0,
      "index:3": 0,
      "consume:1": 0,
      "requiredItems:9": {
        "0:10": {
          "id:8": "EnderIO:itemBasicCapacitor",
          "Count:3": 4,
          "Damage:2": 0,
          "OreDict:8": ""
        },
        "1:10": {
          "id:8": "EnderIO:itemBasicCapacitor",
          "Count:3": 4,
          "Damage:2": 1,
          "OreDict:8": ""
        },
        "2:10": {
          "id:8": "EnderIO:itemBasicCapacitor",
          "Count:3": 4,
          "Damage:2": 2,
          "OreDict:8": ""
        }
      },
      "taskID:8": "bq_standard:optional_retrieval"
    },
    "1:10": {
      "partialMatch:1": 1,
      "autoConsume:1": 0,
      "groupDetect:1": 0,
      "ignoreNBT:1": 0,
      "index:3": 1,
      "consume:1": 0,
      "requiredItems:9": {
        "0:10": {
          "id:8": "Forestry:apiaristHelmet",
          "Count:3": 1,
          "Damage:2": 0,
          "OreDict:8": ""
        },
        "1:10": {
          "id:8": "Forestry:apiaristChest",
          "Count:3": 1,
          "Damage:2": 0,
          "OreDict:8": ""
        },
        "2:10": {
          "id:8": "Forestry:apiaristLegs",
          "Count:3": 1,
          "Damage:2": 0,
          "OreDict:8": ""
        },
        "3:10": {
          "id:8": "Forestry:apiaristBoots",
          "Count:3": 1,
          "Damage:2": 0,
          "OreDict:8": ""
        }
      },
      "taskID:8": "bq_standard:optional_retrieval"
    },
    "2:10": {
      "partialMatch:1": 1,
      "autoConsume:1": 0,
      "groupDetect:1": 0,
      "ignoreNBT:1": 0,
      "index:3": 2,
      "consume:1": 0,
      "requiredItems:9": {
        "0:10": {
          "id:8": "minecraft:potion",
          "Count:3": 3,
          "Damage:2": 8194,
          "OreDict:8": ""
        },
        "1:10": {
          "id:8": "minecraft:potion",
          "Count:3": 1,
          "Damage:2": 8198,
          "OreDict:8": ""
        }
      },
      "taskID:8": "bq_standard:optional_retrieval"
    },
    "3:10": {
      "partialMatch:1": 1,
      "autoConsume:1": 0,
      "groupDetect:1": 0,
      "ignoreNBT:1": 0,
      "index:3": 3,
      "consume:1": 0,
      "requiredItems:9": {
        "0:10": {
          "id:8": "minecraft:waterlily",
          "Count:3": 1,
          "Damage:2": 0,
          "OreDict:8": ""
        },
        "1:10": {
          "id:8": "minecraft:piston",
          "Count:3": 3,
          "Damage:2": 0,
          "OreDict:8": ""
        }
      },
      "taskID:8": "bq_standard:optional_retrieval"
    },
    "4:10": {
      "partialMatch:1": 1,
      "autoConsume:1": 0,
      "groupDetect:1": 0,
      "ignoreNBT:1": 0,
      "index:3": 4,
      "consume:1": 0,
      "requiredItems:9": {
        "0:10": {
          "id:8": "EnderIO:blockSolarPanel",
          "Count:3": 1,
          "Damage:2": 0,
          "OreDict:8": ""
        },
        "1:10": {
          "id:8": "EnderIO:blockSolarPanel",
          "Count:3": 1,
          "Damage:2": 1,
          "OreDict:8": ""
        }
      },
      "taskID:8": "bq_standard:optional_retrieval"
    },
    "5:10": {
      "partialMatch:1": 1,
      "autoConsume:1": 0,
      "groupDetect:1": 0,
      "ignoreNBT:1": 0,
      "index:3": 5,
      "consume:1": 0,
      "requiredItems:9": {
        "0:10": {
          "id:8": "Thaumcraft:ItemGoggles",
          "Count:3": 1,
          "Damage:2": 0,
          "OreDict:8": ""
        },
        "1:10": {
          "id:8": "Forestry:naturalistHelmet",
          "Count:3": 1,
          "Damage:2": 0,
          "OreDict:8": ""
        }
      },
      "taskID:8": "bq_standard:optional_retrieval"
    },
    "6:10": {
      "partialMatch:1": 1,
      "autoConsume:1": 0,
      "groupDetect:1": 0,
      "ignoreNBT:1": 0,
      "index:3": 6,
      "consume:1": 0,
      "requiredItems:9": {
        "0:10": {
          "id:8": "EnderIO:itemGliderWing",
          "Count:3": 1,
          "Damage:2": 1,
          "OreDict:8": ""
        },
        "1:10": {
          "id:8": "minecraft:noteblock",
          "Count:3": 1,
          "Damage:2": 0,
          "OreDict:8": ""
        }
      },
      "taskID:8": "bq_standard:optional_retrieval"
    },
    "7:10": {
      "partialMatch:1": 1,
      "autoConsume:1": 0,
      "groupDetect:1": 0,
      "ignoreNBT:1": 0,
      "index:3": 7,
      "consume:1": 0,
      "requiredItems:9": {
        "0:10": {
          "id:8": "EnderIO:item.darkSteel_helmet",
          "Count:3": 1,
          "tag:10": {
            "enderio.darksteel.upgrade.soundDetector:10": {
              "upgradeItem:10": {
                "id:4": 25,
                "Count:4": 1,
                "Damage:4": 0
              },
              "level_cost:4": 10,
              "unlocalized_name:8": "enderio.darksteel.upgrade.sound"
            },
            "enderio.darksteel.upgrade.energyUpgrade:10": {
              "upgradeItem:10": {
                "Count:4": 1,
                "Damage:4": 2
              },
              "maxOuput:4": 10000,
              "level_cost:4": 20,
              "unlocalized_name:8": "enderio.darksteel.upgrade.empowered_four",
              "maxInput:4": 10000,
              "capacity:4": 1000000,
              "energy:4": 1000000
            },
            "enderio.darksteel.upgrade.naturalistEye:10": {
              "upgradeItem:10": {
                "Count:4": 1,
                "Damage:4": 0
              },
              "level_cost:4": 10,
              "unlocalized_name:8": "enderio.darksteel.upgrade.naturalistEye"
            },
            "enderio.darksteel.upgrade.apiaristArmor:10": {
              "upgradeItem:10": {
                "Count:4": 1,
                "Damage:4": 0
              },
              "level_cost:4": 10,
              "unlocalized_name:8": "enderio.darksteel.upgrade.apiaristArmor.helmet",
              "slot:4": 0
            },
            "enderio.darksteel.upgrade.nightVision:10": {
              "upgradeItem:10": {
                "Count:4": 1,
                "Damage:4": 8198
              },
              "level_cost:4": 10,
              "unlocalized_name:8": "enderio.darksteel.upgrade.nightVision"
            },
            "enderio.darksteel.upgrade.gogglesRevealing:10": {
              "upgradeItem:10": {
                "Count:4": 1,
                "Damage:4": 0
              },
              "level_cost:4": 10,
              "unlocalized_name:8": "enderio.darksteel.upgrade.gogglesOfRevealing"
            },
            "enderio.darksteel.upgrade.speedBoost:10": {
              "level:4": 2,
              "upgradeItem:10": {
                "Count:4": 1,
                "Damage:4": 1
              },
              "level_cost:4": 30,
              "unlocalized_name:8": "enderio.darksteel.upgrade.solar_two"
            }
          },
          "Damage:2": 0,
          "OreDict:8": ""
        },
        "1:10": {
          "id:8": "EnderIO:item.darkSteel_chestplate",
          "Count:3": 1,
          "tag:10": {
            "enderio.darksteel.upgrade.energyUpgrade:10": {
              "upgradeItem:10": {
                "Count:4": 1,
                "Damage:4": 2
              },
              "maxOuput:4": 10000,
              "level_cost:4": 20,
              "unlocalized_name:8": "enderio.darksteel.upgrade.empowered_four",
              "maxInput:4": 10000,
              "capacity:4": 1000000,
              "energy:4": 1000000
            },
            "enderio.darksteel.upgrade.glide:10": {
              "upgradeItem:10": {
                "Count:4": 1,
                "Damage:4": 1
              },
              "level_cost:4": 10,
              "unlocalized_name:8": "enderio.darksteel.upgrade.glider"
            },
            "enderio.darksteel.upgrade.apiaristArmor:10": {
              "upgradeItem:10": {
                "Count:4": 1,
                "Damage:4": 0
              },
              "level_cost:4": 10,
              "unlocalized_name:8": "enderio.darksteel.upgrade.apiaristArmor.chestplate",
              "slot:4": 1
            }
          },
          "Damage:2": 0,
          "OreDict:8": ""
        },
        "2:10": {
          "id:8": "EnderIO:item.darkSteel_leggings",
          "Count:3": 1,
          "tag:10": {
            "enderio.darksteel.upgrade.energyUpgrade:10": {
              "upgradeItem:10": {
                "Count:4": 1,
                "Damage:4": 2
              },
              "maxOuput:4": 10000,
              "level_cost:4": 20,
              "unlocalized_name:8": "enderio.darksteel.upgrade.empowered_four",
              "maxInput:4": 10000,
              "capacity:4": 1000000,
              "energy:4": 1000000
            },
            "enderio.darksteel.upgrade.apiaristArmor:10": {
              "upgradeItem:10": {
                "Count:4": 1,
                "Damage:4": 0
              },
              "level_cost:4": 10,
              "unlocalized_name:8": "enderio.darksteel.upgrade.apiaristArmor.leggings",
              "slot:4": 2
            },
            "enderio.darksteel.upgrade.speedBoost:10": {
              "level:4": 3,
              "multiplier:6": 0.0,
              "upgradeItem:10": {
                "Count:4": 1,
                "Damage:4": 8194
              },
              "level_cost:4": 20,
              "unlocalized_name:8": "enderio.darksteel.upgrade.speed_three"
            }
          },
          "Damage:2": 0,
          "OreDict:8": ""
        },
        "3:10": {
          "id:8": "EnderIO:item.darkSteel_boots",
          "Count:3": 1,
          "tag:10": {
            "enderio.darksteel.upgrade.swim:10": {
              "upgradeItem:10": {
                "Count:4": 1,
                "Damage:4": 0
              },
              "level_cost:4": 10,
              "unlocalized_name:8": "enderio.darksteel.upgrade.swim"
            },
            "enderio.darksteel.upgrade.jumpBoost:10": {
              "level:4": 3,
              "upgradeItem:10": {
                "Count:4": 1,
                "Damage:4": 0
              },
              "level_cost:4": 20,
              "unlocalized_name:8": "enderio.darksteel.upgrade.jump_three"
            },
            "enderio.darksteel.upgrade.energyUpgrade:10": {
              "upgradeItem:10": {
                "Count:4": 1,
                "Damage:4": 2
              },
              "maxOuput:4": 10000,
              "level_cost:4": 20,
              "unlocalized_name:8": "enderio.darksteel.upgrade.empowered_four",
              "maxInput:4": 10000,
              "capacity:4": 1000000,
              "energy:4": 1000000
            },
            "enderio.darksteel.upgrade.apiaristArmor:10": {
              "upgradeItem:10": {
                "Count:4": 1,
                "Damage:4": 0
              },
              "level_cost:4": 10,
              "unlocalized_name:8": "enderio.darksteel.upgrade.apiaristArmor.boots",
              "slot:4": 3
            }
          },
          "Damage:2": 0,
          "OreDict:8": ""
        }
      },
      "taskID:8": "bq_standard:retrieval"
    }
  },
  "rewards:9": {
    "0:10": {
      "rewardID:8": "bq_standard:choice",
      "index:3": 0,
      "choices:9": {
        "0:10": {
          "id:8": "EnderIO:blockSolarPanel",
          "Count:3": 2,
          "Damage:2": 1,
          "OreDict:8": ""
        },
        "1:10": {
          "id:8": "EnderIO:itemBasicCapacitor",
          "Count:3": 8,
          "Damage:2": 2,
          "OreDict:8": ""
        },
        "2:10": {
          "id:8": "EnderIO:blockCapBank",
          "Count:3": 1,
          "tag:10": {
            "type:8": "VIBRANT",
            "storedEnergyRF:4": 0
          },
          "Damage:2": 3,
          "OreDict:8": ""
        },
        "3:10": {
          "id:8": "minecraft:potion",
          "Count:3": 16,
          "Damage:2": 8262,
          "OreDict:8": ""
        },
        "4:10": {
          "id:8": "minecraft:potion",
          "Count:3": 16,
          "Damage:2": 8258,
          "OreDict:8": ""
        },
        "5:10": {
          "id:8": "enhancedlootbags:lootbag",
          "Count:3": 1,
          "Damage:2": 6,
          "OreDict:8": ""
        }
      }
    },
    "1:10": {
      "rewardID:8": "bq_standard:item",
      "index:3": 1,
      "rewards:9": {
        "0:10": {
          "id:8": "dreamcraft:item.CoinSurvivorI",
          "Count:3": 5,
          "Damage:2": 0,
          "OreDict:8": ""
        },
        "1:10": {
          "id:8": "dreamcraft:item.CoinSmithI",
          "Count:3": 5,
          "Damage:2": 0,
          "OreDict:8": ""
        }
      }
    }
  }
}