{
  "questIDHigh:4": 0,
  "preRequisites:9": {
    "0:10": {
      "questIDHigh:4": 0,
      "questIDLow:4": 139
    },
    "1:10": {
      "questIDHigh:4": 0,
      "questIDLow:4": 141
    }
  },
  "questIDLow:4": 991,
  "properties:10": {
    "betterquesting:10": {
      "snd_complete:8": "random.levelup",
      "taskLogic:8": "AND",
      "partySingleReward:1": 0,
      "visibility:8": "NORMAL",
      "isMain:1": 0,
      "simultaneous:1": 0,
      "icon:10": {
        "id:8": "EnderIO:item.darkSteel_chestplate",
        "Count:3": 1,
        "Damage:2": 0,
        "OreDict:8": ""
      },
      "snd_update:8": "random.levelup",
      "repeatTime:3": -1,
      "globalShare:1": 1,
      "questLogic:8": "AND",
      "repeat_relative:1": 1,
      "name:8": "Dark Steel Armor Basic Upgrades",
      "isGlobal:1": 0,
      "lockedProgress:1": 0,
      "autoClaim:1": 0,
      "isSilent:1": 0,
      "desc:8": "In order to upgrade one armor item with basic upgrades, you need a vibrant crystal and 10 xp levels. Some upgrades can be applied directly, but more advanced ones will require empowering the armor first."
    }
  },
  "tasks:9": {
    "0:10": {
      "partialMatch:1": 1,
      "autoConsume:1": 0,
      "groupDetect:1": 0,
      "ignoreNBT:1": 0,
      "index:3": 0,
      "consume:1": 0,
      "requiredItems:9": {
        "0:10": {
          "id:8": "EnderIO:item.darkSteel_helmet",
          "Count:3": 1,
          "Damage:2": 0,
          "OreDict:8": ""
        },
        "1:10": {
          "id:8": "EnderIO:item.darkSteel_chestplate",
          "Count:3": 1,
          "Damage:2": 0,
          "OreDict:8": ""
        },
        "2:10": {
          "id:8": "EnderIO:item.darkSteel_leggings",
          "Count:3": 1,
          "Damage:2": 0,
          "OreDict:8": ""
        },
        "3:10": {
          "id:8": "EnderIO:item.darkSteel_boots",
          "Count:3": 1,
          "Damage:2": 0,
          "OreDict:8": ""
        }
      },
      "taskID:8": "bq_standard:optional_retrieval"
    },
    "1:10": {
      "partialMatch:1": 1,
      "autoConsume:1": 0,
      "groupDetect:1": 0,
      "ignoreNBT:1": 0,
      "index:3": 1,
      "consume:1": 0,
      "requiredItems:9": {
        "0:10": {
          "id:8": "EnderIO:itemMaterial",
          "Count:3": 4,
          "Damage:2": 6,
          "OreDict:8": ""
        }
      },
      "taskID:8": "bq_standard:optional_retrieval"
    },
    "2:10": {
      "partialMatch:1": 1,
      "autoConsume:1": 0,
      "groupDetect:1": 0,
      "ignoreNBT:1": 0,
      "index:3": 2,
      "consume:1": 0,
      "requiredItems:9": {
        "0:10": {
          "id:8": "EnderIO:item.darkSteel_helmet",
          "Count:3": 1,
          "tag:10": {
            "enderio.darksteel.upgrade.energyUpgrade:10": {
              "upgradeItem:10": {
                "Count:4": 1,
                "Damage:4": 6
              },
              "maxOuput:4": 1000,
              "level_cost:4": 10,
              "unlocalized_name:8": "enderio.darksteel.upgrade.empowered_one",
              "maxInput:4": 1000,
              "capacity:4": 100000,
              "energy:4": 100000
            }
          },
          "Damage:2": 0,
          "OreDict:8": ""
        },
        "1:10": {
          "id:8": "EnderIO:item.darkSteel_chestplate",
          "Count:3": 1,
          "tag:10": {
            "enderio.darksteel.upgrade.energyUpgrade:10": {
              "upgradeItem:10": {
                "Count:4": 1,
                "Damage:4": 6
              },
              "maxOuput:4": 1000,
              "level_cost:4": 10,
              "unlocalized_name:8": "enderio.darksteel.upgrade.empowered_one",
              "maxInput:4": 1000,
              "capacity:4": 100000,
              "energy:4": 100000
            }
          },
          "Damage:2": 0,
          "OreDict:8": ""
        },
        "2:10": {
          "id:8": "EnderIO:item.darkSteel_leggings",
          "Count:3": 1,
          "tag:10": {
            "enderio.darksteel.upgrade.energyUpgrade:10": {
              "upgradeItem:10": {
                "Count:4": 1,
                "Damage:4": 6
              },
              "maxOuput:4": 1000,
              "level_cost:4": 10,
              "unlocalized_name:8": "enderio.darksteel.upgrade.empowered_one",
              "maxInput:4": 1000,
              "capacity:4": 100000,
              "energy:4": 100000
            }
          },
          "Damage:2": 0,
          "OreDict:8": ""
        },
        "3:10": {
          "id:8": "EnderIO:item.darkSteel_boots",
          "Count:3": 1,
          "tag:10": {
            "enderio.darksteel.upgrade.energyUpgrade:10": {
              "upgradeItem:10": {
                "Count:4": 1,
                "Damage:4": 6
              },
              "maxOuput:4": 1000,
              "level_cost:4": 10,
              "unlocalized_name:8": "enderio.darksteel.upgrade.empowered_one",
              "maxInput:4": 1000,
              "capacity:4": 100000,
              "energy:4": 100000
            }
          },
          "Damage:2": 0,
          "OreDict:8": ""
        }
      },
      "taskID:8": "bq_standard:retrieval"
    }
  },
  "rewards:9": {
    "0:10": {
      "rewardID:8": "bq_standard:choice",
      "index:3": 0,
      "choices:9": {
        "0:10": {
          "id:8": "minecraft:waterlily",
          "Count:3": 16,
          "Damage:2": 0,
          "OreDict:8": ""
        },
        "1:10": {
          "id:8": "minecraft:piston",
          "Count:3": 1,
          "Damage:2": 0,
          "OreDict:8": ""
        },
        "2:10": {
          "id:8": "Forestry:craftingMaterial",
          "Count:3": 36,
          "Damage:2": 2,
          "OreDict:8": ""
        },
        "3:10": {
          "id:8": "minecraft:potion",
          "Count:3": 1,
          "Damage:2": 8198,
          "OreDict:8": ""
        },
        "4:10": {
          "id:8": "minecraft:potion",
          "Count:3": 1,
          "Damage:2": 8194,
          "OreDict:8": ""
        },
        "5:10": {
          "id:8": "enhancedlootbags:lootbag",
          "Count:3": 1,
          "Damage:2": 6,
          "OreDict:8": ""
        }
      }
    },
    "1:10": {
      "rewardID:8": "bq_standard:item",
      "index:3": 1,
      "rewards:9": {
        "0:10": {
          "id:8": "dreamcraft:item.CoinSurvivorI",
          "Count:3": 5,
          "Damage:2": 0,
          "OreDict:8": ""
        },
        "1:10": {
          "id:8": "dreamcraft:item.CoinSmithI",
          "Count:3": 5,
          "Damage:2": 0,
          "OreDict:8": ""
        }
      }
    }
  }
}