{
  "questIDHigh:4": 0,
  "preRequisites:9": {
    "0:10": {
      "questIDHigh:4": 0,
      "questIDLow:4": 740
    }
  },
  "questIDLow:4": 660,
  "properties:10": {
    "betterquesting:10": {
      "snd_complete:8": "random.levelup",
      "taskLogic:8": "AND",
      "partySingleReward:1": 0,
      "visibility:8": "NORMAL",
      "isMain:1": 0,
      "simultaneous:1": 0,
      "icon:10": {
        "id:8": "battlegear2:shield.diamond",
        "Count:3": 1,
        "Damage:2": 0,
        "OreDict:8": ""
      },
      "snd_update:8": "random.levelup",
      "repeatTime:3": -1,
      "globalShare:1": 1,
      "questLogic:8": "AND",
      "repeat_relative:1": 1,
      "name:8": "§6§lDiamond Shield",
      "isGlobal:1": 0,
      "lockedProgress:1": 0,
      "autoClaim:1": 0,
      "isSilent:1": 0,
      "desc:8": "Your iron shield is old and worn out. With a shield made from diamond plates you can maintain block for up to 5 seconds."
    }
  },
  "tasks:9": {
    "0:10": {
      "partialMatch:1": 1,
      "autoConsume:1": 0,
      "groupDetect:1": 0,
      "ignoreNBT:1": 0,
      "index:3": 0,
      "consume:1": 0,
      "requiredItems:9": {
        "0:10": {
          "id:8": "TGregworks:tGregToolPartLargePlate",
          "Count:3": 2,
          "tag:10": {
            "material:8": "Diamond"
          },
          "Damage:2": 1594,
          "OreDict:8": ""
        },
        "1:10": {
          "id:8": "TGregworks:tGregToolPartToughBind",
          "Count:3": 1,
          "tag:10": {
            "material:8": "Diamond"
          },
          "Damage:2": 1594,
          "OreDict:8": ""
        },
        "2:10": {
          "id:8": "TGregworks:tGregToolPartToughRod",
          "Count:3": 2,
          "tag:10": {
            "material:8": "Diamond"
          },
          "Damage:2": 1594,
          "OreDict:8": ""
        }
      },
      "taskID:8": "bq_standard:optional_retrieval"
    },
    "1:10": {
      "partialMatch:1": 1,
      "allowCraftedFromStatistics:1": 0,
      "allowSmelt:1": 1,
      "ignoreNBT:1": 1,
      "index:3": 1,
      "allowCraft:1": 1,
      "allowAnvil:1": 0,
      "requiredItems:9": {
        "0:10": {
          "id:8": "battlegear2:shield.diamond",
          "Count:3": 1,
          "Damage:2": 0,
          "OreDict:8": ""
        }
      },
      "taskID:8": "bq_standard:crafting"
    }
  },
  "rewards:9": {
    "0:10": {
      "rewardID:8": "bq_standard:choice",
      "index:3": 0,
      "choices:9": {
        "0:10": {
          "id:8": "minecraft:spawn_egg",
          "Count:3": 1,
          "Damage:2": 57,
          "OreDict:8": ""
        },
        "1:10": {
          "id:8": "minecraft:spawn_egg",
          "Count:3": 1,
          "Damage:2": 62,
          "OreDict:8": ""
        },
        "2:10": {
          "id:8": "enhancedlootbags:lootbag",
          "Count:3": 1,
          "Damage:2": 5,
          "OreDict:8": ""
        }
      }
    },
    "1:10": {
      "rewardID:8": "bq_standard:item",
      "index:3": 1,
      "rewards:9": {
        "0:10": {
          "id:8": "dreamcraft:item.CoinSmith",
          "Count:3": 25,
          "Damage:2": 0,
          "OreDict:8": ""
        },
        "1:10": {
          "id:8": "dreamcraft:item.CoinSurvivor",
          "Count:3": 25,
          "Damage:2": 0,
          "OreDict:8": ""
        }
      }
    }
  }
}