{
  "questIDHigh:4": 0,
  "preRequisites:9": {
    "0:10": {
      "questIDHigh:4": 0,
      "questIDLow:4": 1890
    },
    "1:10": {
      "questIDHigh:4": 0,
      "questIDLow:4": 779
    }
  },
  "questIDLow:4": 801,
  "properties:10": {
    "betterquesting:10": {
      "snd_complete:8": "random.levelup",
      "taskLogic:8": "AND",
      "partySingleReward:1": 0,
      "visibility:8": "NORMAL",
      "isMain:1": 0,
      "simultaneous:1": 0,
      "icon:10": {
        "id:8": "dreamcraft:item.NanoRubberBoots",
        "Count:3": 1,
        "Damage:2": 0,
        "OreDict:8": ""
      },
      "snd_update:8": "random.levelup",
      "repeatTime:3": -1,
      "globalShare:1": 1,
      "questLogic:8": "AND",
      "repeat_relative:1": 1,
      "name:8": "Don\u0027t Try to Walk With It",
      "isGlobal:1": 0,
      "lockedProgress:1": 0,
      "autoClaim:1": 0,
      "isSilent:1": 0,
      "desc:8": "Combining some rubber boots with nano boots in the Assembler gives you Nano Rubber Boots. Better not try to put them on because you can\u0027t. They are part of the new quantum suit boots."
    }
  },
  "tasks:9": {
    "0:10": {
      "partialMatch:1": 1,
      "autoConsume:1": 0,
      "groupDetect:1": 0,
      "ignoreNBT:1": 1,
      "index:3": 0,
      "consume:1": 0,
      "requiredItems:9": {
        "0:10": {
          "id:8": "IC2:itemArmorNanoBoots",
          "Count:3": 1,
          "Damage:2": 32767,
          "OreDict:8": ""
        },
        "1:10": {
          "id:8": "IC2:itemArmorRubBoots",
          "Count:3": 1,
          "Damage:2": 0,
          "OreDict:8": ""
        }
      },
      "taskID:8": "bq_standard:optional_retrieval"
    },
    "1:10": {
      "partialMatch:1": 1,
      "autoConsume:1": 0,
      "groupDetect:1": 0,
      "ignoreNBT:1": 0,
      "index:3": 1,
      "consume:1": 0,
      "requiredItems:9": {
        "0:10": {
          "id:8": "dreamcraft:item.NanoRubberBoots",
          "Count:3": 1,
          "Damage:2": 0,
          "OreDict:8": ""
        }
      },
      "taskID:8": "bq_standard:retrieval"
    }
  },
  "rewards:9": {
    "0:10": {
      "rewardID:8": "bq_standard:choice",
      "index:3": 0,
      "choices:9": {
        "0:10": {
          "id:8": "gregtech:gt.metaitem.01",
          "Count:3": 2,
          "Damage:2": 32602,
          "OreDict:8": ""
        },
        "1:10": {
          "id:8": "gregtech:gt.metaitem.01",
          "Count:3": 16,
          "Damage:2": 17880,
          "OreDict:8": ""
        },
        "2:10": {
          "id:8": "enhancedlootbags:lootbag",
          "Count:3": 1,
          "Damage:2": 7,
          "OreDict:8": ""
        }
      }
    },
    "1:10": {
      "rewardID:8": "bq_standard:item",
      "index:3": 1,
      "rewards:9": {
        "0:10": {
          "id:8": "dreamcraft:item.CoinSmithII",
          "Count:3": 1,
          "Damage:2": 0,
          "OreDict:8": ""
        },
        "1:10": {
          "id:8": "dreamcraft:item.CoinTechnicianII",
          "Count:3": 1,
          "Damage:2": 0,
          "OreDict:8": ""
        }
      }
    }
  }
}