{
  "questIDHigh:4": 0,
  "preRequisites:9": {
    "0:10": {
      "questIDHigh:4": 0,
      "questIDLow:4": 1159
    },
    "1:10": {
      "questIDHigh:4": 0,
      "questIDLow:4": 1807
    }
  },
  "questIDLow:4": 2057,
  "properties:10": {
    "betterquesting:10": {
      "snd_complete:8": "random.levelup",
      "taskLogic:8": "AND",
      "partySingleReward:1": 0,
      "visibility:8": "NORMAL",
      "isMain:1": 0,
      "simultaneous:1": 0,
      "icon:10": {
        "id:8": "TwilightForest:item.steeleafPlate",
        "Count:3": 1,
        "tag:10": {
          "ench:9": {
            "0:10": {
              "lvl:4": 2,
              "id:4": 3
            }
          }
        },
        "Damage:2": 0,
        "OreDict:8": ""
      },
      "snd_update:8": "random.levelup",
      "repeatTime:3": -1,
      "globalShare:1": 1,
      "questLogic:8": "OR",
      "repeat_relative:1": 1,
      "name:8": "\"Oh, Magic\" Armor II",
      "isGlobal:1": 0,
      "lockedProgress:1": 0,
      "autoClaim:1": 0,
      "isSilent:1": 0,
      "desc:8": "Steeleaf armor is the next level in Twilight Forest armor. It can be handy as a defense in the Nether."
    }
  },
  "tasks:9": {
    "0:10": {
      "partialMatch:1": 1,
      "autoConsume:1": 0,
      "groupDetect:1": 0,
      "ignoreNBT:1": 0,
      "index:3": 0,
      "consume:1": 0,
      "requiredItems:9": {
        "0:10": {
          "id:8": "gregtech:gt.metaitem.01",
          "Count:3": 24,
          "Damage:2": 17339,
          "OreDict:8": ""
        }
      },
      "taskID:8": "bq_standard:optional_retrieval"
    },
    "1:10": {
      "partialMatch:1": 1,
      "autoConsume:1": 0,
      "groupDetect:1": 0,
      "ignoreNBT:1": 0,
      "index:3": 1,
      "consume:1": 0,
      "requiredItems:9": {
        "0:10": {
          "id:8": "TwilightForest:item.steeleafHelm",
          "Count:3": 1,
          "tag:10": {
            "ench:9": {
              "0:10": {
                "lvl:4": 2,
                "id:4": 4
              }
            }
          },
          "Damage:2": 0,
          "OreDict:8": ""
        },
        "1:10": {
          "id:8": "TwilightForest:item.steeleafPlate",
          "Count:3": 1,
          "tag:10": {
            "ench:9": {
              "0:10": {
                "lvl:4": 2,
                "id:4": 3
              }
            }
          },
          "Damage:2": 0,
          "OreDict:8": ""
        },
        "2:10": {
          "id:8": "TwilightForest:item.steeleafLegs",
          "Count:3": 1,
          "tag:10": {
            "ench:9": {
              "0:10": {
                "lvl:4": 2,
                "id:4": 1
              }
            }
          },
          "Damage:2": 0,
          "OreDict:8": ""
        },
        "3:10": {
          "id:8": "TwilightForest:item.steeleafBoots",
          "Count:3": 1,
          "tag:10": {
            "ench:9": {
              "0:10": {
                "lvl:4": 2,
                "id:4": 2
              }
            }
          },
          "Damage:2": 0,
          "OreDict:8": ""
        }
      },
      "taskID:8": "bq_standard:retrieval"
    }
  },
  "rewards:9": {
    "0:10": {
      "rewardID:8": "bq_standard:choice",
      "index:3": 0,
      "choices:9": {
        "0:10": {
          "id:8": "TwilightForest:item.steeleafAxe",
          "Count:3": 1,
          "tag:10": {
            "ench:9": {
              "0:10": {
                "lvl:4": 2,
                "id:4": 32
              }
            }
          },
          "Damage:2": 0,
          "OreDict:8": ""
        },
        "1:10": {
          "id:8": "TwilightForest:item.steeleafPick",
          "Count:3": 1,
          "tag:10": {
            "ench:9": {
              "0:10": {
                "lvl:4": 2,
                "id:4": 35
              }
            }
          },
          "Damage:2": 0,
          "OreDict:8": ""
        },
        "2:10": {
          "id:8": "TwilightForest:item.steeleafShovel",
          "Count:3": 1,
          "tag:10": {
            "ench:9": {
              "0:10": {
                "lvl:4": 2,
                "id:4": 32
              }
            }
          },
          "Damage:2": 0,
          "OreDict:8": ""
        },
        "3:10": {
          "id:8": "enhancedlootbags:lootbag",
          "Count:3": 1,
          "Damage:2": 4,
          "OreDict:8": ""
        }
      }
    },
    "1:10": {
      "rewardID:8": "bq_standard:item",
      "index:3": 1,
      "rewards:9": {
        "0:10": {
          "id:8": "dreamcraft:item.CoinDarkWizard",
          "Count:3": 25,
          "Damage:2": 0,
          "OreDict:8": ""
        },
        "1:10": {
          "id:8": "dreamcraft:item.CoinSmith",
          "Count:3": 25,
          "Damage:2": 0,
          "OreDict:8": ""
        },
        "2:10": {
          "id:8": "dreamcraft:item.CoinSurvivor",
          "Count:3": 25,
          "Damage:2": 0,
          "OreDict:8": ""
        }
      }
    }
  }
}