{
  "questIDHigh:4": 0,
  "preRequisites:9": {
    "0:10": {
      "questIDHigh:4": 0,
      "questIDLow:4": 2112
    }
  },
  "questIDLow:4": 2139,
  "properties:10": {
    "betterquesting:10": {
      "snd_complete:8": "random.levelup",
      "taskLogic:8": "AND",
      "partySingleReward:1": 0,
      "visibility:8": "NORMAL",
      "isMain:1": 0,
      "simultaneous:1": 0,
      "icon:10": {
        "id:8": "adventurebackpack:adventureBackpack",
        "Count:3": 1,
        "tag:10": {
          "wearableData:10": {
            "type:4": 53
          }
        },
        "Damage:2": 53,
        "OreDict:8": ""
      },
      "snd_update:8": "random.levelup",
      "repeatTime:3": -1,
      "globalShare:1": 1,
      "questLogic:8": "AND",
      "repeat_relative:1": 1,
      "name:8": "Oink!",
      "isGlobal:1": 0,
      "lockedProgress:1": 0,
      "autoClaim:1": 0,
      "isSilent:1": 0,
      "desc:8": "While the Pig backpack is useless on its own, it can be turned into a pretty powerful tool with the right...motivation."
    }
  },
  "tasks:9": {
    "0:10": {
      "partialMatch:1": 1,
      "autoConsume:1": 0,
      "groupDetect:1": 0,
      "ignoreNBT:1": 0,
      "index:3": 1,
      "consume:1": 0,
      "requiredItems:9": {
        "0:10": {
          "id:8": "adventurebackpack:adventureBackpack",
          "Count:3": 1,
          "tag:10": {
            "wearableData:10": {
              "type:1": 53
            }
          },
          "Damage:2": 53,
          "OreDict:8": ""
        }
      },
      "taskID:8": "bq_standard:retrieval"
    }
  },
  "rewards:9": {
    "0:10": {
      "rewardID:8": "bq_standard:item",
      "index:3": 0,
      "rewards:9": {
        "0:10": {
          "id:8": "harvestcraft:bbqpulledporkItem",
          "Count:3": 64,
          "Damage:2": 0,
          "OreDict:8": ""
        }
      }
    }
  }
}