{
  "questIDHigh:4": 0,
  "preRequisites:9": {
    "0:10": {
      "questIDHigh:4": 0,
      "questIDLow:4": 803
    }
  },
  "questIDLow:4": 3143,
  "properties:10": {
    "betterquesting:10": {
      "snd_complete:8": "random.levelup",
      "taskLogic:8": "AND",
      "visibility:8": "NORMAL",
      "isMain:1": 0,
      "simultaneous:1": 0,
      "icon:10": {
        "id:8": "IC2:itemArmorQuantumChestplate",
        "Count:3": 1,
        "tag:10": {
          "charge:6": 1.0E7
        },
        "Damage:2": 1,
        "OreDict:8": ""
      },
      "snd_update:8": "random.levelup",
      "repeatTime:3": -1,
      "globalShare:1": 0,
      "questLogic:8": "AND",
      "repeat_relative:1": 1,
      "name:8": "Quantum Chestplate",
      "lockedProgress:1": 0,
      "autoClaim:1": 0,
      "isSilent:1": 0,
      "desc:8": "QuantumSuit Bodyarmor allows for flight just like its predecessor, but when you hold shift+space instead of going down you will go slightly up.\nThe next tier - GraviChestPlate - will get rid of this problem altogether."
    }
  },
  "tasks:9": {
    "0:10": {
      "partialMatch:1": 1,
      "autoConsume:1": 0,
      "groupDetect:1": 0,
      "ignoreNBT:1": 1,
      "index:3": 0,
      "consume:1": 0,
      "requiredItems:9": {
        "0:10": {
          "id:8": "GraviSuite:advNanoChestPlate",
          "Count:3": 1,
          "tag:10": {
            "toolXP:6": 0.0,
            "charge:3": 0,
            "toolMode:3": 0
          },
          "Damage:2": 32767,
          "OreDict:8": ""
        },
        "1:10": {
          "id:8": "dreamcraft:item.IridiumAlloyItemCasing",
          "Count:3": 8,
          "Damage:2": 0,
          "OreDict:8": ""
        }
      },
      "taskID:8": "bq_standard:optional_retrieval"
    },
    "1:10": {
      "partialMatch:1": 1,
      "autoConsume:1": 0,
      "groupDetect:1": 0,
      "ignoreNBT:1": 1,
      "index:3": 1,
      "consume:1": 0,
      "requiredItems:9": {
        "0:10": {
          "id:8": "dreamcraft:item.QuantumPartChestplate",
          "Count:3": 1,
          "Damage:2": 0,
          "OreDict:8": ""
        },
        "1:10": {
          "id:8": "dreamcraft:item.QuantumCrystal",
          "Count:3": 1,
          "Damage:2": 0,
          "OreDict:8": ""
        },
        "2:10": {
          "id:8": "gregtech:gt.metaitem.01",
          "Count:3": 2,
          "Damage:2": 32706,
          "OreDict:8": "circuitMaster"
        },
        "3:10": {
          "id:8": "gregtech:gt.blockmachines",
          "Count:3": 6,
          "Damage:2": 1662,
          "OreDict:8": ""
        },
        "4:10": {
          "id:8": "gregtech:gt.metaitem.01",
          "Count:3": 1,
          "Damage:2": 32597,
          "OreDict:8": ""
        },
        "5:10": {
          "id:8": "gregtech:gt.metaitem.01",
          "Count:3": 3,
          "Damage:2": 32673,
          "OreDict:8": ""
        },
        "6:10": {
          "id:8": "gregtech:gt.metaitem.01",
          "Count:3": 2,
          "Damage:2": 32604,
          "OreDict:8": ""
        },
        "7:10": {
          "id:8": "gregtech:gt.metaitem.01",
          "Count:3": 4,
          "Damage:2": 27316,
          "OreDict:8": ""
        }
      },
      "taskID:8": "bq_standard:optional_retrieval"
    },
    "2:10": {
      "partialMatch:1": 1,
      "autoConsume:1": 0,
      "groupDetect:1": 0,
      "ignoreNBT:1": 1,
      "index:3": 2,
      "consume:1": 0,
      "requiredItems:9": {
        "0:10": {
          "id:8": "IC2:itemArmorQuantumChestplate",
          "Count:3": 1,
          "tag:10": {
            "charge:6": 1.0E7
          },
          "Damage:2": 32767,
          "OreDict:8": ""
        }
      },
      "taskID:8": "bq_standard:retrieval"
    }
  },
  "rewards:9": {
    "0:10": {
      "rewardID:8": "bq_standard:choice",
      "index:3": 0,
      "choices:9": {
        "0:10": {
          "id:8": "gregtech:gt.metaitem.01",
          "Count:3": 2,
          "Damage:2": 32604,
          "OreDict:8": ""
        },
        "1:10": {
          "id:8": "IC2:itemPartIridium",
          "Count:3": 4,
          "Damage:2": 0,
          "OreDict:8": ""
        },
        "2:10": {
          "id:8": "enhancedlootbags:lootbag",
          "Count:3": 1,
          "Damage:2": 8,
          "OreDict:8": ""
        }
      }
    },
    "1:10": {
      "rewardID:8": "bq_standard:item",
      "index:3": 1,
      "rewards:9": {
        "0:10": {
          "id:8": "dreamcraft:item.CoinTechnicianII",
          "Count:3": 5,
          "Damage:2": 0,
          "OreDict:8": ""
        }
      }
    }
  }
}