{
  "questIDHigh:4": 0,
  "preRequisites:9": {
    "0:10": {
      "questIDHigh:4": 0,
      "questIDLow:4": 753
    },
    "1:10": {
      "questIDHigh:4": 0,
      "questIDLow:4": 838
    }
  },
  "questIDLow:4": 796,
  "properties:10": {
    "betterquesting:10": {
      "snd_complete:8": "random.levelup",
      "taskLogic:8": "AND",
      "partySingleReward:1": 0,
      "visibility:8": "NORMAL",
      "isMain:1": 0,
      "simultaneous:1": 0,
      "icon:10": {
        "id:8": "GalacticraftCore:item.sensorLens",
        "Count:3": 1,
        "Damage:2": 0,
        "OreDict:8": ""
      },
      "snd_update:8": "random.levelup",
      "repeatTime:3": -1,
      "globalShare:1": 1,
      "questLogic:8": "AND",
      "repeat_relative:1": 1,
      "name:8": "Sensor Lens",
      "isGlobal:1": 0,
      "lockedProgress:1": 0,
      "autoClaim:1": 0,
      "isSilent:1": 0,
      "desc:8": "The night vision goggles need special sensor lenses to work."
    }
  },
  "tasks:9": {
    "0:10": {
      "partialMatch:1": 1,
      "autoConsume:1": 0,
      "groupDetect:1": 0,
      "ignoreNBT:1": 1,
      "index:3": 0,
      "consume:1": 0,
      "requiredItems:9": {
        "0:10": {
          "id:8": "gregtech:gt.metaitem.01",
          "Count:3": 4,
          "Damage:2": 28308,
          "OreDict:8": ""
        },
        "1:10": {
          "id:8": "IC2:itemPartCircuitAdv",
          "Count:3": 4,
          "Damage:2": 0,
          "OreDict:8": "circuitAdvanced"
        },
        "2:10": {
          "id:8": "gregtech:gt.metaitem.01",
          "Count:3": 4,
          "Damage:2": 27306,
          "OreDict:8": ""
        },
        "3:10": {
          "id:8": "gregtech:gt.metaitem.01",
          "Count:3": 2,
          "Damage:2": 24500,
          "OreDict:8": ""
        },
        "4:10": {
          "id:8": "dreamcraft:item.ReinforcedGlassLense",
          "Count:3": 2,
          "Damage:2": 0,
          "OreDict:8": ""
        }
      },
      "taskID:8": "bq_standard:optional_retrieval"
    },
    "1:10": {
      "partialMatch:1": 1,
      "autoConsume:1": 0,
      "groupDetect:1": 0,
      "ignoreNBT:1": 1,
      "index:3": 1,
      "consume:1": 0,
      "requiredItems:9": {
        "0:10": {
          "id:8": "GalacticraftCore:item.sensorLens",
          "Count:3": 2,
          "Damage:2": 0,
          "OreDict:8": ""
        }
      },
      "taskID:8": "bq_standard:retrieval"
    }
  },
  "rewards:9": {
    "0:10": {
      "rewardID:8": "bq_standard:choice",
      "index:3": 0,
      "choices:9": {
        "0:10": {
          "id:8": "IC2:itemPartCircuitAdv",
          "Count:3": 1,
          "Damage:2": 0,
          "OreDict:8": ""
        },
        "1:10": {
          "id:8": "IC2:itemBatCrystal",
          "Count:3": 1,
          "Damage:2": 26,
          "OreDict:8": ""
        },
        "2:10": {
          "id:8": "enhancedlootbags:lootbag",
          "Count:3": 1,
          "Damage:2": 5,
          "OreDict:8": ""
        }
      }
    },
    "1:10": {
      "rewardID:8": "bq_standard:item",
      "index:3": 1,
      "rewards:9": {
        "0:10": {
          "id:8": "dreamcraft:item.CoinTechnicianI",
          "Count:3": 5,
          "Damage:2": 0,
          "OreDict:8": ""
        }
      }
    }
  }
}