{
  "questIDHigh:4": 0,
  "preRequisites:9": {
    "0:10": {
      "questIDHigh:4": 0,
      "questIDLow:4": 689
    },
    "1:10": {
      "questIDHigh:4": 0,
      "questIDLow:4": 102
    },
    "2:10": {
      "questIDHigh:4": 0,
      "questIDLow:4": 838
    }
  },
  "questIDLow:4": 1781,
  "properties:10": {
    "betterquesting:10": {
      "snd_complete:8": "random.levelup",
      "taskLogic:8": "AND",
      "partySingleReward:1": 0,
      "visibility:8": "NORMAL",
      "isMain:1": 0,
      "simultaneous:1": 0,
      "icon:10": {
        "id:8": "TConstruct:travelVest",
        "Count:3": 1,
        "tag:10": {
          "TinkerArmor:10": {
            "BaseDurability:4": 1035,
            "BaseDefense:6": 4.0,
            "Built:4": 1,
            "MaxDefense:6": 10.0,
            "Damage:4": 0,
            "BonusDurability:4": 0,
            "Modifiers:4": 3,
            "TotalDurability:4": 1035,
            "ModDurability:6": 0.0,
            "DamageReduction:6": 0.0,
            "Broken:4": 0
          }
        },
        "Damage:2": 0,
        "OreDict:8": ""
      },
      "snd_update:8": "random.levelup",
      "repeatTime:3": -1,
      "globalShare:1": 1,
      "questLogic:8": "AND",
      "repeat_relative:1": 1,
      "name:8": "Traveller\u0027s Gear",
      "isGlobal:1": 0,
      "lockedProgress:1": 0,
      "autoClaim:1": 0,
      "isSilent:1": 0,
      "desc:8": "The goggles, wings, shoes, vest, belt and boots itself are not really special. \n\nYou can zoom with the googles, have a extra inventory hotbar with the belt, step-up assist with the shoes, jump boost with the wings and faster swimming ability with the vest.\n\nYou get protection like with normal armor too.\n\nLater on you can upgrade your items to become more powerful ones."
    }
  },
  "tasks:9": {
    "0:10": {
      "partialMatch:1": 1,
      "autoConsume:1": 0,
      "groupDetect:1": 0,
      "ignoreNBT:1": 1,
      "index:3": 0,
      "consume:1": 0,
      "requiredItems:9": {
        "0:10": {
          "id:8": "gregtech:gt.metaitem.01",
          "Count:3": 2,
          "Damage:2": 24500,
          "OreDict:8": ""
        },
        "1:10": {
          "id:8": "gregtech:gt.metaitem.01",
          "Count:3": 6,
          "Damage:2": 17500,
          "OreDict:8": ""
        },
        "2:10": {
          "id:8": "gregtech:gt.metaitem.01",
          "Count:3": 2,
          "Damage:2": 28303,
          "OreDict:8": ""
        },
        "3:10": {
          "id:8": "gregtech:gt.metaitem.01",
          "Count:3": 1,
          "Damage:2": 26303,
          "OreDict:8": ""
        },
        "4:10": {
          "id:8": "harvestcraft:hardenedleatherItem",
          "Count:3": 17,
          "Damage:2": 0,
          "OreDict:8": ""
        },
        "5:10": {
          "id:8": "gregtech:gt.metaitem.01",
          "Count:3": 3,
          "Damage:2": 17804,
          "OreDict:8": "plateObsidian"
        },
        "6:10": {
          "id:8": "minecraft:diamond_helmet",
          "Count:3": 1,
          "Damage:2": 0,
          "OreDict:8": ""
        },
        "7:10": {
          "id:8": "minecraft:diamond_chestplate",
          "Count:3": 1,
          "Damage:2": 0,
          "OreDict:8": ""
        },
        "8:10": {
          "id:8": "minecraft:diamond_leggings",
          "Count:3": 1,
          "Damage:2": 0,
          "OreDict:8": ""
        },
        "9:10": {
          "id:8": "minecraft:diamond_boots",
          "Count:3": 1,
          "Damage:2": 0,
          "OreDict:8": ""
        },
        "10:10": {
          "id:8": "TConstruct:fletching",
          "Count:3": 4,
          "Damage:2": 0,
          "OreDict:8": ""
        },
        "11:10": {
          "id:8": "gregtech:gt.metaitem.01",
          "Count:3": 2,
          "Damage:2": 32642,
          "OreDict:8": ""
        },
        "12:10": {
          "id:8": "IC2:itemPartCircuitAdv",
          "Count:3": 6,
          "Damage:2": 0,
          "OreDict:8": "circuitAdvanced"
        }
      },
      "taskID:8": "bq_standard:optional_retrieval"
    },
    "1:10": {
      "partialMatch:1": 1,
      "autoConsume:1": 0,
      "groupDetect:1": 0,
      "ignoreNBT:1": 0,
      "index:3": 1,
      "consume:1": 0,
      "requiredItems:9": {
        "0:10": {
          "id:8": "TConstruct:travelGoggles",
          "Count:3": 1,
          "tag:10": {
            "TinkerArmor:10": {
              "BaseDurability:4": 1035,
              "BaseDefense:6": 0.0,
              "Built:4": 1,
              "MaxDefense:6": 4.0,
              "Damage:4": 0,
              "BonusDurability:4": 0,
              "Modifiers:4": 3,
              "TotalDurability:4": 1035,
              "ModDurability:6": 0.0,
              "DamageReduction:6": 0.0,
              "Broken:4": 0
            }
          },
          "Damage:2": 0,
          "OreDict:8": ""
        },
        "1:10": {
          "id:8": "TConstruct:travelVest",
          "Count:3": 1,
          "tag:10": {
            "TinkerArmor:10": {
              "BaseDurability:4": 1035,
              "BaseDefense:6": 4.0,
              "Built:4": 1,
              "MaxDefense:6": 10.0,
              "Damage:4": 0,
              "BonusDurability:4": 0,
              "Modifiers:4": 3,
              "TotalDurability:4": 1035,
              "ModDurability:6": 0.0,
              "DamageReduction:6": 0.0,
              "Broken:4": 0
            }
          },
          "Damage:2": 0,
          "OreDict:8": ""
        },
        "2:10": {
          "id:8": "TConstruct:travelWings",
          "Count:3": 1,
          "tag:10": {
            "TinkerArmor:10": {
              "BaseDurability:4": 1035,
              "BaseDefense:6": 2.0,
              "Built:4": 1,
              "MaxDefense:6": 8.0,
              "Damage:4": 0,
              "BonusDurability:4": 0,
              "Modifiers:4": 3,
              "TotalDurability:4": 1035,
              "ModDurability:6": 0.0,
              "DamageReduction:6": 0.0,
              "Broken:4": 0
            }
          },
          "Damage:2": 0,
          "OreDict:8": ""
        },
        "3:10": {
          "id:8": "TConstruct:travelBelt",
          "Count:3": 1,
          "tag:10": {
            "TinkerAccessory:10": {
              "BaseDurability:4": 500,
              "Built:4": 1,
              "Damage:4": 0,
              "BonusDurability:4": 0,
              "Modifiers:4": 5,
              "TotalDurability:4": 500,
              "ModDurability:6": 0.0,
              "Broken:4": 0
            }
          },
          "Damage:2": 0,
          "OreDict:8": ""
        },
        "4:10": {
          "id:8": "TConstruct:travelGlove",
          "Count:3": 1,
          "tag:10": {
            "TinkerAccessory:10": {
              "BaseDurability:4": 500,
              "Built:4": 1,
              "Damage:4": 0,
              "BonusDurability:4": 0,
              "Modifiers:4": 5,
              "TotalDurability:4": 500,
              "ModDurability:6": 0.0,
              "Broken:4": 0
            }
          },
          "Damage:2": 0,
          "OreDict:8": ""
        },
        "5:10": {
          "id:8": "TConstruct:travelBoots",
          "Count:3": 1,
          "tag:10": {
            "TinkerArmor:10": {
              "BaseDurability:4": 1035,
              "BaseDefense:6": 2.0,
              "Built:4": 1,
              "MaxDefense:6": 6.0,
              "Damage:4": 0,
              "BonusDurability:4": 0,
              "Modifiers:4": 3,
              "TotalDurability:4": 1035,
              "ModDurability:6": 0.0,
              "DamageReduction:6": 0.0,
              "Broken:4": 0
            }
          },
          "Damage:2": 0,
          "OreDict:8": ""
        }
      },
      "taskID:8": "bq_standard:retrieval"
    }
  },
  "rewards:9": {
    "0:10": {
      "rewardID:8": "bq_standard:choice",
      "index:3": 0,
      "choices:9": {
        "0:10": {
          "id:8": "harvestcraft:hardenedleatherItem",
          "Count:3": 32,
          "Damage:2": 0,
          "OreDict:8": ""
        },
        "1:10": {
          "id:8": "gregtech:gt.metaitem.01",
          "Count:3": 16,
          "Damage:2": 17500,
          "OreDict:8": ""
        },
        "2:10": {
          "id:8": "IC2:itemPartCircuitAdv",
          "Count:3": 2,
          "Damage:2": 0,
          "OreDict:8": ""
        },
        "3:10": {
          "id:8": "enhancedlootbags:lootbag",
          "Count:3": 4,
          "Damage:2": 5,
          "OreDict:8": ""
        }
      }
    },
    "1:10": {
      "rewardID:8": "bq_standard:item",
      "index:3": 1,
      "rewards:9": {
        "0:10": {
          "id:8": "dreamcraft:item.CoinSmithI",
          "Count:3": 5,
          "Damage:2": 0,
          "OreDict:8": ""
        },
        "1:10": {
          "id:8": "dreamcraft:item.CoinSurvivorI",
          "Count:3": 5,
          "Damage:2": 0,
          "OreDict:8": ""
        }
      }
    }
  }
}