{
  "questIDHigh:4": 0,
  "preRequisites:9": {
    "0:10": {
      "questIDHigh:4": 0,
      "questIDLow:4": 424
    }
  },
  "questIDLow:4": 438,
  "properties:10": {
    "betterquesting:10": {
      "snd_complete:8": "random.levelup",
      "taskLogic:8": "AND",
      "partySingleReward:1": 0,
      "visibility:8": "NORMAL",
      "isMain:1": 0,
      "simultaneous:1": 0,
      "icon:10": {
        "id:8": "AWWayofTime:AlchemicalWizardrytile.blockSpellParadigm",
        "Count:3": 1,
        "Damage:2": 0,
        "OreDict:8": ""
      },
      "snd_update:8": "random.levelup",
      "repeatTime:3": -1,
      "globalShare:1": 1,
      "questLogic:8": "AND",
      "repeat_relative:1": 1,
      "name:8": "Complex Spell System",
      "isGlobal:1": 0,
      "lockedProgress:1": 0,
      "autoClaim:1": 0,
      "isSilent:1": 0,
      "desc:8": "Unlike the simple spells with foci and paradigm, the complex spell system is incredibly...complex. There are way too much combinations to cover them here, so it\u0027s advised to look for the knowledge in other places. However, with the items from this quest, you are able to craft a simple mining spell."
    }
  },
  "tasks:9": {
    "0:10": {
      "partialMatch:1": 1,
      "autoConsume:1": 0,
      "groupDetect:1": 0,
      "ignoreNBT:1": 0,
      "index:3": 0,
      "consume:1": 0,
      "requiredItems:9": {
        "0:10": {
          "id:8": "AWWayofTime:AlchemicalWizardrytile.blockSpellParadigm",
          "Count:3": 1,
          "Damage:2": 0,
          "OreDict:8": ""
        }
      },
      "taskID:8": "bq_standard:retrieval"
    },
    "1:10": {
      "partialMatch:1": 1,
      "autoConsume:1": 0,
      "groupDetect:1": 0,
      "ignoreNBT:1": 0,
      "index:3": 1,
      "consume:1": 0,
      "requiredItems:9": {
        "0:10": {
          "id:8": "AWWayofTime:AlchemicalWizardrytile.blockSpellEffect",
          "Count:3": 1,
          "Damage:2": 3,
          "OreDict:8": ""
        }
      },
      "taskID:8": "bq_standard:retrieval"
    },
    "2:10": {
      "partialMatch:1": 1,
      "autoConsume:1": 0,
      "groupDetect:1": 0,
      "ignoreNBT:1": 0,
      "index:3": 2,
      "consume:1": 0,
      "requiredItems:9": {
        "0:10": {
          "id:8": "AWWayofTime:AlchemicalWizardrytile.blockSpellModifier",
          "Count:3": 1,
          "Damage:2": 3,
          "OreDict:8": ""
        }
      },
      "taskID:8": "bq_standard:retrieval"
    },
    "3:10": {
      "partialMatch:1": 1,
      "autoConsume:1": 0,
      "groupDetect:1": 0,
      "ignoreNBT:1": 0,
      "index:3": 3,
      "consume:1": 0,
      "requiredItems:9": {
        "0:10": {
          "id:8": "AWWayofTime:AlchemicalWizardrytile.blockSpellEnhancement",
          "Count:3": 1,
          "Damage:2": 0,
          "OreDict:8": ""
        },
        "1:10": {
          "id:8": "AWWayofTime:AlchemicalWizardrytile.blockSpellEnhancement",
          "Count:3": 1,
          "Damage:2": 10,
          "OreDict:8": ""
        }
      },
      "taskID:8": "bq_standard:retrieval"
    },
    "4:10": {
      "partialMatch:1": 1,
      "autoConsume:1": 0,
      "groupDetect:1": 0,
      "ignoreNBT:1": 0,
      "index:3": 4,
      "consume:1": 0,
      "requiredItems:9": {
        "0:10": {
          "id:8": "AWWayofTime:itemComplexSpellCrystal",
          "Count:3": 1,
          "Damage:2": 0,
          "OreDict:8": ""
        }
      },
      "taskID:8": "bq_standard:retrieval"
    }
  },
  "rewards:9": {
    "0:10": {
      "rewardID:8": "bq_standard:choice",
      "index:3": 0,
      "choices:9": {
        "0:10": {
          "id:8": "AWWayofTime:incendium",
          "Count:3": 8,
          "Damage:2": 0,
          "OreDict:8": ""
        },
        "1:10": {
          "id:8": "AWWayofTime:aquasalus",
          "Count:3": 8,
          "Damage:2": 0,
          "OreDict:8": ""
        },
        "2:10": {
          "id:8": "enhancedlootbags:lootbag",
          "Count:3": 1,
          "Damage:2": 17,
          "OreDict:8": ""
        }
      }
    },
    "1:10": {
      "rewardID:8": "bq_standard:item",
      "index:3": 1,
      "rewards:9": {
        "0:10": {
          "id:8": "dreamcraft:item.CoinBloodII",
          "Count:3": 2,
          "Damage:2": 0,
          "OreDict:8": ""
        }
      }
    }
  }
}