{
  "questIDHigh:4": 0,
  "preRequisites:9": {
    "0:10": {
      "questIDHigh:4": 0,
      "questIDLow:4": 707
    },
    "1:10": {
      "questIDHigh:4": 0,
      "questIDLow:4": 710
    }
  },
  "questIDLow:4": 714,
  "properties:10": {
    "betterquesting:10": {
      "snd_complete:8": "random.levelup",
      "taskLogic:8": "AND",
      "partySingleReward:1": 0,
      "visibility:8": "NORMAL",
      "isMain:1": 1,
      "simultaneous:1": 0,
      "icon:10": {
        "id:8": "AWWayofTime:blockCrystalBelljar",
        "Count:3": 1,
        "tag:10": {
          "reagentTanks:9": {
            "0:10": {
              "amount:4": 16000,
              "Reagent:8": "magicales",
              "capacity:4": 16000
            }
          }
        },
        "Damage:2": 0,
        "OreDict:8": ""
      },
      "snd_update:8": "random.levelup",
      "repeatTime:3": -1,
      "globalShare:1": 1,
      "questLogic:8": "AND",
      "repeat_relative:1": 1,
      "name:8": "Convocation of the Damned",
      "isGlobal:1": 0,
      "lockedProgress:1": 0,
      "autoClaim:1": 0,
      "isSilent:1": 0,
      "desc:8": "Time to open a portal to the Demonic Realm. What could possibly go wrong? (It\u0027s recommended to do this ritual on a space dim, as the demon city will spread quite a bit...)\n\nIt\u0027s complicated to explain, so check a wiki for details on how to actually do it. Remember you need to have 15M LP, so you\u0027ll need 13 Runes of the Orb to start it. Also, you need the Alchemic Calcinator and the other tools in the upper left of the BM thaumcraft tab for working with the belljars.\n\n[note]The OW is now blacklisted for the portal. Too many people did not follow the recommendation and servers had to suffer under it.[/note]"
    }
  },
  "tasks:9": {
    "0:10": {
      "partialMatch:1": 1,
      "autoConsume:1": 0,
      "groupDetect:1": 0,
      "ignoreNBT:1": 0,
      "index:3": 0,
      "consume:1": 0,
      "requiredItems:9": {
        "0:10": {
          "id:8": "AWWayofTime:blockCrystalBelljar",
          "Count:3": 1,
          "tag:10": {
            "reagentTanks:9": {
              "0:10": {
                "amount:4": 16000,
                "Reagent:8": "magicales",
                "capacity:4": 16000
              }
            }
          },
          "Damage:2": 0,
          "OreDict:8": ""
        },
        "1:10": {
          "id:8": "AWWayofTime:blockCrystalBelljar",
          "Count:3": 1,
          "tag:10": {
            "reagentTanks:9": {
              "0:10": {
                "amount:4": 16000,
                "Reagent:8": "potentia",
                "capacity:4": 16000
              }
            }
          },
          "Damage:2": 0,
          "OreDict:8": ""
        },
        "2:10": {
          "id:8": "AWWayofTime:blockCrystalBelljar",
          "Count:3": 1,
          "tag:10": {
            "reagentTanks:9": {
              "0:10": {
                "amount:4": 16000,
                "Reagent:8": "incendium",
                "capacity:4": 16000
              }
            }
          },
          "Damage:2": 0,
          "OreDict:8": ""
        },
        "3:10": {
          "id:8": "AWWayofTime:blockCrystalBelljar",
          "Count:3": 1,
          "tag:10": {
            "reagentTanks:9": {
              "0:10": {
                "amount:4": 16000,
                "Reagent:8": "terrae",
                "capacity:4": 16000
              }
            }
          },
          "Damage:2": 0,
          "OreDict:8": ""
        },
        "4:10": {
          "id:8": "AWWayofTime:blockCrystalBelljar",
          "Count:3": 1,
          "tag:10": {
            "reagentTanks:9": {
              "0:10": {
                "amount:4": 16000,
                "Reagent:8": "tenebrae",
                "capacity:4": 16000
              }
            }
          },
          "Damage:2": 0,
          "OreDict:8": ""
        },
        "5:10": {
          "id:8": "AWWayofTime:blockCrystalBelljar",
          "Count:3": 1,
          "tag:10": {
            "reagentTanks:9": {
              "0:10": {
                "amount:4": 16000,
                "Reagent:8": "sanctus",
                "capacity:4": 16000
              }
            }
          },
          "Damage:2": 0,
          "OreDict:8": ""
        },
        "6:10": {
          "id:8": "AWWayofTime:blockCrystalBelljar",
          "Count:3": 1,
          "tag:10": {
            "reagentTanks:9": {
              "0:10": {
                "amount:4": 16000,
                "Reagent:8": "aether",
                "capacity:4": 16000
              }
            }
          },
          "Damage:2": 0,
          "OreDict:8": ""
        },
        "7:10": {
          "id:8": "AWWayofTime:blockCrystalBelljar",
          "Count:3": 1,
          "tag:10": {
            "reagentTanks:9": {
              "0:10": {
                "amount:4": 16000,
                "Reagent:8": "aquasalus",
                "capacity:4": 16000
              }
            }
          },
          "Damage:2": 0,
          "OreDict:8": ""
        }
      },
      "taskID:8": "bq_standard:retrieval"
    },
    "1:10": {
      "partialMatch:1": 1,
      "autoConsume:1": 0,
      "groupDetect:1": 0,
      "ignoreNBT:1": 0,
      "index:3": 1,
      "consume:1": 0,
      "requiredItems:9": {
        "0:10": {
          "id:8": "AWWayofTime:ritualStone",
          "Count:3": 128,
          "Damage:2": 0,
          "OreDict:8": ""
        }
      },
      "taskID:8": "bq_standard:retrieval"
    },
    "2:10": {
      "partialMatch:1": 1,
      "autoConsume:1": 0,
      "groupDetect:1": 0,
      "ignoreNBT:1": 1,
      "index:3": 2,
      "consume:1": 0,
      "requiredItems:9": {
        "0:10": {
          "id:8": "AWWayofTime:activationCrystal",
          "Count:3": 1,
          "Damage:2": 1,
          "OreDict:8": ""
        }
      },
      "taskID:8": "bq_standard:optional_retrieval"
    }
  },
  "rewards:9": {
    "0:10": {
      "rewardID:8": "bq_standard:item",
      "index:3": 0,
      "rewards:9": {
        "0:10": {
          "id:8": "AWWayofTime:demonicSlate",
          "Count:3": 8,
          "Damage:2": 0,
          "OreDict:8": ""
        },
        "1:10": {
          "id:8": "enhancedlootbags:lootbag",
          "Count:3": 1,
          "Damage:2": 18,
          "OreDict:8": ""
        }
      }
    },
    "1:10": {
      "rewardID:8": "bq_standard:item",
      "index:3": 1,
      "rewards:9": {
        "0:10": {
          "id:8": "dreamcraft:item.CoinBloodIII",
          "Count:3": 1,
          "Damage:2": 0,
          "OreDict:8": ""
        }
      }
    }
  }
}