{
  "questIDHigh:4": 0,
  "preRequisites:9": {
    "0:10": {
      "questIDHigh:4": 0,
      "questIDLow:4": 703
    }
  },
  "questIDLow:4": 715,
  "properties:10": {
    "betterquesting:10": {
      "snd_complete:8": "random.levelup",
      "taskLogic:8": "AND",
      "partySingleReward:1": 0,
      "visibility:8": "NORMAL",
      "isMain:1": 0,
      "simultaneous:1": 0,
      "icon:10": {
        "id:8": "AWWayofTime:AlchemicalWizardrytile.blockSpellEnhancement",
        "Count:3": 1,
        "Damage:2": 13,
        "OreDict:8": ""
      },
      "snd_update:8": "random.levelup",
      "repeatTime:3": -1,
      "globalShare:1": 1,
      "questLogic:8": "AND",
      "repeat_relative:1": 1,
      "name:8": "Imbued Spell Upgrades",
      "isGlobal:1": 0,
      "lockedProgress:1": 0,
      "autoClaim:1": 0,
      "isSilent:1": 0,
      "desc:8": "With these new shards you\u0027re able to craft the most powerful spell components. Maybe it\u0027s time to upgrade your mining spell?"
    }
  },
  "tasks:9": {
    "0:10": {
      "partialMatch:1": 1,
      "autoConsume:1": 0,
      "groupDetect:1": 0,
      "ignoreNBT:1": 0,
      "index:3": 0,
      "consume:1": 0,
      "requiredItems:9": {
        "0:10": {
          "id:8": "AWWayofTime:AlchemicalWizardrytile.blockSpellEnhancement",
          "Count:3": 1,
          "Damage:2": 3,
          "OreDict:8": ""
        },
        "1:10": {
          "id:8": "AWWayofTime:AlchemicalWizardrytile.blockSpellEnhancement",
          "Count:3": 1,
          "Damage:2": 8,
          "OreDict:8": ""
        },
        "2:10": {
          "id:8": "AWWayofTime:AlchemicalWizardrytile.blockSpellEnhancement",
          "Count:3": 1,
          "Damage:2": 13,
          "OreDict:8": ""
        }
      },
      "taskID:8": "bq_standard:retrieval"
    }
  },
  "rewards:9": {
    "0:10": {
      "rewardID:8": "bq_standard:item",
      "index:3": 0,
      "rewards:9": {
        "0:10": {
          "id:8": "AWWayofTime:bloodMagicBaseItems",
          "Count:3": 4,
          "Damage:2": 29,
          "OreDict:8": ""
        },
        "1:10": {
          "id:8": "AWWayofTime:bloodMagicBaseItems",
          "Count:3": 4,
          "Damage:2": 28,
          "OreDict:8": ""
        },
        "2:10": {
          "id:8": "enhancedlootbags:lootbag",
          "Count:3": 1,
          "Damage:2": 18,
          "OreDict:8": ""
        }
      }
    },
    "1:10": {
      "rewardID:8": "bq_standard:item",
      "index:3": 1,
      "rewards:9": {
        "0:10": {
          "id:8": "dreamcraft:item.CoinBloodII",
          "Count:3": 5,
          "Damage:2": 0,
          "OreDict:8": ""
        }
      }
    }
  }
}