[
  {
    "machine": "ae2_inscriber",
    "recipeType": "Inscribe",
    "itemInputs": [
      {
        "id": "appliedenergistics2:item.ItemMultiMaterial:10",
        "displayName": "Pure Certus Quartz Crystal",
        "amount": 1
      },
      {
        "id": "appliedenergistics2:item.ItemMultiMaterial:13",
        "displayName": "Inscriber Calculation Press",
        "amount": 1
      }
    ],
    "fluidInputs": [],
    "itemOutputs": [
      {
        "id": "appliedenergistics2:item.ItemMultiMaterial:16",
        "displayName": "Printed Calculation Circuit",
        "amount": 1
      }
    ],
    "fluidOutputs": []
  },
  {
    "machine": "ae2_inscriber",
    "recipeType": "Inscribe",
    "itemInputs": [
      {
        "id": "gregtech:gt.metaitem.01:17856",
        "displayName": "Silicon Solar Grade (Poly SI) Plate",
        "amount": 1
      },
      {
        "id": "appliedenergistics2:item.ItemMultiMaterial:19",
        "displayName": "Inscriber Silicon Press",
        "amount": 1
      }
    ],
    "fluidInputs": [],
    "itemOutputs": [
      {
        "id": "appliedenergistics2:item.ItemMultiMaterial:20",
        "displayName": "Printed Silicon",
        "amount": 1
      }
    ],
    "fluidOutputs": []
  },
  {
    "machine": "ae2_inscriber",
    "recipeType": "Inscribe",
    "itemInputs": [
      {
        "id": "minecraft:iron_block:0",
        "displayName": "Block of Iron",
        "amount": 1
      },
      {
        "id": "thaumicbases:oldIron:0",
        "displayName": "Ancient Iron Block",
        "amount": 1
      },
      {
        "id": "appliedenergistics2:item.ItemMultiMaterial:19",
        "displayName": "Inscriber Silicon Press",
        "amount": 1
      }
    ],
    "fluidInputs": [],
    "itemOutputs": [
      {
        "id": "appliedenergistics2:item.ItemMultiMaterial:19",
        "displayName": "Inscriber Silicon Press",
        "amount": 1
      }
    ],
    "fluidOutputs": []
  },
  {
    "machine": "ae2_inscriber",
    "recipeType": "Inscribe",
    "itemInputs": [
      {
        "id": "IC2:itemPlates:3",
        "displayName": "Gold Plate",
        "amount": 1
      },
      {
        "id": "gregtech:gt.metaitem.01:17086",
        "displayName": "Gold Plate",
        "amount": 1
      },
      {
        "id": "appliedenergistics2:item.ItemMultiMaterial:15",
        "displayName": "Inscriber Logic Press",
        "amount": 1
      }
    ],
    "fluidInputs": [],
    "itemOutputs": [
      {
        "id": "appliedenergistics2:item.ItemMultiMaterial:18",
        "displayName": "Printed Logic Circuit",
        "amount": 1
      }
    ],
    "fluidOutputs": []
  },
  {
    "machine": "ae2_inscriber",
    "recipeType": "Inscribe",
    "itemInputs": [
      {
        "id": "minecraft:iron_block:0",
        "displayName": "Block of Iron",
        "amount": 1
      },
      {
        "id": "thaumicbases:oldIron:0",
        "displayName": "Ancient Iron Block",
        "amount": 1
      },
      {
        "id": "appliedenergistics2:item.ItemMultiMaterial:14",
        "displayName": "Inscriber Engineering Press",
        "amount": 1
      }
    ],
    "fluidInputs": [],
    "itemOutputs": [
      {
        "id": "appliedenergistics2:item.ItemMultiMaterial:14",
        "displayName": "Inscriber Engineering Press",
        "amount": 1
      }
    ],
    "fluidOutputs": []
  },
  {
    "machine": "ae2_inscriber",
    "recipeType": "Inscribe",
    "itemInputs": [
      {
        "id": "gregtech:gt.metaitem.01:17516",
        "displayName": "Certus Quartz Plate",
        "amount": 1
      },
      {
        "id": "appliedenergistics2:item.ItemMultiMaterial:13",
        "displayName": "Inscriber Calculation Press",
        "amount": 1
      }
    ],
    "fluidInputs": [],
    "itemOutputs": [
      {
        "id": "appliedenergistics2:item.ItemMultiMaterial:16",
        "displayName": "Printed Calculation Circuit",
        "amount": 1
      }
    ],
    "fluidOutputs": []
  },
  {
    "machine": "ae2_inscriber",
    "recipeType": "Inscribe",
    "itemInputs": [
      {
        "id": "minecraft:iron_block:0",
        "displayName": "Block of Iron",
        "amount": 1
      },
      {
        "id": "thaumicbases:oldIron:0",
        "displayName": "Ancient Iron Block",
        "amount": 1
      },
      {
        "id": "appliedenergistics2:item.ItemMultiMaterial:13",
        "displayName": "Inscriber Calculation Press",
        "amount": 1
      }
    ],
    "fluidInputs": [],
    "itemOutputs": [
      {
        "id": "appliedenergistics2:item.ItemMultiMaterial:13",
        "displayName": "Inscriber Calculation Press",
        "amount": 1
      }
    ],
    "fluidOutputs": []
  },
  {
    "machine": "ae2_inscriber",
    "recipeType": "Inscribe",
    "itemInputs": [
      {
        "id": "gregtech:gt.metaitem.01:17500",
        "displayName": "Diamond Plate",
        "amount": 1
      },
      {
        "id": "appliedenergistics2:item.ItemMultiMaterial:14",
        "displayName": "Inscriber Engineering Press",
        "amount": 1
      }
    ],
    "fluidInputs": [],
    "itemOutputs": [
      {
        "id": "appliedenergistics2:item.ItemMultiMaterial:17",
        "displayName": "Printed Engineering Circuit",
        "amount": 1
      }
    ],
    "fluidOutputs": []
  },
  {
    "machine": "ae2_inscriber",
    "recipeType": "Press",
    "itemInputs": [
      {
        "id": "minecraft:redstone:0",
        "displayName": "Redstone",
        "amount": 1
      },
      {
        "id": "appliedenergistics2:item.ItemMultiMaterial:16",
        "displayName": "Printed Calculation Circuit",
        "amount": 1
      },
      {
        "id": "appliedenergistics2:item.ItemMultiMaterial:20",
        "displayName": "Printed Silicon",
        "amount": 1
      }
    ],
    "fluidInputs": [],
    "itemOutputs": [
      {
        "id": "appliedenergistics2:item.ItemMultiMaterial:23",
        "displayName": "Calculation Processor",
        "amount": 1
      }
    ],
    "fluidOutputs": []
  },
  {
    "machine": "ae2_inscriber",
    "recipeType": "Inscribe",
    "itemInputs": [
      {
        "id": "minecraft:iron_block:0",
        "displayName": "Block of Iron",
        "amount": 1
      },
      {
        "id": "thaumicbases:oldIron:0",
        "displayName": "Ancient Iron Block",
        "amount": 1
      },
      {
        "id": "appliedenergistics2:item.ItemMultiMaterial:15",
        "displayName": "Inscriber Logic Press",
        "amount": 1
      }
    ],
    "fluidInputs": [],
    "itemOutputs": [
      {
        "id": "appliedenergistics2:item.ItemMultiMaterial:15",
        "displayName": "Inscriber Logic Press",
        "amount": 1
      }
    ],
    "fluidOutputs": []
  },
  {
    "machine": "ae2_inscriber",
    "recipeType": "Press",
    "itemInputs": [
      {
        "id": "minecraft:redstone:0",
        "displayName": "Redstone",
        "amount": 1
      },
      {
        "id": "appliedenergistics2:item.ItemMultiMaterial:18",
        "displayName": "Printed Logic Circuit",
        "amount": 1
      },
      {
        "id": "appliedenergistics2:item.ItemMultiMaterial:20",
        "displayName": "Printed Silicon",
        "amount": 1
      }
    ],
    "fluidInputs": [],
    "itemOutputs": [
      {
        "id": "appliedenergistics2:item.ItemMultiMaterial:22",
        "displayName": "Logic Processor",
        "amount": 1
      }
    ],
    "fluidOutputs": []
  },
  {
    "machine": "ae2_inscriber",
    "recipeType": "Press",
    "itemInputs": [
      {
        "id": "minecraft:redstone:0",
        "displayName": "Redstone",
        "amount": 1
      },
      {
        "id": "appliedenergistics2:item.ItemMultiMaterial:17",
        "displayName": "Printed Engineering Circuit",
        "amount": 1
      },
      {
        "id": "appliedenergistics2:item.ItemMultiMaterial:20",
        "displayName": "Printed Silicon",
        "amount": 1
      }
    ],
    "fluidInputs": [],
    "itemOutputs": [
      {
        "id": "appliedenergistics2:item.ItemMultiMaterial:24",
        "displayName": "Engineering Processor",
        "amount": 1
      }
    ],
    "fluidOutputs": []
  }
]