[
  {
    "machine": "bw.fuels.acidgens",
    "recipeType": "gt_machine",
    "specialValue": 36,
    "itemInputs": [
      {
        "id": "gregtech:gt.metaitem.01:30689",
        "displayName": "Phosphoric Acid Cell",
        "amount": 1
      }
    ],
    "fluidInputs": [],
    "itemOutputs": [
      {
        "id": "IC2:itemCellEmpty:0",
        "displayName": "Empty Cell",
        "amount": 1
      }
    ],
    "fluidOutputs": []
  },
  {
    "machine": "bw.fuels.acidgens",
    "recipeType": "gt_machine",
    "specialValue": 14,
    "itemInputs": [
      {
        "id": "gregtech:gt.metaitem.01:30606",
        "displayName": "Diluted Hydrochloric Acid Cell",
        "amount": 1
      }
    ],
    "fluidInputs": [],
    "itemOutputs": [
      {
        "id": "IC2:itemCellEmpty:0",
        "displayName": "Empty Cell",
        "amount": 1
      }
    ],
    "fluidOutputs": []
  },
  {
    "machine": "bw.fuels.acidgens",
    "recipeType": "gt_machine",
    "specialValue": 30,
    "itemInputs": [
      {
        "id": "gregtech:gt.metaitem.01:30684",
        "displayName": "Hypochlorous Acid Cell",
        "amount": 1
      }
    ],
    "fluidInputs": [],
    "itemOutputs": [
      {
        "id": "IC2:itemCellEmpty:0",
        "displayName": "Empty Cell",
        "amount": 1
      }
    ],
    "fluidOutputs": []
  },
  {
    "machine": "bw.fuels.acidgens",
    "recipeType": "gt_machine",
    "specialValue": 40,
    "itemInputs": [
      {
        "id": "gregtech:gt.metaitem.01:30667",
        "displayName": "Hydrofluoric Acid Cell",
        "amount": 1
      }
    ],
    "fluidInputs": [],
    "itemOutputs": [
      {
        "id": "IC2:itemCellEmpty:0",
        "displayName": "Empty Cell",
        "amount": 1
      }
    ],
    "fluidOutputs": []
  },
  {
    "machine": "bw.fuels.acidgens",
    "recipeType": "gt_machine",
    "specialValue": 28,
    "itemInputs": [
      {
        "id": "gregtech:gt.metaitem.01:30683",
        "displayName": "Hydrochloric Acid Cell",
        "amount": 1
      }
    ],
    "fluidInputs": [],
    "itemOutputs": [
      {
        "id": "IC2:itemCellEmpty:0",
        "displayName": "Empty Cell",
        "amount": 1
      }
    ],
    "fluidOutputs": []
  },
  {
    "machine": "bw.fuels.acidgens",
    "recipeType": "gt_machine",
    "specialValue": 24,
    "itemInputs": [
      {
        "id": "gregtech:gt.metaitem.01:30653",
        "displayName": "Nitric Acid Cell",
        "amount": 1
      }
    ],
    "fluidInputs": [],
    "itemOutputs": [
      {
        "id": "IC2:itemCellEmpty:0",
        "displayName": "Empty Cell",
        "amount": 1
      }
    ],
    "fluidOutputs": []
  },
  {
    "machine": "bw.fuels.acidgens",
    "recipeType": "gt_machine",
    "specialValue": 32,
    "itemInputs": [
      {
        "id": "gregtech:gt.metaitem.01:30087",
        "displayName": "Mercury Cell",
        "amount": 1
      }
    ],
    "fluidInputs": [],
    "itemOutputs": [
      {
        "id": "IC2:itemCellEmpty:0",
        "displayName": "Empty Cell",
        "amount": 1
      }
    ],
    "fluidOutputs": []
  },
  {
    "machine": "bw.fuels.acidgens",
    "recipeType": "gt_machine",
    "specialValue": 9,
    "itemInputs": [
      {
        "id": "gregtech:gt.metaitem.01:30640",
        "displayName": "Diluted Sulfuric Acid Cell",
        "amount": 1
      }
    ],
    "fluidInputs": [],
    "itemOutputs": [
      {
        "id": "IC2:itemCellEmpty:0",
        "displayName": "Empty Cell",
        "amount": 1
      }
    ],
    "fluidOutputs": []
  },
  {
    "machine": "bw.fuels.acidgens",
    "recipeType": "gt_machine",
    "specialValue": 18,
    "itemInputs": [
      {
        "id": "gregtech:gt.metaitem.01:30720",
        "displayName": "Sulfuric Acid Cell",
        "amount": 1
      }
    ],
    "fluidInputs": [],
    "itemOutputs": [
      {
        "id": "IC2:itemCellEmpty:0",
        "displayName": "Empty Cell",
        "amount": 1
      }
    ],
    "fluidOutputs": []
  },
  {
    "machine": "bw.fuels.acidgens",
    "recipeType": "gt_machine",
    "specialValue": 11,
    "itemInputs": [
      {
        "id": "gregtech:gt.metaitem.01:30670",
        "displayName": "Acetic Acid Cell",
        "amount": 1
      }
    ],
    "fluidInputs": [],
    "itemOutputs": [
      {
        "id": "IC2:itemCellEmpty:0",
        "displayName": "Empty Cell",
        "amount": 1
      }
    ],
    "fluidOutputs": []
  },
  {
    "machine": "bw.fuels.acidgens",
    "recipeType": "gt_machine",
    "specialValue": 40,
    "itemInputs": [
      {
        "id": "bartworks:gt.bwMetaGeneratedcell:58",
        "displayName": "Formic Acid Cell",
        "amount": 1
      }
    ],
    "fluidInputs": [],
    "itemOutputs": [
      {
        "id": "IC2:itemCellEmpty:0",
        "displayName": "Empty Cell",
        "amount": 1
      }
    ],
    "fluidOutputs": []
  },
  {
    "machine": "bw.fuels.acidgens",
    "recipeType": "gt_machine",
    "specialValue": 10,
    "itemInputs": [
      {
        "id": "gregtech:gt.metaitem.99:810",
        "displayName": "Molten Redstone Cell",
        "amount": 1
      }
    ],
    "fluidInputs": [],
    "itemOutputs": [
      {
        "id": "IC2:itemCellEmpty:0",
        "displayName": "Empty Cell",
        "amount": 1
      }
    ],
    "fluidOutputs": []
  }
]