[
  {
    "machine": "bw.recipe.radhatch",
    "recipeType": "gt_machine",
    "euPerTick": 90,
    "duration": 1,
    "specialValue": 1975,
    "itemInputs": [
      {
        "id": "bartworks:gt.bwMetaGeneratedstick:30",
        "displayName": "Thorium 232 Rod",
        "amount": 1
      }
    ],
    "fluidInputs": [],
    "itemOutputs": [],
    "fluidOutputs": []
  },
  {
    "machine": "bw.recipe.radhatch",
    "recipeType": "gt_machine",
    "euPerTick": 90,
    "duration": 2,
    "specialValue": 1975,
    "itemInputs": [
      {
        "id": "bartworks:gt.bwMetaGeneratedstickLong:30",
        "displayName": "Long Thorium 232 Rod",
        "amount": 1
      }
    ],
    "fluidInputs": [],
    "itemOutputs": [],
    "fluidOutputs": []
  },
  {
    "machine": "bw.recipe.radhatch",
    "recipeType": "gt_machine",
    "euPerTick": 200,
    "duration": 1,
    "specialValue": 34,
    "itemInputs": [
      {
        "id": "bartworks:gt.bwMetaGeneratedstick:10024",
        "displayName": "Extremely Unstable Naquadah Rod",
        "amount": 1
      }
    ],
    "fluidInputs": [],
    "itemOutputs": [],
    "fluidOutputs": []
  },
  {
    "machine": "bw.recipe.radhatch",
    "recipeType": "gt_machine",
    "euPerTick": 200,
    "duration": 2,
    "specialValue": 34,
    "itemInputs": [
      {
        "id": "bartworks:gt.bwMetaGeneratedstickLong:10024",
        "displayName": "Long Extremely Unstable Naquadah Rod",
        "amount": 1
      }
    ],
    "fluidInputs": [],
    "itemOutputs": [],
    "fluidOutputs": []
  },
  {
    "machine": "bw.recipe.radhatch",
    "recipeType": "gt_machine",
    "euPerTick": 95,
    "duration": 1,
    "specialValue": 1198,
    "itemInputs": [
      {
        "id": "gregtech:gt.metaitem.01:23103",
        "displayName": "Americium Rod",
        "amount": 1
      }
    ],
    "fluidInputs": [],
    "itemOutputs": [],
    "fluidOutputs": []
  },
  {
    "machine": "bw.recipe.radhatch",
    "recipeType": "gt_machine",
    "euPerTick": 95,
    "duration": 2,
    "specialValue": 1198,
    "itemInputs": [
      {
        "id": "gregtech:gt.metaitem.02:22103",
        "displayName": "Long Americium Rod",
        "amount": 1
      }
    ],
    "fluidInputs": [],
    "itemOutputs": [],
    "fluidOutputs": []
  },
  {
    "machine": "bw.recipe.radhatch",
    "recipeType": "gt_machine",
    "euPerTick": 83,
    "duration": 1,
    "specialValue": 3976,
    "itemInputs": [
      {
        "id": "gregtech:gt.metaitem.01:23090",
        "displayName": "Bismuth Rod",
        "amount": 1
      }
    ],
    "fluidInputs": [],
    "itemOutputs": [],
    "fluidOutputs": []
  },
  {
    "machine": "bw.recipe.radhatch",
    "recipeType": "gt_machine",
    "euPerTick": 83,
    "duration": 2,
    "specialValue": 3976,
    "itemInputs": [
      {
        "id": "gregtech:gt.metaitem.02:22090",
        "displayName": "Long Bismuth Rod",
        "amount": 1
      }
    ],
    "fluidInputs": [],
    "itemOutputs": [],
    "fluidOutputs": []
  },
  {
    "machine": "bw.recipe.radhatch",
    "recipeType": "gt_machine",
    "euPerTick": 94,
    "duration": 1,
    "specialValue": 1324,
    "itemInputs": [
      {
        "id": "gregtech:gt.metaitem.01:23100",
        "displayName": "Plutonium 239 Rod",
        "amount": 1
      }
    ],
    "fluidInputs": [],
    "itemOutputs": [],
    "fluidOutputs": []
  },
  {
    "machine": "bw.recipe.radhatch",
    "recipeType": "gt_machine",
    "euPerTick": 94,
    "duration": 2,
    "specialValue": 1324,
    "itemInputs": [
      {
        "id": "gregtech:gt.metaitem.02:22100",
        "displayName": "Long Plutonium 239 Rod",
        "amount": 1
      }
    ],
    "fluidInputs": [],
    "itemOutputs": [],
    "fluidOutputs": []
  },
  {
    "machine": "bw.recipe.radhatch",
    "recipeType": "gt_machine",
    "euPerTick": 94,
    "duration": 1,
    "specialValue": 1324,
    "itemInputs": [
      {
        "id": "gregtech:gt.metaitem.01:23101",
        "displayName": "Plutonium 241 Rod",
        "amount": 1
      }
    ],
    "fluidInputs": [],
    "itemOutputs": [],
    "fluidOutputs": []
  },
  {
    "machine": "bw.recipe.radhatch",
    "recipeType": "gt_machine",
    "euPerTick": 94,
    "duration": 2,
    "specialValue": 1324,
    "itemInputs": [
      {
        "id": "gregtech:gt.metaitem.02:22101",
        "displayName": "Long Plutonium 241 Rod",
        "amount": 1
      }
    ],
    "fluidInputs": [],
    "itemOutputs": [],
    "fluidOutputs": []
  },
  {
    "machine": "bw.recipe.radhatch",
    "recipeType": "gt_machine",
    "euPerTick": 90,
    "duration": 1,
    "specialValue": 1975,
    "itemInputs": [
      {
        "id": "gregtech:gt.metaitem.01:23096",
        "displayName": "Thorium Rod",
        "amount": 1
      }
    ],
    "fluidInputs": [],
    "itemOutputs": [],
    "fluidOutputs": []
  },
  {
    "machine": "bw.recipe.radhatch",
    "recipeType": "gt_machine",
    "euPerTick": 90,
    "duration": 2,
    "specialValue": 1975,
    "itemInputs": [
      {
        "id": "gregtech:gt.metaitem.02:22096",
        "displayName": "Long Thorium Rod",
        "amount": 1
      }
    ],
    "fluidInputs": [],
    "itemOutputs": [],
    "fluidOutputs": []
  },
  {
    "machine": "bw.recipe.radhatch",
    "recipeType": "gt_machine",
    "euPerTick": 92,
    "duration": 1,
    "specialValue": 1617,
    "itemInputs": [
      {
        "id": "gregtech:gt.metaitem.01:23098",
        "displayName": "Uranium 238 Rod",
        "amount": 1
      }
    ],
    "fluidInputs": [],
    "itemOutputs": [],
    "fluidOutputs": []
  },
  {
    "machine": "bw.recipe.radhatch",
    "recipeType": "gt_machine",
    "euPerTick": 92,
    "duration": 2,
    "specialValue": 1617,
    "itemInputs": [
      {
        "id": "gregtech:gt.metaitem.02:22098",
        "displayName": "Long Uranium 238 Rod",
        "amount": 1
      }
    ],
    "fluidInputs": [],
    "itemOutputs": [],
    "fluidOutputs": []
  },
  {
    "machine": "bw.recipe.radhatch",
    "recipeType": "gt_machine",
    "euPerTick": 92,
    "duration": 1,
    "specialValue": 1617,
    "itemInputs": [
      {
        "id": "gregtech:gt.metaitem.01:23097",
        "displayName": "Uranium 235 Rod",
        "amount": 1
      }
    ],
    "fluidInputs": [],
    "itemOutputs": [],
    "fluidOutputs": []
  },
  {
    "machine": "bw.recipe.radhatch",
    "recipeType": "gt_machine",
    "euPerTick": 92,
    "duration": 2,
    "specialValue": 1617,
    "itemInputs": [
      {
        "id": "gregtech:gt.metaitem.02:22097",
        "displayName": "Long Uranium 235 Rod",
        "amount": 1
      }
    ],
    "fluidInputs": [],
    "itemOutputs": [],
    "fluidOutputs": []
  },
  {
    "machine": "bw.recipe.radhatch",
    "recipeType": "gt_machine",
    "euPerTick": 114,
    "duration": 1,
    "specialValue": 466,
    "itemInputs": [
      {
        "id": "gregtech:gt.metaitem.01:23984",
        "displayName": "Flerovium Rod",
        "amount": 1
      }
    ],
    "fluidInputs": [],
    "itemOutputs": [],
    "fluidOutputs": []
  },
  {
    "machine": "bw.recipe.radhatch",
    "recipeType": "gt_machine",
    "euPerTick": 114,
    "duration": 2,
    "specialValue": 466,
    "itemInputs": [
      {
        "id": "gregtech:gt.metaitem.02:22984",
        "displayName": "Long Flerovium Rod",
        "amount": 1
      }
    ],
    "fluidInputs": [],
    "itemOutputs": [],
    "fluidOutputs": []
  },
  {
    "machine": "bw.recipe.radhatch",
    "recipeType": "gt_machine",
    "euPerTick": 98,
    "duration": 1,
    "specialValue": 888,
    "itemInputs": [
      {
        "id": "bartworks:gt.bwMetaGeneratedstick:39",
        "displayName": "Californium Rod",
        "amount": 1
      }
    ],
    "fluidInputs": [],
    "itemOutputs": [],
    "fluidOutputs": []
  },
  {
    "machine": "bw.recipe.radhatch",
    "recipeType": "gt_machine",
    "euPerTick": 98,
    "duration": 2,
    "specialValue": 888,
    "itemInputs": [
      {
        "id": "bartworks:gt.bwMetaGeneratedstickLong:39",
        "displayName": "Long Californium Rod",
        "amount": 1
      }
    ],
    "fluidInputs": [],
    "itemOutputs": [],
    "fluidOutputs": []
  },
  {
    "machine": "bw.recipe.radhatch",
    "recipeType": "gt_machine",
    "euPerTick": 123,
    "duration": 1,
    "specialValue": 356,
    "itemInputs": [
      {
        "id": "bartworks:gt.bwMetaGeneratedstick:89",
        "displayName": "Tiberium Rod",
        "amount": 1
      }
    ],
    "fluidInputs": [],
    "itemOutputs": [],
    "fluidOutputs": []
  },
  {
    "machine": "bw.recipe.radhatch",
    "recipeType": "gt_machine",
    "euPerTick": 123,
    "duration": 2,
    "specialValue": 356,
    "itemInputs": [
      {
        "id": "bartworks:gt.bwMetaGeneratedstickLong:89",
        "displayName": "Long Tiberium Rod",
        "amount": 1
      }
    ],
    "fluidInputs": [],
    "itemOutputs": [],
    "fluidOutputs": []
  },
  {
    "machine": "bw.recipe.radhatch",
    "recipeType": "gt_machine",
    "euPerTick": 130,
    "duration": 1,
    "specialValue": 288,
    "itemInputs": [
      {
        "id": "gregtech:gt.metaitem.01:23324",
        "displayName": "Naquadah Rod",
        "amount": 1
      }
    ],
    "fluidInputs": [],
    "itemOutputs": [],
    "fluidOutputs": []
  },
  {
    "machine": "bw.recipe.radhatch",
    "recipeType": "gt_machine",
    "euPerTick": 130,
    "duration": 2,
    "specialValue": 288,
    "itemInputs": [
      {
        "id": "gregtech:gt.metaitem.02:22324",
        "displayName": "Long Naquadah Rod",
        "amount": 1
      }
    ],
    "fluidInputs": [],
    "itemOutputs": [],
    "fluidOutputs": []
  },
  {
    "machine": "bw.recipe.radhatch",
    "recipeType": "gt_machine",
    "euPerTick": 140,
    "duration": 1,
    "specialValue": 213,
    "itemInputs": [
      {
        "id": "gregtech:gt.metaitem.01:23326",
        "displayName": "Enriched Naquadah Rod",
        "amount": 1
      }
    ],
    "fluidInputs": [],
    "itemOutputs": [],
    "fluidOutputs": []
  },
  {
    "machine": "bw.recipe.radhatch",
    "recipeType": "gt_machine",
    "euPerTick": 140,
    "duration": 2,
    "specialValue": 213,
    "itemInputs": [
      {
        "id": "gregtech:gt.metaitem.02:22326",
        "displayName": "Long Enriched Naquadah Rod",
        "amount": 1
      }
    ],
    "fluidInputs": [],
    "itemOutputs": [],
    "fluidOutputs": []
  },
  {
    "machine": "bw.recipe.radhatch",
    "recipeType": "gt_machine",
    "euPerTick": 150,
    "duration": 1,
    "specialValue": 157,
    "itemInputs": [
      {
        "id": "gregtech:gt.metaitem.01:23327",
        "displayName": "Naquadria Rod",
        "amount": 1
      }
    ],
    "fluidInputs": [],
    "itemOutputs": [],
    "fluidOutputs": []
  },
  {
    "machine": "bw.recipe.radhatch",
    "recipeType": "gt_machine",
    "euPerTick": 150,
    "duration": 2,
    "specialValue": 157,
    "itemInputs": [
      {
        "id": "gregtech:gt.metaitem.02:22327",
        "displayName": "Long Naquadria Rod",
        "amount": 1
      }
    ],
    "fluidInputs": [],
    "itemOutputs": [],
    "fluidOutputs": []
  },
  {
    "machine": "bw.recipe.radhatch",
    "recipeType": "gt_machine",
    "euPerTick": 90,
    "duration": 3,
    "specialValue": 1975,
    "itemInputs": [
      {
        "id": "gregtech:gt.Thoriumcell:0",
        "displayName": "Fuel Rod (Thorium)",
        "amount": 1
      }
    ],
    "fluidInputs": [],
    "itemOutputs": [],
    "fluidOutputs": []
  },
  {
    "machine": "bw.recipe.radhatch",
    "recipeType": "gt_machine",
    "euPerTick": 90,
    "duration": 6,
    "specialValue": 1975,
    "itemInputs": [
      {
        "id": "gregtech:gt.Double_Thoriumcell:0",
        "displayName": "Dual Fuel Rod (Thorium)",
        "amount": 1
      }
    ],
    "fluidInputs": [],
    "itemOutputs": [],
    "fluidOutputs": []
  },
  {
    "machine": "bw.recipe.radhatch",
    "recipeType": "gt_machine",
    "euPerTick": 90,
    "duration": 12,
    "specialValue": 1975,
    "itemInputs": [
      {
        "id": "gregtech:gt.Quad_Thoriumcell:0",
        "displayName": "Quad Fuel Rod (Thorium)",
        "amount": 1
      }
    ],
    "fluidInputs": [],
    "itemOutputs": [],
    "fluidOutputs": []
  },
  {
    "machine": "bw.recipe.radhatch",
    "recipeType": "gt_machine",
    "euPerTick": 140,
    "duration": 3,
    "specialValue": 213,
    "itemInputs": [
      {
        "id": "gregtech:gt.Naquadahcell:0",
        "displayName": "Fuel Rod (Naquadah)",
        "amount": 1
      }
    ],
    "fluidInputs": [],
    "itemOutputs": [],
    "fluidOutputs": []
  },
  {
    "machine": "bw.recipe.radhatch",
    "recipeType": "gt_machine",
    "euPerTick": 140,
    "duration": 6,
    "specialValue": 213,
    "itemInputs": [
      {
        "id": "gregtech:gt.Double_Naquadahcell:0",
        "displayName": "Dual Fuel Rod (Naquadah)",
        "amount": 1
      }
    ],
    "fluidInputs": [],
    "itemOutputs": [],
    "fluidOutputs": []
  },
  {
    "machine": "bw.recipe.radhatch",
    "recipeType": "gt_machine",
    "euPerTick": 140,
    "duration": 12,
    "specialValue": 213,
    "itemInputs": [
      {
        "id": "gregtech:gt.Quad_Naquadahcell:0",
        "displayName": "Quad Fuel Rod (Naquadah)",
        "amount": 1
      }
    ],
    "fluidInputs": [],
    "itemOutputs": [],
    "fluidOutputs": []
  },
  {
    "machine": "bw.recipe.radhatch",
    "recipeType": "gt_machine",
    "euPerTick": 94,
    "duration": 3,
    "specialValue": 1324,
    "itemInputs": [
      {
        "id": "gregtech:gt.reactorMOXSimple:0",
        "displayName": "Fuel Rod (Mox)",
        "amount": 1
      }
    ],
    "fluidInputs": [],
    "itemOutputs": [],
    "fluidOutputs": []
  },
  {
    "machine": "bw.recipe.radhatch",
    "recipeType": "gt_machine",
    "euPerTick": 94,
    "duration": 6,
    "specialValue": 1324,
    "itemInputs": [
      {
        "id": "gregtech:gt.reactorMOXDual:0",
        "displayName": "Dual Fuel Rod (Mox)",
        "amount": 1
      }
    ],
    "fluidInputs": [],
    "itemOutputs": [],
    "fluidOutputs": []
  },
  {
    "machine": "bw.recipe.radhatch",
    "recipeType": "gt_machine",
    "euPerTick": 94,
    "duration": 12,
    "specialValue": 1324,
    "itemInputs": [
      {
        "id": "gregtech:gt.reactorMOXQuad:0",
        "displayName": "Quad Fuel Rod (Mox)",
        "amount": 1
      }
    ],
    "fluidInputs": [],
    "itemOutputs": [],
    "fluidOutputs": []
  },
  {
    "machine": "bw.recipe.radhatch",
    "recipeType": "gt_machine",
    "euPerTick": 92,
    "duration": 3,
    "specialValue": 1617,
    "itemInputs": [
      {
        "id": "gregtech:gt.reactorUraniumSimple:0",
        "displayName": "Fuel Rod (Uranium)",
        "amount": 1
      }
    ],
    "fluidInputs": [],
    "itemOutputs": [],
    "fluidOutputs": []
  },
  {
    "machine": "bw.recipe.radhatch",
    "recipeType": "gt_machine",
    "euPerTick": 92,
    "duration": 6,
    "specialValue": 1617,
    "itemInputs": [
      {
        "id": "gregtech:gt.reactorUraniumDual:0",
        "displayName": "Dual Fuel Rod (Uranium)",
        "amount": 1
      }
    ],
    "fluidInputs": [],
    "itemOutputs": [],
    "fluidOutputs": []
  },
  {
    "machine": "bw.recipe.radhatch",
    "recipeType": "gt_machine",
    "euPerTick": 92,
    "duration": 12,
    "specialValue": 1617,
    "itemInputs": [
      {
        "id": "gregtech:gt.reactorUraniumQuad:0",
        "displayName": "Quad Fuel Rod (Uranium)",
        "amount": 1
      }
    ],
    "fluidInputs": [],
    "itemOutputs": [],
    "fluidOutputs": []
  },
  {
    "machine": "bw.recipe.radhatch",
    "recipeType": "gt_machine",
    "euPerTick": 123,
    "duration": 3,
    "specialValue": 356,
    "itemInputs": [
      {
        "id": "bartworks:gt.Tiberiumcell:0",
        "displayName": "Fuel Rod (Tiberium)",
        "amount": 1
      }
    ],
    "fluidInputs": [],
    "itemOutputs": [],
    "fluidOutputs": []
  },
  {
    "machine": "bw.recipe.radhatch",
    "recipeType": "gt_machine",
    "euPerTick": 123,
    "duration": 6,
    "specialValue": 356,
    "itemInputs": [
      {
        "id": "bartworks:gt.Double_Tiberiumcell:0",
        "displayName": "Dual Fuel Rod (Tiberium)",
        "amount": 1
      }
    ],
    "fluidInputs": [],
    "itemOutputs": [],
    "fluidOutputs": []
  },
  {
    "machine": "bw.recipe.radhatch",
    "recipeType": "gt_machine",
    "euPerTick": 123,
    "duration": 12,
    "specialValue": 356,
    "itemInputs": [
      {
        "id": "bartworks:gt.Quad_Tiberiumcell:0",
        "displayName": "Quad Fuel Rod (Tiberium)",
        "amount": 1
      }
    ],
    "fluidInputs": [],
    "itemOutputs": [],
    "fluidOutputs": []
  },
  {
    "machine": "bw.recipe.radhatch",
    "recipeType": "gt_machine",
    "euPerTick": 140,
    "duration": 96,
    "specialValue": 213,
    "itemInputs": [
      {
        "id": "bartworks:gt.Core_Reactor_Cell:0",
        "displayName": "\"The Core\" Cell",
        "amount": 1
      }
    ],
    "fluidInputs": [],
    "itemOutputs": [],
    "fluidOutputs": []
  },
  {
    "machine": "bw.recipe.radhatch",
    "recipeType": "gt_machine",
    "euPerTick": 9,
    "duration": 3,
    "specialValue": 4624808,
    "itemInputs": [
      {
        "id": "gregtech:gt.ThoriumcellDep:0",
        "displayName": "Fuel Rod (Depleted Thorium)",
        "amount": 1
      }
    ],
    "fluidInputs": [],
    "itemOutputs": [],
    "fluidOutputs": []
  },
  {
    "machine": "bw.recipe.radhatch",
    "recipeType": "gt_machine",
    "euPerTick": 9,
    "duration": 6,
    "specialValue": 4624808,
    "itemInputs": [
      {
        "id": "gregtech:gt.Double_ThoriumcellDep:0",
        "displayName": "Dual Fuel Rod (Depleted Thorium)",
        "amount": 1
      }
    ],
    "fluidInputs": [],
    "itemOutputs": [],
    "fluidOutputs": []
  },
  {
    "machine": "bw.recipe.radhatch",
    "recipeType": "gt_machine",
    "euPerTick": 9,
    "duration": 12,
    "specialValue": 4624808,
    "itemInputs": [
      {
        "id": "gregtech:gt.Quad_ThoriumcellDep:0",
        "displayName": "Quad Fuel Rod (Depleted Thorium)",
        "amount": 1
      }
    ],
    "fluidInputs": [],
    "itemOutputs": [],
    "fluidOutputs": []
  },
  {
    "machine": "bw.recipe.radhatch",
    "recipeType": "gt_machine",
    "euPerTick": 14,
    "duration": 3,
    "specialValue": 3165058,
    "itemInputs": [
      {
        "id": "gregtech:gt.NaquadahcellDep:0",
        "displayName": "Fuel Rod (Depleted Naquadah)",
        "amount": 1
      }
    ],
    "fluidInputs": [],
    "itemOutputs": [],
    "fluidOutputs": []
  },
  {
    "machine": "bw.recipe.radhatch",
    "recipeType": "gt_machine",
    "euPerTick": 14,
    "duration": 6,
    "specialValue": 3165058,
    "itemInputs": [
      {
        "id": "gregtech:gt.Double_NaquadahcellDep:0",
        "displayName": "Dual Fuel Rod (Depleted Naquadah)",
        "amount": 1
      }
    ],
    "fluidInputs": [],
    "itemOutputs": [],
    "fluidOutputs": []
  },
  {
    "machine": "bw.recipe.radhatch",
    "recipeType": "gt_machine",
    "euPerTick": 14,
    "duration": 12,
    "specialValue": 3165058,
    "itemInputs": [
      {
        "id": "gregtech:gt.Quad_NaquadahcellDep:0",
        "displayName": "Quad Fuel Rod (Depleted Naquadah)",
        "amount": 1
      }
    ],
    "fluidInputs": [],
    "itemOutputs": [],
    "fluidOutputs": []
  },
  {
    "machine": "bw.recipe.radhatch",
    "recipeType": "gt_machine",
    "euPerTick": 9,
    "duration": 3,
    "specialValue": 4624808,
    "itemInputs": [
      {
        "id": "IC2:reactorMOXSimpledepleted:0",
        "displayName": "Fuel Rod (Depleted MOX)",
        "amount": 1
      }
    ],
    "fluidInputs": [],
    "itemOutputs": [],
    "fluidOutputs": []
  },
  {
    "machine": "bw.recipe.radhatch",
    "recipeType": "gt_machine",
    "euPerTick": 9,
    "duration": 6,
    "specialValue": 4624808,
    "itemInputs": [
      {
        "id": "IC2:reactorMOXDualdepleted:0",
        "displayName": "Dual Fuel Rod (Depleted MOX)",
        "amount": 1
      }
    ],
    "fluidInputs": [],
    "itemOutputs": [],
    "fluidOutputs": []
  },
  {
    "machine": "bw.recipe.radhatch",
    "recipeType": "gt_machine",
    "euPerTick": 9,
    "duration": 12,
    "specialValue": 4624808,
    "itemInputs": [
      {
        "id": "IC2:reactorMOXQuaddepleted:0",
        "displayName": "Quad Fuel Rod (Depleted MOX)",
        "amount": 1
      }
    ],
    "fluidInputs": [],
    "itemOutputs": [],
    "fluidOutputs": []
  },
  {
    "machine": "bw.recipe.radhatch",
    "recipeType": "gt_machine",
    "euPerTick": 9,
    "duration": 3,
    "specialValue": 4624808,
    "itemInputs": [
      {
        "id": "IC2:reactorUraniumSimpledepleted:0",
        "displayName": "Fuel Rod (Depleted Uranium)",
        "amount": 1
      }
    ],
    "fluidInputs": [],
    "itemOutputs": [],
    "fluidOutputs": []
  },
  {
    "machine": "bw.recipe.radhatch",
    "recipeType": "gt_machine",
    "euPerTick": 9,
    "duration": 6,
    "specialValue": 4624808,
    "itemInputs": [
      {
        "id": "IC2:reactorUraniumDualdepleted:0",
        "displayName": "Dual Fuel Rod (Depleted Uranium)",
        "amount": 1
      }
    ],
    "fluidInputs": [],
    "itemOutputs": [],
    "fluidOutputs": []
  },
  {
    "machine": "bw.recipe.radhatch",
    "recipeType": "gt_machine",
    "euPerTick": 9,
    "duration": 12,
    "specialValue": 4624808,
    "itemInputs": [
      {
        "id": "IC2:reactorUraniumQuaddepleted:0",
        "displayName": "Quad Fuel Rod (Depleted Uranium)",
        "amount": 1
      }
    ],
    "fluidInputs": [],
    "itemOutputs": [],
    "fluidOutputs": []
  },
  {
    "machine": "bw.recipe.radhatch",
    "recipeType": "gt_machine",
    "euPerTick": 12,
    "duration": 3,
    "specialValue": 3703604,
    "itemInputs": [
      {
        "id": "bartworks:gt.TiberiumcellDep:0",
        "displayName": "Fuel Rod (Depleted Tiberium)",
        "amount": 1
      }
    ],
    "fluidInputs": [],
    "itemOutputs": [],
    "fluidOutputs": []
  },
  {
    "machine": "bw.recipe.radhatch",
    "recipeType": "gt_machine",
    "euPerTick": 12,
    "duration": 6,
    "specialValue": 3703604,
    "itemInputs": [
      {
        "id": "bartworks:gt.Double_TiberiumcellDep:0",
        "displayName": "Dual Fuel Rod (Depleted Tiberium)",
        "amount": 1
      }
    ],
    "fluidInputs": [],
    "itemOutputs": [],
    "fluidOutputs": []
  },
  {
    "machine": "bw.recipe.radhatch",
    "recipeType": "gt_machine",
    "euPerTick": 12,
    "duration": 12,
    "specialValue": 3703604,
    "itemInputs": [
      {
        "id": "bartworks:gt.Quad_TiberiumcellDep:0",
        "displayName": "Quad Fuel Rod (Depleted Tiberium)",
        "amount": 1
      }
    ],
    "fluidInputs": [],
    "itemOutputs": [],
    "fluidOutputs": []
  },
  {
    "machine": "bw.recipe.radhatch",
    "recipeType": "gt_machine",
    "euPerTick": 13,
    "duration": 96,
    "specialValue": 3426641,
    "itemInputs": [
      {
        "id": "bartworks:gt.Core_Reactor_CellDep:0",
        "displayName": "Depleted \"The Core\" Cell",
        "amount": 1
      }
    ],
    "fluidInputs": [],
    "itemOutputs": [],
    "fluidOutputs": []
  },
  {
    "machine": "bw.recipe.radhatch",
    "recipeType": "gt_machine",
    "euPerTick": 150,
    "duration": 3,
    "specialValue": 157,
    "itemInputs": [
      {
        "id": "gregtech:gt.MNqCell:0",
        "displayName": "Fuel Rod (Nq* - MOX like behaviour)",
        "amount": 1
      }
    ],
    "fluidInputs": [],
    "itemOutputs": [],
    "fluidOutputs": []
  },
  {
    "machine": "bw.recipe.radhatch",
    "recipeType": "gt_machine",
    "euPerTick": 150,
    "duration": 6,
    "specialValue": 157,
    "itemInputs": [
      {
        "id": "gregtech:gt.Double_MNqCell:0",
        "displayName": "Dual Fuel Rod (Nq* - MOX like behaviour)",
        "amount": 1
      }
    ],
    "fluidInputs": [],
    "itemOutputs": [],
    "fluidOutputs": []
  },
  {
    "machine": "bw.recipe.radhatch",
    "recipeType": "gt_machine",
    "euPerTick": 150,
    "duration": 12,
    "specialValue": 157,
    "itemInputs": [
      {
        "id": "gregtech:gt.Quad_MNqCell:0",
        "displayName": "Quad Fuel Rod (Nq* - MOX like behaviour)",
        "amount": 1
      }
    ],
    "fluidInputs": [],
    "itemOutputs": [],
    "fluidOutputs": []
  },
  {
    "machine": "bw.recipe.radhatch",
    "recipeType": "gt_machine",
    "euPerTick": 15,
    "duration": 3,
    "specialValue": 2918809,
    "itemInputs": [
      {
        "id": "gregtech:gt.MNqCellDep:0",
        "displayName": "Fuel Rod (Depleted Nq*)",
        "amount": 1
      }
    ],
    "fluidInputs": [],
    "itemOutputs": [],
    "fluidOutputs": []
  },
  {
    "machine": "bw.recipe.radhatch",
    "recipeType": "gt_machine",
    "euPerTick": 15,
    "duration": 6,
    "specialValue": 2918809,
    "itemInputs": [
      {
        "id": "gregtech:gt.Double_MNqCellDep:0",
        "displayName": "Dual Fuel Rod (Depleted Nq*)",
        "amount": 1
      }
    ],
    "fluidInputs": [],
    "itemOutputs": [],
    "fluidOutputs": []
  },
  {
    "machine": "bw.recipe.radhatch",
    "recipeType": "gt_machine",
    "euPerTick": 15,
    "duration": 12,
    "specialValue": 2918809,
    "itemInputs": [
      {
        "id": "gregtech:gt.Quad_MNqCellDep:0",
        "displayName": "Quad Fuel Rod (Depleted Nq*)",
        "amount": 1
      }
    ],
    "fluidInputs": [],
    "itemOutputs": [],
    "fluidOutputs": []
  },
  {
    "machine": "bw.recipe.radhatch",
    "recipeType": "gt_machine",
    "euPerTick": 27,
    "duration": 1,
    "specialValue": 1007574,
    "itemInputs": [
      {
        "id": "miscutils:item.itemRodLFTRFuel3:0",
        "displayName": "LFTR Fuel 3 Rod",
        "amount": 1
      }
    ],
    "fluidInputs": [],
    "itemOutputs": [],
    "fluidOutputs": []
  },
  {
    "machine": "bw.recipe.radhatch",
    "recipeType": "gt_machine",
    "euPerTick": 27,
    "duration": 2,
    "specialValue": 1007574,
    "itemInputs": [
      {
        "id": "miscutils:item.itemRodLongLFTRFuel3:0",
        "displayName": "Long LFTR Fuel 3 Rod",
        "amount": 1
      }
    ],
    "fluidInputs": [],
    "itemOutputs": [],
    "fluidOutputs": []
  },
  {
    "machine": "bw.recipe.radhatch",
    "recipeType": "gt_machine",
    "euPerTick": 51,
    "duration": 1,
    "specialValue": 96957,
    "itemInputs": [
      {
        "id": "miscutils:item.itemRodNeptuniumHexafluoride:0",
        "displayName": "Neptunium Hexafluoride Rod",
        "amount": 1
      }
    ],
    "fluidInputs": [],
    "itemOutputs": [],
    "fluidOutputs": []
  },
  {
    "machine": "bw.recipe.radhatch",
    "recipeType": "gt_machine",
    "euPerTick": 51,
    "duration": 2,
    "specialValue": 96957,
    "itemInputs": [
      {
        "id": "miscutils:item.itemRodLongNeptuniumHexafluoride:0",
        "displayName": "Long Neptunium Hexafluoride Rod",
        "amount": 1
      }
    ],
    "fluidInputs": [],
    "itemOutputs": [],
    "fluidOutputs": []
  },
  {
    "machine": "bw.recipe.radhatch",
    "recipeType": "gt_machine",
    "euPerTick": 26,
    "duration": 1,
    "specialValue": 1106215,
    "itemInputs": [
      {
        "id": "miscutils:item.itemRodTechnetiumHexafluoride:0",
        "displayName": "Technetium Hexafluoride Rod",
        "amount": 1
      }
    ],
    "fluidInputs": [],
    "itemOutputs": [],
    "fluidOutputs": []
  },
  {
    "machine": "bw.recipe.radhatch",
    "recipeType": "gt_machine",
    "euPerTick": 26,
    "duration": 2,
    "specialValue": 1106215,
    "itemInputs": [
      {
        "id": "miscutils:item.itemRodLongTechnetiumHexafluoride:0",
        "displayName": "Long Technetium Hexafluoride Rod",
        "amount": 1
      }
    ],
    "fluidInputs": [],
    "itemOutputs": [],
    "fluidOutputs": []
  },
  {
    "machine": "bw.recipe.radhatch",
    "recipeType": "gt_machine",
    "euPerTick": 92,
    "duration": 1,
    "specialValue": 1617,
    "itemInputs": [
      {
        "id": "miscutils:itemRodUranium232:0",
        "displayName": "Uranium 232 Rod",
        "amount": 1
      }
    ],
    "fluidInputs": [],
    "itemOutputs": [],
    "fluidOutputs": []
  },
  {
    "machine": "bw.recipe.radhatch",
    "recipeType": "gt_machine",
    "euPerTick": 92,
    "duration": 2,
    "specialValue": 1617,
    "itemInputs": [
      {
        "id": "miscutils:itemRodLongUranium232:0",
        "displayName": "Long Uranium 232 Rod",
        "amount": 1
      }
    ],
    "fluidInputs": [],
    "itemOutputs": [],
    "fluidOutputs": []
  },
  {
    "machine": "bw.recipe.radhatch",
    "recipeType": "gt_machine",
    "euPerTick": 32,
    "duration": 1,
    "specialValue": 626652,
    "itemInputs": [
      {
        "id": "miscutils:item.itemRodLFTRFuel1:0",
        "displayName": "LFTR Fuel 1 Rod",
        "amount": 1
      }
    ],
    "fluidInputs": [],
    "itemOutputs": [],
    "fluidOutputs": []
  },
  {
    "machine": "bw.recipe.radhatch",
    "recipeType": "gt_machine",
    "euPerTick": 32,
    "duration": 2,
    "specialValue": 626652,
    "itemInputs": [
      {
        "id": "miscutils:item.itemRodLongLFTRFuel1:0",
        "displayName": "Long LFTR Fuel 1 Rod",
        "amount": 1
      }
    ],
    "fluidInputs": [],
    "itemOutputs": [],
    "fluidOutputs": []
  },
  {
    "machine": "bw.recipe.radhatch",
    "recipeType": "gt_machine",
    "euPerTick": 72,
    "duration": 1,
    "specialValue": 11937,
    "itemInputs": [
      {
        "id": "miscutils:item.itemRodRadioactiveMineralMix:0",
        "displayName": "Radioactive Mineral Mix Rod",
        "amount": 1
      }
    ],
    "fluidInputs": [],
    "itemOutputs": [],
    "fluidOutputs": []
  },
  {
    "machine": "bw.recipe.radhatch",
    "recipeType": "gt_machine",
    "euPerTick": 72,
    "duration": 2,
    "specialValue": 11937,
    "itemInputs": [
      {
        "id": "miscutils:item.itemRodLongRadioactiveMineralMix:0",
        "displayName": "Long Radioactive Mineral Mix Rod",
        "amount": 1
      }
    ],
    "fluidInputs": [],
    "itemOutputs": [],
    "fluidOutputs": []
  },
  {
    "machine": "bw.recipe.radhatch",
    "recipeType": "gt_machine",
    "euPerTick": 94,
    "duration": 1,
    "specialValue": 1324,
    "itemInputs": [
      {
        "id": "miscutils:item.itemRodPlutonium238:0",
        "displayName": "Plutonium-238 Rod",
        "amount": 1
      }
    ],
    "fluidInputs": [],
    "itemOutputs": [],
    "fluidOutputs": []
  },
  {
    "machine": "bw.recipe.radhatch",
    "recipeType": "gt_machine",
    "euPerTick": 94,
    "duration": 2,
    "specialValue": 1324,
    "itemInputs": [
      {
        "id": "miscutils:item.itemRodLongPlutonium238:0",
        "displayName": "Long Plutonium-238 Rod",
        "amount": 1
      }
    ],
    "fluidInputs": [],
    "itemOutputs": [],
    "fluidOutputs": []
  },
  {
    "machine": "bw.recipe.radhatch",
    "recipeType": "gt_machine",
    "euPerTick": 50,
    "duration": 1,
    "specialValue": 107086,
    "itemInputs": [
      {
        "id": "miscutils:item.itemRodUraniumTetrafluoride:0",
        "displayName": "Uranium Tetrafluoride Rod",
        "amount": 1
      }
    ],
    "fluidInputs": [],
    "itemOutputs": [],
    "fluidOutputs": []
  },
  {
    "machine": "bw.recipe.radhatch",
    "recipeType": "gt_machine",
    "euPerTick": 50,
    "duration": 2,
    "specialValue": 107086,
    "itemInputs": [
      {
        "id": "miscutils:item.itemRodLongUraniumTetrafluoride:0",
        "displayName": "Long Uranium Tetrafluoride Rod",
        "amount": 1
      }
    ],
    "fluidInputs": [],
    "itemOutputs": [],
    "fluidOutputs": []
  },
  {
    "machine": "bw.recipe.radhatch",
    "recipeType": "gt_machine",
    "euPerTick": 21,
    "duration": 1,
    "specialValue": 1745550,
    "itemInputs": [
      {
        "id": "miscutils:item.itemRodLFTRFuel2:0",
        "displayName": "LFTR Fuel 2 Rod",
        "amount": 1
      }
    ],
    "fluidInputs": [],
    "itemOutputs": [],
    "fluidOutputs": []
  },
  {
    "machine": "bw.recipe.radhatch",
    "recipeType": "gt_machine",
    "euPerTick": 21,
    "duration": 2,
    "specialValue": 1745550,
    "itemInputs": [
      {
        "id": "miscutils:item.itemRodLongLFTRFuel2:0",
        "displayName": "Long LFTR Fuel 2 Rod",
        "amount": 1
      }
    ],
    "fluidInputs": [],
    "itemOutputs": [],
    "fluidOutputs": []
  },
  {
    "machine": "bw.recipe.radhatch",
    "recipeType": "gt_machine",
    "euPerTick": 43,
    "duration": 1,
    "specialValue": 5000,
    "itemInputs": [
      {
        "id": "miscutils:item.itemRodTechnetium:0",
        "displayName": "Technetium Rod",
        "amount": 1
      }
    ],
    "fluidInputs": [],
    "itemOutputs": [],
    "fluidOutputs": []
  },
  {
    "machine": "bw.recipe.radhatch",
    "recipeType": "gt_machine",
    "euPerTick": 43,
    "duration": 2,
    "specialValue": 5000,
    "itemInputs": [
      {
        "id": "miscutils:item.itemRodLongTechnetium:0",
        "displayName": "Long Technetium Rod",
        "amount": 1
      }
    ],
    "fluidInputs": [],
    "itemOutputs": [],
    "fluidOutputs": []
  },
  {
    "machine": "bw.recipe.radhatch",
    "recipeType": "gt_machine",
    "euPerTick": 93,
    "duration": 1,
    "specialValue": 1463,
    "itemInputs": [
      {
        "id": "miscutils:item.itemRodNeptunium:0",
        "displayName": "Neptunium Rod",
        "amount": 1
      }
    ],
    "fluidInputs": [],
    "itemOutputs": [],
    "fluidOutputs": []
  },
  {
    "machine": "bw.recipe.radhatch",
    "recipeType": "gt_machine",
    "euPerTick": 93,
    "duration": 2,
    "specialValue": 1463,
    "itemInputs": [
      {
        "id": "miscutils:item.itemRodLongNeptunium:0",
        "displayName": "Long Neptunium Rod",
        "amount": 1
      }
    ],
    "fluidInputs": [],
    "itemOutputs": [],
    "fluidOutputs": []
  },
  {
    "machine": "bw.recipe.radhatch",
    "recipeType": "gt_machine",
    "euPerTick": 88,
    "duration": 1,
    "specialValue": 2412,
    "itemInputs": [
      {
        "id": "miscutils:item.itemRodRadium:0",
        "displayName": "Radium Rod",
        "amount": 1
      }
    ],
    "fluidInputs": [],
    "itemOutputs": [],
    "fluidOutputs": []
  },
  {
    "machine": "bw.recipe.radhatch",
    "recipeType": "gt_machine",
    "euPerTick": 88,
    "duration": 2,
    "specialValue": 2412,
    "itemInputs": [
      {
        "id": "miscutils:item.itemRodLongRadium:0",
        "displayName": "Long Radium Rod",
        "amount": 1
      }
    ],
    "fluidInputs": [],
    "itemOutputs": [],
    "fluidOutputs": []
  },
  {
    "machine": "bw.recipe.radhatch",
    "recipeType": "gt_machine",
    "euPerTick": 96,
    "duration": 1,
    "specialValue": 1084,
    "itemInputs": [
      {
        "id": "miscutils:item.itemRodCurium:0",
        "displayName": "Curium Rod",
        "amount": 1
      }
    ],
    "fluidInputs": [],
    "itemOutputs": [],
    "fluidOutputs": []
  },
  {
    "machine": "bw.recipe.radhatch",
    "recipeType": "gt_machine",
    "euPerTick": 96,
    "duration": 2,
    "specialValue": 1084,
    "itemInputs": [
      {
        "id": "miscutils:item.itemRodLongCurium:0",
        "displayName": "Long Curium Rod",
        "amount": 1
      }
    ],
    "fluidInputs": [],
    "itemOutputs": [],
    "fluidOutputs": []
  },
  {
    "machine": "bw.recipe.radhatch",
    "recipeType": "gt_machine",
    "euPerTick": 91,
    "duration": 1,
    "specialValue": 1787,
    "itemInputs": [
      {
        "id": "miscutils:item.itemRodProtactinium:0",
        "displayName": "Protactinium Rod",
        "amount": 1
      }
    ],
    "fluidInputs": [],
    "itemOutputs": [],
    "fluidOutputs": []
  },
  {
    "machine": "bw.recipe.radhatch",
    "recipeType": "gt_machine",
    "euPerTick": 91,
    "duration": 2,
    "specialValue": 1787,
    "itemInputs": [
      {
        "id": "miscutils:item.itemRodLongProtactinium:0",
        "displayName": "Long Protactinium Rod",
        "amount": 1
      }
    ],
    "fluidInputs": [],
    "itemOutputs": [],
    "fluidOutputs": []
  },
  {
    "machine": "bw.recipe.radhatch",
    "recipeType": "gt_machine",
    "euPerTick": 84,
    "duration": 1,
    "specialValue": 3598,
    "itemInputs": [
      {
        "id": "miscutils:item.itemRodPolonium:0",
        "displayName": "Polonium Rod",
        "amount": 1
      }
    ],
    "fluidInputs": [],
    "itemOutputs": [],
    "fluidOutputs": []
  },
  {
    "machine": "bw.recipe.radhatch",
    "recipeType": "gt_machine",
    "euPerTick": 84,
    "duration": 2,
    "specialValue": 3598,
    "itemInputs": [
      {
        "id": "miscutils:item.itemRodLongPolonium:0",
        "displayName": "Long Polonium Rod",
        "amount": 1
      }
    ],
    "fluidInputs": [],
    "itemOutputs": [],
    "fluidOutputs": []
  },
  {
    "machine": "bw.recipe.radhatch",
    "recipeType": "gt_machine",
    "euPerTick": 92,
    "duration": 1,
    "specialValue": 1617,
    "itemInputs": [
      {
        "id": "miscutils:itemRodUranium233:0",
        "displayName": "Uranium 233 Rod",
        "amount": 1
      }
    ],
    "fluidInputs": [],
    "itemOutputs": [],
    "fluidOutputs": []
  },
  {
    "machine": "bw.recipe.radhatch",
    "recipeType": "gt_machine",
    "euPerTick": 92,
    "duration": 2,
    "specialValue": 1617,
    "itemInputs": [
      {
        "id": "miscutils:itemRodLongUranium233:0",
        "displayName": "Long Uranium 233 Rod",
        "amount": 1
      }
    ],
    "fluidInputs": [],
    "itemOutputs": [],
    "fluidOutputs": []
  },
  {
    "machine": "bw.recipe.radhatch",
    "recipeType": "gt_machine",
    "euPerTick": 100,
    "duration": 1,
    "specialValue": 727,
    "itemInputs": [
      {
        "id": "miscutils:item.itemRodFermium:0",
        "displayName": "Fermium Rod",
        "amount": 1
      }
    ],
    "fluidInputs": [],
    "itemOutputs": [],
    "fluidOutputs": []
  },
  {
    "machine": "bw.recipe.radhatch",
    "recipeType": "gt_machine",
    "euPerTick": 100,
    "duration": 2,
    "specialValue": 727,
    "itemInputs": [
      {
        "id": "miscutils:item.itemRodLongFermium:0",
        "displayName": "Long Fermium Rod",
        "amount": 1
      }
    ],
    "fluidInputs": [],
    "itemOutputs": [],
    "fluidOutputs": []
  },
  {
    "machine": "bw.recipe.radhatch",
    "recipeType": "gt_machine",
    "euPerTick": 6,
    "duration": 1,
    "specialValue": 5669500,
    "itemInputs": [
      {
        "id": "miscutils:item.itemRodLithiumTetrafluoroberyllateLFTB:0",
        "displayName": "Lithium Tetrafluoroberyllate (LFTB) Rod",
        "amount": 1
      }
    ],
    "fluidInputs": [],
    "itemOutputs": [],
    "fluidOutputs": []
  },
  {
    "machine": "bw.recipe.radhatch",
    "recipeType": "gt_machine",
    "euPerTick": 6,
    "duration": 2,
    "specialValue": 5669500,
    "itemInputs": [
      {
        "id": "miscutils:item.itemRodLongLithiumTetrafluoroberyllateLFTB:0",
        "displayName": "Long Lithium Tetrafluoroberyllate (LFTB) Rod",
        "amount": 1
      }
    ],
    "fluidInputs": [],
    "itemOutputs": [],
    "fluidOutputs": []
  }
]