[
  {
    "machine": "bw.recipe.htgr",
    "recipeType": "gt_machine",
    "euPerTick": 30720,
    "duration": 72000,
    "itemInputs": [
      {
        "id": "bartworks:bw.HTGRMaterials:4",
        "displayName": "TRISO pebble (Thorium)",
        "amount": 64
      }
    ],
    "fluidInputs": [],
    "itemOutputs": [
      {
        "id": "bartworks:bw.HTGRMaterials:5",
        "displayName": "Burned out TRISO Ball (Thorium)",
        "amount": 1
      }
    ],
    "fluidOutputs": []
  },
  {
    "machine": "bw.recipe.htgr",
    "recipeType": "gt_machine",
    "euPerTick": 30720,
    "duration": 72000,
    "itemInputs": [
      {
        "id": "bartworks:bw.HTGRMaterials:11",
        "displayName": "TRISO pebble (Uranium)",
        "amount": 64
      }
    ],
    "fluidInputs": [],
    "itemOutputs": [
      {
        "id": "bartworks:bw.HTGRMaterials:12",
        "displayName": "Burned out TRISO Ball (Uranium)",
        "amount": 1
      }
    ],
    "fluidOutputs": []
  },
  {
    "machine": "bw.recipe.htgr",
    "recipeType": "gt_machine",
    "euPerTick": 30720,
    "duration": 72000,
    "itemInputs": [
      {
        "id": "bartworks:bw.HTGRMaterials:18",
        "displayName": "TRISO pebble (Plutonium)",
        "amount": 64
      }
    ],
    "fluidInputs": [],
    "itemOutputs": [
      {
        "id": "bartworks:bw.HTGRMaterials:19",
        "displayName": "Burned out TRISO Ball (Plutonium)",
        "amount": 1
      }
    ],
    "fluidOutputs": []
  }
]