[
  {
    "machine": "forestry_still",
    "recipeType": "still",
    "duration": 25,
    "itemInputs": [],
    "fluidInputs": [
      {
        "id": "resin",
        "displayName": "Resin",
        "amount": 5
      }
    ],
    "itemOutputs": [],
    "fluidOutputs": [
      {
        "id": "turpentine",
        "displayName": "Turpentine",
        "amount": 3
      }
    ]
  },
  {
    "machine": "forestry_still",
    "recipeType": "still",
    "duration": 100,
    "itemInputs": [],
    "fluidInputs": [
      {
        "id": "biomass",
        "displayName": "Biomass",
        "amount": 10
      }
    ],
    "itemOutputs": [],
    "fluidOutputs": [
      {
        "id": "bioethanol",
        "displayName": "Ethanol",
        "amount": 3
      }
    ]
  },
  {
    "machine": "forestry_still",
    "recipeType": "still",
    "duration": 100,
    "itemInputs": [],
    "fluidInputs": [
      {
        "id": "short.mead",
        "displayName": "Short Mead",
        "amount": 10
      }
    ],
    "itemOutputs": [],
    "fluidOutputs": [
      {
        "id": "mead",
        "displayName": "Mead",
        "amount": 5
      }
    ]
  }
]