[
  {
    "machine": "forestry_moistener",
    "recipeType": "moistener",
    "duration": 5000,
    "itemInputs": [
      {
        "id": "minecraft:wheat_seeds:0",
        "displayName": "Seeds",
        "amount": 1
      }
    ],
    "fluidInputs": [],
    "itemOutputs": [
      {
        "id": "minecraft:mycelium:0",
        "displayName": "Mycelium",
        "amount": 1
      }
    ],
    "fluidOutputs": []
  },
  {
    "machine": "forestry_moistener",
    "recipeType": "moistener",
    "duration": 5000,
    "itemInputs": [
      {
        "id": "harvestcraft:oatsseedItem:0",
        "displayName": "Oats Seed",
        "amount": 1
      }
    ],
    "fluidInputs": [],
    "itemOutputs": [
      {
        "id": "minecraft:mycelium:0",
        "displayName": "Mycelium",
        "amount": 1
      }
    ],
    "fluidOutputs": []
  },
  {
    "machine": "forestry_moistener",
    "recipeType": "moistener",
    "duration": 20000,
    "itemInputs": [
      {
        "id": "minecraft:cobblestone:0",
        "displayName": "Cobblestone",
        "amount": 1
      }
    ],
    "fluidInputs": [],
    "itemOutputs": [
      {
        "id": "minecraft:mossy_cobblestone:0",
        "displayName": "Moss Stone",
        "amount": 1
      }
    ],
    "fluidOutputs": []
  },
  {
    "machine": "forestry_moistener",
    "recipeType": "moistener",
    "duration": 5000,
    "itemInputs": [
      {
        "id": "harvestcraft:ryeseedItem:0",
        "displayName": "Rye Seed",
        "amount": 1
      }
    ],
    "fluidInputs": [],
    "itemOutputs": [
      {
        "id": "minecraft:mycelium:0",
        "displayName": "Mycelium",
        "amount": 1
      }
    ],
    "fluidOutputs": []
  },
  {
    "machine": "forestry_moistener",
    "recipeType": "moistener",
    "duration": 20000,
    "itemInputs": [
      {
        "id": "minecraft:stonebrick:0",
        "displayName": "Stone Bricks",
        "amount": 1
      }
    ],
    "fluidInputs": [],
    "itemOutputs": [
      {
        "id": "minecraft:stonebrick:1",
        "displayName": "Mossy Stone Bricks",
        "amount": 1
      }
    ],
    "fluidOutputs": []
  },
  {
    "machine": "forestry_moistener",
    "recipeType": "moistener",
    "duration": 5000,
    "itemInputs": [
      {
        "id": "harvestcraft:barleyseedItem:0",
        "displayName": "Barley Seed",
        "amount": 1
      }
    ],
    "fluidInputs": [],
    "itemOutputs": [
      {
        "id": "minecraft:mycelium:0",
        "displayName": "Mycelium",
        "amount": 1
      }
    ],
    "fluidOutputs": []
  },
  {
    "machine": "forestry_moistener",
    "recipeType": "moistener",
    "duration": 5000,
    "itemInputs": [
      {
        "id": "Natura:barley.seed:0",
        "displayName": "Barley Seeds",
        "amount": 1
      }
    ],
    "fluidInputs": [],
    "itemOutputs": [
      {
        "id": "minecraft:mycelium:0",
        "displayName": "Mycelium",
        "amount": 1
      }
    ],
    "fluidOutputs": []
  }
]