[
  {
    "machine": "gg.recipe.naquadah_fuel_refine_factory",
    "recipeType": "gt_machine",
    "euPerTick": 1100000,
    "duration": 100,
    "specialValue": 1,
    "itemInputs": [
      {
        "id": "bartworks:gt.bwMetaGenerateddust:10024",
        "displayName": "Extremely Unstable Naquadah Dust",
        "amount": 4
      },
      {
        "id": "bartworks:gt.bwMetaGenerateddust:89",
        "displayName": "Tiberium Dust",
        "amount": 27
      },
      {
        "id": "GoodGenerator:highDensityUranium:0",
        "displayName": "High Density Uranium",
        "amount": 2
      },
      {
        "id": "GoodGenerator:highDensityPlutonium:0",
        "displayName": "High Density Plutonium",
        "amount": 1
      }
    ],
    "fluidInputs": [
      {
        "id": "heavy naquadah fuel",
        "displayName": "Heavy Naquadah Fuel",
        "amount": 800
      },
      {
        "id": "light naquadah fuel",
        "displayName": "Light Naquadah Fuel",
        "amount": 1000
      }
    ],
    "itemOutputs": [],
    "fluidOutputs": [
      {
        "id": "naquadah based liquid fuel mkiii",
        "displayName": "Naquadah Based Liquid Fuel MkIII",
        "amount": 100
      }
    ]
  },
  {
    "machine": "gg.recipe.naquadah_fuel_refine_factory",
    "recipeType": "gt_machine",
    "euPerTick": 2100000,
    "duration": 100,
    "specialValue": 1,
    "itemInputs": [
      {
        "id": "bartworks:gt.bwMetaGenerateddust:10024",
        "displayName": "Extremely Unstable Naquadah Dust",
        "amount": 8
      },
      {
        "id": "miscutils:itemDustChromaticGlass:0",
        "displayName": "Chromatic Glass Dust",
        "amount": 9
      },
      {
        "id": "GoodGenerator:highDensityUranium:0",
        "displayName": "High Density Uranium",
        "amount": 2
      },
      {
        "id": "GoodGenerator:highDensityPlutonium:0",
        "displayName": "High Density Plutonium",
        "amount": 1
      }
    ],
    "fluidInputs": [
      {
        "id": "heavy naquadah fuel",
        "displayName": "Heavy Naquadah Fuel",
        "amount": 800
      },
      {
        "id": "light naquadah fuel",
        "displayName": "Light Naquadah Fuel",
        "amount": 1000
      }
    ],
    "itemOutputs": [],
    "fluidOutputs": [
      {
        "id": "naquadah based liquid fuel mkiii",
        "displayName": "Naquadah Based Liquid Fuel MkIII",
        "amount": 200
      }
    ]
  },
  {
    "machine": "gg.recipe.naquadah_fuel_refine_factory",
    "recipeType": "gt_machine",
    "euPerTick": 46000000,
    "duration": 160,
    "specialValue": 2,
    "itemInputs": [
      {
        "id": "bartworks:gt.bwMetaGenerateddust:10024",
        "displayName": "Extremely Unstable Naquadah Dust",
        "amount": 27
      },
      {
        "id": "gregtech:gt.metaitem.01:2506",
        "displayName": "Nether Star Dust",
        "amount": 64
      },
      {
        "id": "gregtech:gt.metaitem.01:2976",
        "displayName": "Awakened Draconium Dust",
        "amount": 64
      },
      {
        "id": "bartworks:gt.bwMetaGenerateddust:10023",
        "displayName": "Orundum Dust",
        "amount": 32
      }
    ],
    "fluidInputs": [
      {
        "id": "naquadah based liquid fuel mkiii",
        "displayName": "Naquadah Based Liquid Fuel MkIII",
        "amount": 2000
      },
      {
        "id": "molten.praseodymium",
        "displayName": "Molten Praseodymium",
        "amount": 9216
      }
    ],
    "itemOutputs": [],
    "fluidOutputs": [
      {
        "id": "naquadah based liquid fuel mkiv",
        "displayName": "Naquadah Based Liquid Fuel MkIV",
        "amount": 250
      }
    ]
  },
  {
    "machine": "gg.recipe.naquadah_fuel_refine_factory",
    "recipeType": "gt_machine",
    "euPerTick": 75000000,
    "duration": 160,
    "specialValue": 2,
    "itemInputs": [
      {
        "id": "bartworks:gt.bwMetaGenerateddust:10024",
        "displayName": "Extremely Unstable Naquadah Dust",
        "amount": 27
      },
      {
        "id": "gregtech:gt.metaitem.01:2395",
        "displayName": "Bedrockium Dust",
        "amount": 64
      },
      {
        "id": "gregtech:gt.metaitem.01:2976",
        "displayName": "Awakened Draconium Dust",
        "amount": 64
      },
      {
        "id": "bartworks:gt.bwMetaGenerateddust:10023",
        "displayName": "Orundum Dust",
        "amount": 64
      }
    ],
    "fluidInputs": [
      {
        "id": "naquadah based liquid fuel mkiii",
        "displayName": "Naquadah Based Liquid Fuel MkIII",
        "amount": 2000
      },
      {
        "id": "molten.hypogen",
        "displayName": "Molten Hypogen",
        "amount": 240
      }
    ],
    "itemOutputs": [],
    "fluidOutputs": [
      {
        "id": "naquadah based liquid fuel mkiv",
        "displayName": "Naquadah Based Liquid Fuel MkIV",
        "amount": 500
      }
    ]
  },
  {
    "machine": "gg.recipe.naquadah_fuel_refine_factory",
    "recipeType": "gt_machine",
    "euPerTick": 350000000,
    "duration": 2,
    "specialValue": 4,
    "itemInputs": [
      {
        "id": "bartworks:gt.bwMetaGenerateddust:10024",
        "displayName": "Extremely Unstable Naquadah Dust",
        "amount": 54
      },
      {
        "id": "bartworks:gt.bwMetaGenerateddust:10023",
        "displayName": "Orundum Dust",
        "amount": 32
      },
      {
        "id": "GoodGenerator:highDensityUranium:0",
        "displayName": "High Density Uranium",
        "amount": 10
      },
      {
        "id": "GoodGenerator:highDensityPlutonium:0",
        "displayName": "High Density Plutonium",
        "amount": 5
      }
    ],
    "fluidInputs": [
      {
        "id": "heavy naquadah fuel",
        "displayName": "Heavy Naquadah Fuel",
        "amount": 4000
      },
      {
        "id": "light naquadah fuel",
        "displayName": "Light Naquadah Fuel",
        "amount": 5000
      },
      {
        "id": "molten.hypogen",
        "displayName": "Molten Hypogen",
        "amount": 120
      },
      {
        "id": "molten.chromaticglass",
        "displayName": "Molten Chromatic Glass",
        "amount": 6480
      }
    ],
    "itemOutputs": [],
    "fluidOutputs": [
      {
        "id": "naquadah based liquid fuel mkiv",
        "displayName": "Naquadah Based Liquid Fuel MkIV",
        "amount": 250
      }
    ]
  },
  {
    "machine": "gg.recipe.naquadah_fuel_refine_factory",
    "recipeType": "gt_machine",
    "euPerTick": 100000000,
    "duration": 200,
    "specialValue": 2,
    "itemInputs": [
      {
        "id": "gregtech:gt.metaitem.01:2397",
        "displayName": "Infinity Dust",
        "amount": 8
      },
      {
        "id": "bartworks:gt.bwMetaGenerateddust:10022",
        "displayName": "Atomic Separation Catalyst Dust",
        "amount": 32
      }
    ],
    "fluidInputs": [
      {
        "id": "naquadah based liquid fuel mkiv",
        "displayName": "Naquadah Based Liquid Fuel MkIV",
        "amount": 2000
      },
      {
        "id": "heavyradox",
        "displayName": "Heavy Radox",
        "amount": 250
      }
    ],
    "itemOutputs": [],
    "fluidOutputs": [
      {
        "id": "naquadah based liquid fuel mkv",
        "displayName": "Naquadah Based Liquid Fuel MkV",
        "amount": 500
      }
    ]
  },
  {
    "machine": "gg.recipe.naquadah_fuel_refine_factory",
    "recipeType": "gt_machine",
    "euPerTick": 300000000,
    "duration": 50,
    "specialValue": 3,
    "itemInputs": [
      {
        "id": "gregtech:gt.metaitem.01:2581",
        "displayName": "Transcendent Metal Dust",
        "amount": 16
      },
      {
        "id": "bartworks:gt.bwMetaGenerateddust:10022",
        "displayName": "Atomic Separation Catalyst Dust",
        "amount": 48
      }
    ],
    "fluidInputs": [
      {
        "id": "naquadah based liquid fuel mkiv",
        "displayName": "Naquadah Based Liquid Fuel MkIV",
        "amount": 2000
      },
      {
        "id": "heavyradox",
        "displayName": "Heavy Radox",
        "amount": 250
      },
      {
        "id": "molten.mellion",
        "displayName": "Molten Mellion",
        "amount": 288
      },
      {
        "id": "molten.creon",
        "displayName": "Molten Creon",
        "amount": 288
      }
    ],
    "itemOutputs": [],
    "fluidOutputs": [
      {
        "id": "naquadah based liquid fuel mkv",
        "displayName": "Naquadah Based Liquid Fuel MkV",
        "amount": 750
      }
    ]
  },
  {
    "machine": "gg.recipe.naquadah_fuel_refine_factory",
    "recipeType": "gt_machine",
    "euPerTick": 320000000,
    "duration": 240,
    "specialValue": 3,
    "itemInputs": [
      {
        "id": "miscutils:itemDustAstralTitanium:0",
        "displayName": "Astral Titanium Dust",
        "amount": 64
      },
      {
        "id": "gregtech:gt.metaitem.01:2329",
        "displayName": "Tritanium Dust",
        "amount": 32
      }
    ],
    "fluidInputs": [
      {
        "id": "naquadah based liquid fuel mkv",
        "displayName": "Naquadah Based Liquid Fuel MkV",
        "amount": 2000
      },
      {
        "id": "molten.shirabon",
        "displayName": "Molten Shirabon",
        "amount": 360
      }
    ],
    "itemOutputs": [],
    "fluidOutputs": [
      {
        "id": "naquadah based liquid fuel mkvi",
        "displayName": "Naquadah Based Liquid Fuel MkVI",
        "amount": 750
      }
    ]
  },
  {
    "machine": "gg.recipe.naquadah_fuel_refine_factory",
    "recipeType": "gt_machine",
    "euPerTick": 503316480,
    "duration": 60,
    "specialValue": 4,
    "itemInputs": [
      {
        "id": "miscutils:itemDustCelestialTungsten:0",
        "displayName": "Celestial Tungsten Dust",
        "amount": 64
      },
      {
        "id": "gregtech:gt.metaitem.01:2329",
        "displayName": "Tritanium Dust",
        "amount": 48
      }
    ],
    "fluidInputs": [
      {
        "id": "naquadah based liquid fuel mkv",
        "displayName": "Naquadah Based Liquid Fuel MkV",
        "amount": 2000
      },
      {
        "id": "molten.shirabon",
        "displayName": "Molten Shirabon",
        "amount": 360
      },
      {
        "id": "rawstarmatter",
        "displayName": "Condensed Raw Stellar Plasma Mixture",
        "amount": 60
      }
    ],
    "itemOutputs": [],
    "fluidOutputs": [
      {
        "id": "naquadah based liquid fuel mkvi",
        "displayName": "Naquadah Based Liquid Fuel MkVI",
        "amount": 1250
      }
    ]
  }
]