[
  {
    "machine": "gg.recipe.naquadah_reactor",
    "recipeType": "gt_machine",
    "duration": 100,
    "specialValue": 12960,
    "itemInputs": [],
    "fluidInputs": [
      {
        "id": "uranium based liquid fuel (excited state)",
        "displayName": "Uranium Based Liquid Fuel (Excited State)",
        "amount": 1
      }
    ],
    "itemOutputs": [],
    "fluidOutputs": [
      {
        "id": "uranium based liquid fuel (depleted)",
        "displayName": "Uranium Based Liquid Fuel (Depleted)",
        "amount": 1
      }
    ]
  },
  {
    "machine": "gg.recipe.naquadah_reactor",
    "recipeType": "gt_machine",
    "duration": 500,
    "specialValue": 2200,
    "itemInputs": [],
    "fluidInputs": [
      {
        "id": "thorium based liquid fuel (excited state)",
        "displayName": "Thorium Based Liquid Fuel (Excited State)",
        "amount": 1
      }
    ],
    "itemOutputs": [],
    "fluidOutputs": [
      {
        "id": "thorium based liquid fuel (depleted)",
        "displayName": "Thorium Based Liquid Fuel (Depleted)",
        "amount": 1
      }
    ]
  },
  {
    "machine": "gg.recipe.naquadah_reactor",
    "recipeType": "gt_machine",
    "duration": 150,
    "specialValue": 32400,
    "itemInputs": [],
    "fluidInputs": [
      {
        "id": "plutonium based liquid fuel (excited state)",
        "displayName": "Plutonium Based Liquid Fuel (Excited State)",
        "amount": 1
      }
    ],
    "itemOutputs": [],
    "fluidOutputs": [
      {
        "id": "plutonium based liquid fuel (depleted)",
        "displayName": "Plutonium Based Liquid Fuel (Depleted)",
        "amount": 1
      }
    ]
  },
  {
    "machine": "gg.recipe.naquadah_reactor",
    "recipeType": "gt_machine",
    "duration": 60,
    "specialValue": 975000,
    "itemInputs": [],
    "fluidInputs": [
      {
        "id": "naquadah based liquid fuel mki",
        "displayName": "Naquadah Based Liquid Fuel MkI",
        "amount": 1
      }
    ],
    "itemOutputs": [],
    "fluidOutputs": [
      {
        "id": "naquadah based liquid fuel mki (depleted)",
        "displayName": "Naquadah Based Liquid Fuel MkI (Depleted)",
        "amount": 1
      }
    ]
  },
  {
    "machine": "gg.recipe.naquadah_reactor",
    "recipeType": "gt_machine",
    "duration": 70,
    "specialValue": 2300000,
    "itemInputs": [],
    "fluidInputs": [
      {
        "id": "naquadah based liquid fuel mkii",
        "displayName": "Naquadah Based Liquid Fuel MkII",
        "amount": 1
      }
    ],
    "itemOutputs": [],
    "fluidOutputs": [
      {
        "id": "naquadah based liquid fuel mkii (depleted)",
        "displayName": "Naquadah Based Liquid Fuel MkII (Depleted)",
        "amount": 1
      }
    ]
  },
  {
    "machine": "gg.recipe.naquadah_reactor",
    "recipeType": "gt_machine",
    "duration": 80,
    "specialValue": 9511000,
    "itemInputs": [],
    "fluidInputs": [
      {
        "id": "naquadah based liquid fuel mkiii",
        "displayName": "Naquadah Based Liquid Fuel MkIII",
        "amount": 1
      }
    ],
    "itemOutputs": [],
    "fluidOutputs": [
      {
        "id": "naquadah based liquid fuel mkiii (depleted)",
        "displayName": "Naquadah Based Liquid Fuel MkIII (Depleted)",
        "amount": 1
      }
    ]
  },
  {
    "machine": "gg.recipe.naquadah_reactor",
    "recipeType": "gt_machine",
    "duration": 100,
    "specialValue": 88540000,
    "itemInputs": [],
    "fluidInputs": [
      {
        "id": "naquadah based liquid fuel mkiv",
        "displayName": "Naquadah Based Liquid Fuel MkIV",
        "amount": 1
      }
    ],
    "itemOutputs": [],
    "fluidOutputs": [
      {
        "id": "naquadah based liquid fuel mkiv (depleted)",
        "displayName": "Naquadah Based Liquid Fuel MkIV (Depleted)",
        "amount": 1
      }
    ]
  },
  {
    "machine": "gg.recipe.naquadah_reactor",
    "recipeType": "gt_machine",
    "duration": 160,
    "specialValue": 399576000,
    "itemInputs": [],
    "fluidInputs": [
      {
        "id": "naquadah based liquid fuel mkv",
        "displayName": "Naquadah Based Liquid Fuel MkV",
        "amount": 1
      }
    ],
    "itemOutputs": [],
    "fluidOutputs": [
      {
        "id": "naquadah based liquid fuel mkv (depleted)",
        "displayName": "Naquadah Based Liquid Fuel MkV (Depleted)",
        "amount": 1
      }
    ]
  },
  {
    "machine": "gg.recipe.naquadah_reactor",
    "recipeType": "gt_machine",
    "duration": 240,
    "specialValue": 2077795200,
    "itemInputs": [],
    "fluidInputs": [
      {
        "id": "naquadah based liquid fuel mkvi",
        "displayName": "Naquadah Based Liquid Fuel MkVI",
        "amount": 1
      }
    ],
    "itemOutputs": [],
    "fluidOutputs": [
      {
        "id": "naquadah based liquid fuel mkvi (depleted)",
        "displayName": "Naquadah Based Liquid Fuel MkVI (Depleted)",
        "amount": 1
      }
    ]
  }
]