[
  {
    "machine": "gg.recipe.precise_assembler",
    "recipeType": "gt_machine",
    "euPerTick": 120,
    "duration": 40,
    "specialValue": 1,
    "itemInputs": [
      {
        "id": "gregtech:gt.metaitem.03:32100",
        "displayName": "Circuit Board",
        "amount": 1
      },
      {
        "id": "gregtech:gt.metaitem.03:32063",
        "displayName": "Ultra Low Power IC",
        "amount": 1
      },
      {
        "id": "gregtech:gt.metaitem.03:32140",
        "displayName": "Ultra Low Voltage Coil",
        "amount": 2
      },
      {
        "id": "gregtech:gt.metaitem.01:32499",
        "displayName": "Tantalum Capacitor",
        "amount": 1
      }
    ],
    "fluidInputs": [
      {
        "id": "molten.redalloy",
        "displayName": "Molten Red Alloy",
        "amount": 144
      },
      {
        "id": "molten.aluminium",
        "displayName": "Molten Aluminium",
        "amount": 144
      }
    ],
    "itemOutputs": [
      {
        "id": "GoodGenerator:microHeater:0",
        "displayName": "Micro-Heater",
        "amount": 1
      }
    ],
    "fluidOutputs": []
  },
  {
    "machine": "gg.recipe.precise_assembler",
    "recipeType": "gt_machine",
    "euPerTick": 120,
    "duration": 40,
    "specialValue": 1,
    "itemInputs": [
      {
        "id": "GoodGenerator:quartzWafer:0",
        "displayName": "Quartz Wafer",
        "amount": 1
      },
      {
        "id": "GoodGenerator:specialCeramicsPlate:0",
        "displayName": "Special Ceramics Plate",
        "amount": 2
      },
      {
        "id": "GoodGenerator:microHeater:0",
        "displayName": "Micro-Heater",
        "amount": 1
      },
      {
        "id": "gregtech:gt.metaitem.03:32037",
        "displayName": "Integrated Logic Circuit",
        "amount": 4
      }
    ],
    "fluidInputs": [
      {
        "id": "molten.energeticalloy",
        "displayName": "Molten Energetic Alloy",
        "amount": 72
      },
      {
        "id": "molten.silver",
        "displayName": "Molten Silver",
        "amount": 18
      }
    ],
    "itemOutputs": [
      {
        "id": "GoodGenerator:quartzCrystalResonator:0",
        "displayName": "Quartz Crystal Resonator",
        "amount": 1
      }
    ],
    "fluidOutputs": []
  },
  {
    "machine": "gg.recipe.precise_assembler",
    "recipeType": "gt_machine",
    "euPerTick": 7680,
    "duration": 100,
    "specialValue": 1,
    "itemInputs": [
      {
        "id": "GoodGenerator:huiCircuit:1",
        "displayName": "Hi-Computation Station MK-II",
        "amount": 2
      },
      {
        "id": "gregtech:gt.metaitem.01:32683",
        "displayName": "Emitter (EV)",
        "amount": 2
      },
      {
        "id": "GoodGenerator:neutronSource:0",
        "displayName": "Neutron Source",
        "amount": 1
      }
    ],
    "fluidInputs": [
      {
        "id": "molten.stainlesssteel",
        "displayName": "Molten Stainless Steel",
        "amount": 576
      },
      {
        "id": "molten.tungstencarbide",
        "displayName": "Molten Tungstencarbide",
        "amount": 144
      }
    ],
    "itemOutputs": [
      {
        "id": "gregtech:gt.blockmachines:32013",
        "displayName": "Neutron Activator",
        "amount": 1
      }
    ],
    "fluidOutputs": []
  },
  {
    "machine": "gg.recipe.precise_assembler",
    "recipeType": "gt_machine",
    "euPerTick": 30720,
    "duration": 100,
    "specialValue": 1,
    "itemInputs": [
      {
        "id": "GoodGenerator:huiCircuit:0",
        "displayName": "Hi-Computation Station MK-I",
        "amount": 2
      },
      {
        "id": "dreamcraft:item.EngravedDiamondCrystalChip:0",
        "displayName": "Engraved Diamond Crystal Chip",
        "amount": 8
      },
      {
        "id": "gregtech:gt.metaitem.03:32041",
        "displayName": "NAND Memory Chip",
        "amount": 16
      },
      {
        "id": "IC2:reactorVentCore:1",
        "displayName": "Reactor Heat Vent",
        "amount": 1
      }
    ],
    "fluidInputs": [
      {
        "id": "molten.plastic",
        "displayName": "Molten Polyethylene",
        "amount": 288
      },
      {
        "id": "molten.signalium",
        "displayName": "Molten Signalium",
        "amount": 144
      },
      {
        "id": "molten.lumiium",
        "displayName": "Molten Lumiium",
        "amount": 72
      },
      {
        "id": "molten.enderium",
        "displayName": "Molten Enderium",
        "amount": 72
      }
    ],
    "itemOutputs": [
      {
        "id": "GoodGenerator:huiCircuit:1",
        "displayName": "Hi-Computation Station MK-II",
        "amount": 1
      }
    ],
    "fluidOutputs": []
  },
  {
    "machine": "gg.recipe.precise_assembler",
    "recipeType": "gt_machine",
    "euPerTick": 30720,
    "duration": 100,
    "specialValue": 1,
    "itemInputs": [
      {
        "id": "GoodGenerator:huiCircuit:0",
        "displayName": "Hi-Computation Station MK-I",
        "amount": 2
      },
      {
        "id": "dreamcraft:item.EngravedDiamondCrystalChip:0",
        "displayName": "Engraved Diamond Crystal Chip",
        "amount": 8
      },
      {
        "id": "gregtech:gt.metaitem.03:32041",
        "displayName": "NAND Memory Chip",
        "amount": 16
      },
      {
        "id": "gregtech:gt.metaitem.02:21019",
        "displayName": "Aluminium Rotor",
        "amount": 2
      }
    ],
    "fluidInputs": [
      {
        "id": "molten.plastic",
        "displayName": "Molten Polyethylene",
        "amount": 288
      },
      {
        "id": "molten.signalium",
        "displayName": "Molten Signalium",
        "amount": 144
      },
      {
        "id": "molten.lumiium",
        "displayName": "Molten Lumiium",
        "amount": 72
      },
      {
        "id": "molten.enderium",
        "displayName": "Molten Enderium",
        "amount": 72
      }
    ],
    "itemOutputs": [
      {
        "id": "GoodGenerator:huiCircuit:1",
        "displayName": "Hi-Computation Station MK-II",
        "amount": 1
      }
    ],
    "fluidOutputs": []
  },
  {
    "machine": "gg.recipe.precise_assembler",
    "recipeType": "gt_machine",
    "euPerTick": 122880,
    "duration": 100,
    "specialValue": 2,
    "itemInputs": [
      {
        "id": "GoodGenerator:huiCircuit:1",
        "displayName": "Hi-Computation Station MK-II",
        "amount": 2
      },
      {
        "id": "gregtech:gt.metaitem.01:32714",
        "displayName": "Engraved Lapotron Chip",
        "amount": 8
      },
      {
        "id": "gregtech:gt.metaitem.03:32068",
        "displayName": "Raw Advanced Crystal Chip",
        "amount": 1
      },
      {
        "id": "IC2:reactorVentDiamond:1",
        "displayName": "Advanced Heat Vent",
        "amount": 1
      }
    ],
    "fluidInputs": [
      {
        "id": "molten.adamantium alloy",
        "displayName": "Molten Adamantium Alloy",
        "amount": 576
      },
      {
        "id": "molten.signalium",
        "displayName": "Molten Signalium",
        "amount": 288
      },
      {
        "id": "molten.lumiium",
        "displayName": "Molten Lumiium",
        "amount": 144
      },
      {
        "id": "molten.tungstencarbide",
        "displayName": "Molten Tungstencarbide",
        "amount": 72
      }
    ],
    "itemOutputs": [
      {
        "id": "GoodGenerator:huiCircuit:2",
        "displayName": "Hi-Computation Station MK-III",
        "amount": 1
      }
    ],
    "fluidOutputs": []
  },
  {
    "machine": "gg.recipe.precise_assembler",
    "recipeType": "gt_machine",
    "euPerTick": 122880,
    "duration": 100,
    "specialValue": 2,
    "itemInputs": [
      {
        "id": "GoodGenerator:huiCircuit:1",
        "displayName": "Hi-Computation Station MK-II",
        "amount": 2
      },
      {
        "id": "gregtech:gt.metaitem.01:32714",
        "displayName": "Engraved Lapotron Chip",
        "amount": 8
      },
      {
        "id": "gregtech:gt.metaitem.03:32068",
        "displayName": "Raw Advanced Crystal Chip",
        "amount": 1
      },
      {
        "id": "gregtech:gt.metaitem.02:21306",
        "displayName": "Stainless Steel Rotor",
        "amount": 2
      }
    ],
    "fluidInputs": [
      {
        "id": "molten.adamantium alloy",
        "displayName": "Molten Adamantium Alloy",
        "amount": 576
      },
      {
        "id": "molten.signalium",
        "displayName": "Molten Signalium",
        "amount": 288
      },
      {
        "id": "molten.lumiium",
        "displayName": "Molten Lumiium",
        "amount": 144
      },
      {
        "id": "molten.tungstencarbide",
        "displayName": "Molten Tungstencarbide",
        "amount": 72
      }
    ],
    "itemOutputs": [
      {
        "id": "GoodGenerator:huiCircuit:2",
        "displayName": "Hi-Computation Station MK-III",
        "amount": 1
      }
    ],
    "fluidOutputs": []
  },
  {
    "machine": "gg.recipe.precise_assembler",
    "recipeType": "gt_machine",
    "euPerTick": 491520,
    "duration": 100,
    "specialValue": 3,
    "itemInputs": [
      {
        "id": "GoodGenerator:huiCircuit:2",
        "displayName": "Hi-Computation Station MK-III",
        "amount": 2
      },
      {
        "id": "dreamcraft:item.EngravedEnergyChip:0",
        "displayName": "Engraved Energy Chip",
        "amount": 8
      },
      {
        "id": "gregtech:gt.metaitem.03:32057",
        "displayName": "QBit Processing Unit",
        "amount": 16
      },
      {
        "id": "IC2:reactorVentGold:1",
        "displayName": "Overclocked Heat Vent",
        "amount": 1
      }
    ],
    "fluidInputs": [
      {
        "id": "molten.mar-m200 steel",
        "displayName": "Molten MAR-M200 Steel",
        "amount": 1152
      },
      {
        "id": "molten.signalium",
        "displayName": "Molten Signalium",
        "amount": 576
      },
      {
        "id": "molten.lumiium",
        "displayName": "Molten Lumiium",
        "amount": 288
      },
      {
        "id": "molten.artherium-sn",
        "displayName": "Molten Artherium-Sn",
        "amount": 144
      }
    ],
    "itemOutputs": [
      {
        "id": "GoodGenerator:huiCircuit:3",
        "displayName": "Hi-Computation Station MK-IV Prototype",
        "amount": 1
      }
    ],
    "fluidOutputs": []
  },
  {
    "machine": "gg.recipe.precise_assembler",
    "recipeType": "gt_machine",
    "euPerTick": 491520,
    "duration": 100,
    "specialValue": 3,
    "itemInputs": [
      {
        "id": "GoodGenerator:huiCircuit:2",
        "displayName": "Hi-Computation Station MK-III",
        "amount": 2
      },
      {
        "id": "dreamcraft:item.EngravedEnergyChip:0",
        "displayName": "Engraved Energy Chip",
        "amount": 8
      },
      {
        "id": "gregtech:gt.metaitem.03:32057",
        "displayName": "QBit Processing Unit",
        "amount": 16
      },
      {
        "id": "gregtech:gt.metaitem.02:21366",
        "displayName": "Energetic Alloy Rotor",
        "amount": 2
      }
    ],
    "fluidInputs": [
      {
        "id": "molten.mar-m200 steel",
        "displayName": "Molten MAR-M200 Steel",
        "amount": 1152
      },
      {
        "id": "molten.signalium",
        "displayName": "Molten Signalium",
        "amount": 576
      },
      {
        "id": "molten.lumiium",
        "displayName": "Molten Lumiium",
        "amount": 288
      },
      {
        "id": "molten.artherium-sn",
        "displayName": "Molten Artherium-Sn",
        "amount": 144
      }
    ],
    "itemOutputs": [
      {
        "id": "GoodGenerator:huiCircuit:3",
        "displayName": "Hi-Computation Station MK-IV Prototype",
        "amount": 1
      }
    ],
    "fluidOutputs": []
  },
  {
    "machine": "gg.recipe.precise_assembler",
    "recipeType": "gt_machine",
    "euPerTick": 1966080,
    "duration": 100,
    "specialValue": 3,
    "itemInputs": [
      {
        "id": "GoodGenerator:huiCircuit:3",
        "displayName": "Hi-Computation Station MK-IV Prototype",
        "amount": 2
      },
      {
        "id": "dreamcraft:item.EngravedManyullynCrystalChip:0",
        "displayName": "Engraved Manyullyn Crystal Chip",
        "amount": 8
      },
      {
        "id": "gregtech:gt.metaitem.03:32077",
        "displayName": "Bio Processing Unit",
        "amount": 1
      },
      {
        "id": "IC2:reactorVentSpread:0",
        "displayName": "Component Heat Vent",
        "amount": 1
      }
    ],
    "fluidInputs": [
      {
        "id": "molten.tanmolyium beta-c",
        "displayName": "Molten Tanmolyium Beta-C",
        "amount": 1728
      },
      {
        "id": "molten.signalium",
        "displayName": "Molten Signalium",
        "amount": 1152
      },
      {
        "id": "molten.lumiium",
        "displayName": "Molten Lumiium",
        "amount": 576
      },
      {
        "id": "molten.dalisenite",
        "displayName": "Molten Dalisenite",
        "amount": 288
      }
    ],
    "itemOutputs": [
      {
        "id": "GoodGenerator:huiCircuit:4",
        "displayName": "Hi-Computation Station MK-V Finaltype",
        "amount": 1
      }
    ],
    "fluidOutputs": []
  },
  {
    "machine": "gg.recipe.precise_assembler",
    "recipeType": "gt_machine",
    "euPerTick": 1966080,
    "duration": 100,
    "specialValue": 3,
    "itemInputs": [
      {
        "id": "GoodGenerator:huiCircuit:3",
        "displayName": "Hi-Computation Station MK-IV Prototype",
        "amount": 2
      },
      {
        "id": "dreamcraft:item.EngravedManyullynCrystalChip:0",
        "displayName": "Engraved Manyullyn Crystal Chip",
        "amount": 8
      },
      {
        "id": "gregtech:gt.metaitem.03:32077",
        "displayName": "Bio Processing Unit",
        "amount": 1
      },
      {
        "id": "gregtech:gt.metaitem.02:21370",
        "displayName": "Tungstencarbide Rotor",
        "amount": 2
      }
    ],
    "fluidInputs": [
      {
        "id": "molten.tanmolyium beta-c",
        "displayName": "Molten Tanmolyium Beta-C",
        "amount": 1728
      },
      {
        "id": "molten.signalium",
        "displayName": "Molten Signalium",
        "amount": 1152
      },
      {
        "id": "molten.lumiium",
        "displayName": "Molten Lumiium",
        "amount": 576
      },
      {
        "id": "molten.dalisenite",
        "displayName": "Molten Dalisenite",
        "amount": 288
      }
    ],
    "itemOutputs": [
      {
        "id": "GoodGenerator:huiCircuit:4",
        "displayName": "Hi-Computation Station MK-V Finaltype",
        "amount": 1
      }
    ],
    "fluidOutputs": []
  },
  {
    "machine": "gg.recipe.precise_assembler",
    "recipeType": "gt_machine",
    "euPerTick": 9001,
    "duration": 1200,
    "specialValue": 1,
    "itemInputs": [
      {
        "id": "gregtech:gt.blockcasings:15",
        "displayName": "Superconducting Coil Block",
        "amount": 3
      },
      {
        "id": "GoodGenerator:huiCircuit:1",
        "displayName": "Hi-Computation Station MK-II",
        "amount": 1
      },
      {
        "id": "GoodGenerator:specialCeramicsPlate:0",
        "displayName": "Special Ceramics Plate",
        "amount": 2
      }
    ],
    "fluidInputs": [
      {
        "id": "molten.mar-m200 steel",
        "displayName": "Molten MAR-M200 Steel",
        "amount": 1152
      },
      {
        "id": "molten.zircaloy-4",
        "displayName": "Molten Zircaloy-4",
        "amount": 288
      }
    ],
    "itemOutputs": [
      {
        "id": "GoodGenerator:compactFusionCoil:0",
        "displayName": "Ameliorated Superconduct Coil",
        "amount": 1
      }
    ],
    "fluidOutputs": []
  },
  {
    "machine": "gg.recipe.precise_assembler",
    "recipeType": "gt_machine",
    "euPerTick": 14000,
    "duration": 800,
    "specialValue": 2,
    "itemInputs": [
      {
        "id": "gregtech:gt.blockcasings4:7",
        "displayName": "Fusion Coil Block",
        "amount": 3
      },
      {
        "id": "GoodGenerator:quartzCrystalResonator:0",
        "displayName": "Quartz Crystal Resonator",
        "amount": 2
      },
      {
        "id": "GoodGenerator:huiCircuit:2",
        "displayName": "Hi-Computation Station MK-III",
        "amount": 1
      }
    ],
    "fluidInputs": [
      {
        "id": "molten.artherium-sn",
        "displayName": "Molten Artherium-Sn",
        "amount": 576
      },
      {
        "id": "molten.tanmolyium beta-c",
        "displayName": "Molten Tanmolyium Beta-C",
        "amount": 144
      }
    ],
    "itemOutputs": [
      {
        "id": "GoodGenerator:compactFusionCoil:1",
        "displayName": "Compact Fusion Coil",
        "amount": 1
      }
    ],
    "fluidOutputs": []
  },
  {
    "machine": "gg.recipe.precise_assembler",
    "recipeType": "gt_machine",
    "euPerTick": 114514,
    "duration": 800,
    "specialValue": 3,
    "itemInputs": [
      {
        "id": "gregtech:gt.blockcasings4:7",
        "displayName": "Fusion Coil Block",
        "amount": 3
      },
      {
        "id": "GoodGenerator:radiationProtectionPlate:0",
        "displayName": "Radiation Proof Plate",
        "amount": 2
      },
      {
        "id": "gregtech:gt.metaitem.01:32725",
        "displayName": "Quantum Star",
        "amount": 4
      },
      {
        "id": "GoodGenerator:huiCircuit:3",
        "displayName": "Hi-Computation Station MK-IV Prototype",
        "amount": 1
      }
    ],
    "fluidInputs": [
      {
        "id": "molten.dalisenite",
        "displayName": "Molten Dalisenite",
        "amount": 576
      },
      {
        "id": "molten.hikarium",
        "displayName": "Molten Hikarium",
        "amount": 144
      }
    ],
    "itemOutputs": [
      {
        "id": "GoodGenerator:compactFusionCoil:2",
        "displayName": "Advanced Compact Fusion Coil",
        "amount": 1
      }
    ],
    "fluidOutputs": []
  },
  {
    "machine": "gg.recipe.precise_assembler",
    "recipeType": "gt_machine",
    "euPerTick": 491520,
    "duration": 2000,
    "specialValue": 3,
    "itemInputs": [
      {
        "id": "miscutils:gtplusplus.blockcasings.3:13",
        "displayName": "Advanced Fusion Coil",
        "amount": 3
      },
      {
        "id": "GoodGenerator:huiCircuit:4",
        "displayName": "Hi-Computation Station MK-V Finaltype",
        "amount": 1
      },
      {
        "id": "miscutils:item.itemBufferCore4:0",
        "displayName": "Energy Core [HV]",
        "amount": 1
      }
    ],
    "fluidInputs": [
      {
        "id": "molten.energycrystal",
        "displayName": "Molten Energy Crystal",
        "amount": 1152
      },
      {
        "id": "molten.laurenium",
        "displayName": "Molten Laurenium",
        "amount": 144
      }
    ],
    "itemOutputs": [
      {
        "id": "GoodGenerator:compactFusionCoil:3",
        "displayName": "Compact Fusion Coil MK-II Prototype",
        "amount": 1
      }
    ],
    "fluidOutputs": []
  },
  {
    "machine": "gg.recipe.precise_assembler",
    "recipeType": "gt_machine",
    "euPerTick": 1966080,
    "duration": 2000,
    "specialValue": 3,
    "itemInputs": [
      {
        "id": "miscutils:gtplusplus.blockcasings.6:1",
        "displayName": "Advanced Fusion Coil II",
        "amount": 3
      },
      {
        "id": "dreamcraft:item.CircuitUEV:0",
        "displayName": "Any UEV Circuit",
        "amount": 1
      },
      {
        "id": "GoodGenerator:huiCircuit:4",
        "displayName": "Hi-Computation Station MK-V Finaltype",
        "amount": 4
      },
      {
        "id": "miscutils:item.itemBufferCore6:0",
        "displayName": "Energy Core [IV]",
        "amount": 1
      }
    ],
    "fluidInputs": [
      {
        "id": "molten.blacktitanium",
        "displayName": "Molten Black Titanium",
        "amount": 1152
      },
      {
        "id": "molten.metastable oganesson",
        "displayName": "Molten Metastable Oganesson",
        "amount": 576
      }
    ],
    "itemOutputs": [
      {
        "id": "GoodGenerator:compactFusionCoil:4",
        "displayName": "Compact Fusion Coil MK-II Finaltype",
        "amount": 1
      }
    ],
    "fluidOutputs": []
  }
]