[
  {
    "machine": "gg.recipe.neutron_activator",
    "recipeType": "gt_machine",
    "duration": 2000,
    "specialValue": 11001000,
    "itemInputs": [
      {
        "id": "bartworks:gt.bwMetaGenerateddust:10111",
        "displayName": "Metastable Oganesson Dust",
        "amount": 1
      }
    ],
    "fluidInputs": [],
    "itemOutputs": [],
    "fluidOutputs": [
      {
        "id": "oganesson",
        "displayName": "Oganesson",
        "amount": 250
      }
    ]
  },
  {
    "machine": "gg.recipe.neutron_activator",
    "recipeType": "gt_machine",
    "duration": 2000,
    "specialValue": 6000500,
    "itemInputs": [
      {
        "id": "bartworks:gt.bwMetaGenerateddust:10113",
        "displayName": "Inert Naquadah Dust",
        "amount": 64
      },
      {
        "id": "bartworks:gt.bwMetaGenerateddust:10113",
        "displayName": "Inert Naquadah Dust",
        "amount": 32
      }
    ],
    "fluidInputs": [
      {
        "id": "plasma.nickel",
        "displayName": "Nickel Plasma",
        "amount": 2304
      }
    ],
    "itemOutputs": [
      {
        "id": "gregtech:gt.metaitem.01:2034",
        "displayName": "Nickel Dust",
        "amount": 16
      }
    ],
    "fluidOutputs": [
      {
        "id": "molten.naquadah",
        "displayName": "Molten Naquadah",
        "amount": 1327104
      }
    ]
  },
  {
    "machine": "gg.recipe.neutron_activator",
    "recipeType": "gt_machine",
    "duration": 2000,
    "specialValue": 9000850,
    "itemInputs": [
      {
        "id": "bartworks:gt.bwMetaGenerateddust:10114",
        "displayName": "Inert Enriched Naquadah Dust",
        "amount": 64
      },
      {
        "id": "bartworks:gt.bwMetaGenerateddust:10114",
        "displayName": "Inert Enriched Naquadah Dust",
        "amount": 32
      }
    ],
    "fluidInputs": [
      {
        "id": "plasma.titanium",
        "displayName": "Titanium Plasma",
        "amount": 2304
      }
    ],
    "itemOutputs": [
      {
        "id": "gregtech:gt.metaitem.01:2028",
        "displayName": "Titanium Dust",
        "amount": 16
      }
    ],
    "fluidOutputs": [
      {
        "id": "molten.naquadahenriched",
        "displayName": "Molten Enriched Naquadah",
        "amount": 1327104
      }
    ]
  },
  {
    "machine": "gg.recipe.neutron_activator",
    "recipeType": "gt_machine",
    "duration": 2000,
    "specialValue": 11001080,
    "itemInputs": [
      {
        "id": "bartworks:gt.bwMetaGenerateddust:10115",
        "displayName": "Inert Naquadria Dust",
        "amount": 64
      },
      {
        "id": "bartworks:gt.bwMetaGenerateddust:10115",
        "displayName": "Inert Naquadria Dust",
        "amount": 32
      }
    ],
    "fluidInputs": [
      {
        "id": "plasma.americium",
        "displayName": "Americium Plasma",
        "amount": 2304
      }
    ],
    "itemOutputs": [
      {
        "id": "gregtech:gt.metaitem.01:2103",
        "displayName": "Americium Dust",
        "amount": 16
      }
    ],
    "fluidOutputs": [
      {
        "id": "molten.naquadria",
        "displayName": "Molten Naquadria",
        "amount": 1327104
      }
    ]
  },
  {
    "machine": "gg.recipe.neutron_activator",
    "recipeType": "gt_machine",
    "duration": 100,
    "specialValue": 2300200,
    "itemInputs": [],
    "fluidInputs": [
      {
        "id": "naquadah-adamantium solution",
        "displayName": "Naquadah-Adamantium Solution",
        "amount": 3000
      }
    ],
    "itemOutputs": [
      {
        "id": "bartworks:gt.bwMetaGenerateddust:10066",
        "displayName": "Adamantine Dust",
        "amount": 4
      },
      {
        "id": "bartworks:gt.bwMetaGenerateddust:10054",
        "displayName": "Naquadah Oxide Mixture Dust",
        "amount": 2
      },
      {
        "id": "bartworks:gt.bwMetaGenerateddust:10070",
        "displayName": "Concentrated Enriched-Naquadah Sludge Dust",
        "amount": 1
      }
    ],
    "fluidOutputs": [
      {
        "id": "naquadah-rich solution",
        "displayName": "Naquadah-Rich Solution",
        "amount": 2000
      }
    ]
  },
  {
    "machine": "gg.recipe.neutron_activator",
    "recipeType": "gt_machine",
    "duration": 120,
    "specialValue": 4800460,
    "itemInputs": [
      {
        "id": "bartworks:gt.bwMetaGenerateddust:10070",
        "displayName": "Concentrated Enriched-Naquadah Sludge Dust",
        "amount": 16
      }
    ],
    "fluidInputs": [],
    "itemOutputs": [
      {
        "id": "bartworks:gt.bwMetaGenerateddust:10071",
        "displayName": "Enriched-Naquadah Sulphate Dust",
        "amount": 64
      },
      {
        "id": "bartworks:gt.bwMetaGenerateddust:10071",
        "displayName": "Enriched-Naquadah Sulphate Dust",
        "amount": 64
      },
      {
        "id": "bartworks:gt.bwMetaGenerateddust:10071",
        "displayName": "Enriched-Naquadah Sulphate Dust",
        "amount": 37
      },
      {
        "id": "bartworks:gt.bwMetaGenerateddust:57",
        "displayName": "Sodium Sulfate Dust",
        "amount": 64
      },
      {
        "id": "bartworks:gt.bwMetaGenerateddust:57",
        "displayName": "Sodium Sulfate Dust",
        "amount": 64
      },
      {
        "id": "bartworks:gt.bwMetaGenerateddust:57",
        "displayName": "Sodium Sulfate Dust",
        "amount": 12
      },
      {
        "id": "bartworks:gt.bwMetaGenerateddust:10076",
        "displayName": "Low Quality Naquadria Sulphate Dust",
        "amount": 2
      }
    ],
    "fluidOutputs": []
  },
  {
    "machine": "gg.recipe.neutron_activator",
    "recipeType": "gt_machine",
    "duration": 100,
    "specialValue": 11001050,
    "itemInputs": [],
    "fluidInputs": [
      {
        "id": "naquadria-rich solution",
        "displayName": "Naquadria-Rich Solution",
        "amount": 9000
      }
    ],
    "itemOutputs": [
      {
        "id": "bartworks:gt.bwMetaGenerateddust:10078",
        "displayName": "Naquadria Sulphate Dust",
        "amount": 44
      },
      {
        "id": "bartworks:gt.bwMetaGenerateddust:10076",
        "displayName": "Low Quality Naquadria Sulphate Dust",
        "amount": 6
      }
    ],
    "fluidOutputs": []
  },
  {
    "machine": "gg.recipe.neutron_activator",
    "recipeType": "gt_machine",
    "duration": 10000,
    "specialValue": 7000500,
    "itemInputs": [],
    "fluidInputs": [
      {
        "id": "thorium based liquid fuel (excited state)",
        "displayName": "Thorium Based Liquid Fuel (Excited State)",
        "amount": 200
      }
    ],
    "itemOutputs": [],
    "fluidOutputs": [
      {
        "id": "thorium based liquid fuel (depleted)",
        "displayName": "Thorium Based Liquid Fuel (Depleted)",
        "amount": 200
      }
    ]
  },
  {
    "machine": "gg.recipe.neutron_activator",
    "recipeType": "gt_machine",
    "duration": 80,
    "specialValue": 5500450,
    "itemInputs": [
      {
        "id": "gregtech:gt.metaitem.01:17081",
        "displayName": "Tungsten Plate",
        "amount": 0
      }
    ],
    "fluidInputs": [
      {
        "id": "uranium based liquid fuel",
        "displayName": "Uranium Based Liquid Fuel",
        "amount": 100
      }
    ],
    "itemOutputs": [],
    "fluidOutputs": [
      {
        "id": "uranium based liquid fuel (excited state)",
        "displayName": "Uranium Based Liquid Fuel (Excited State)",
        "amount": 100
      }
    ]
  },
  {
    "machine": "gg.recipe.neutron_activator",
    "recipeType": "gt_machine",
    "duration": 80,
    "specialValue": 6000500,
    "itemInputs": [
      {
        "id": "gregtech:gt.metaitem.01:17329",
        "displayName": "Tritanium Plate",
        "amount": 0
      }
    ],
    "fluidInputs": [
      {
        "id": "plutonium based liquid fuel",
        "displayName": "Plutonium Based Liquid Fuel",
        "amount": 100
      }
    ],
    "itemOutputs": [],
    "fluidOutputs": [
      {
        "id": "plutonium based liquid fuel (excited state)",
        "displayName": "Plutonium Based Liquid Fuel (Excited State)",
        "amount": 100
      }
    ]
  },
  {
    "machine": "gg.recipe.neutron_activator",
    "recipeType": "gt_machine",
    "duration": 328000,
    "specialValue": 11001050,
    "itemInputs": [
      {
        "id": "gregtech:gt.metaitem.01:32415",
        "displayName": "Raw Tesseract",
        "amount": 1
      }
    ],
    "fluidInputs": [
      {
        "id": "naquadah based liquid fuel mkv",
        "displayName": "Naquadah Based Liquid Fuel MkV",
        "amount": 64
      }
    ],
    "itemOutputs": [
      {
        "id": "gregtech:gt.metaitem.01:32417",
        "displayName": "Energised Tesseract",
        "amount": 1
      }
    ],
    "fluidOutputs": [
      {
        "id": "naquadah based liquid fuel mkv (depleted)",
        "displayName": "Naquadah Based Liquid Fuel MkV (Depleted)",
        "amount": 64
      }
    ]
  },
  {
    "machine": "gg.recipe.neutron_activator",
    "recipeType": "gt_machine",
    "duration": 492000,
    "specialValue": 11001075,
    "itemInputs": [
      {
        "id": "gregtech:gt.metaitem.01:32415",
        "displayName": "Raw Tesseract",
        "amount": 1
      }
    ],
    "fluidInputs": [
      {
        "id": "naquadah based liquid fuel mkvi",
        "displayName": "Naquadah Based Liquid Fuel MkVI",
        "amount": 64
      }
    ],
    "itemOutputs": [
      {
        "id": "gregtech:gt.metaitem.01:32417",
        "displayName": "Energised Tesseract",
        "amount": 1
      }
    ],
    "fluidOutputs": [
      {
        "id": "naquadah based liquid fuel mkvi (depleted)",
        "displayName": "Naquadah Based Liquid Fuel MkVI (Depleted)",
        "amount": 64
      }
    ]
  }
]