[
  {
    "machine": "gg.recipe.extreme_heat_exchanger",
    "recipeType": "gt_machine",
    "specialValue": 80000,
    "itemInputs": [],
    "fluidInputs": [
      {
        "id": "lava",
        "displayName": "Lava",
        "amount": 160000
      },
      {
        "id": "ic2distilledwater",
        "displayName": "Distilled Water",
        "amount": 80000
      }
    ],
    "itemOutputs": [],
    "fluidOutputs": [
      {
        "id": "ic2superheatedsteam",
        "displayName": "Superheated Steam",
        "amount": 12800000
      },
      {
        "id": "supercriticalsteam",
        "displayName": "Supercritical Steam",
        "amount": 12800000
      },
      {
        "id": "ic2pahoehoelava",
        "displayName": "Pahoehoe Lava",
        "amount": 160000
      }
    ]
  },
  {
    "machine": "gg.recipe.extreme_heat_exchanger",
    "recipeType": "gt_machine",
    "specialValue": 8000,
    "itemInputs": [],
    "fluidInputs": [
      {
        "id": "ic2hotcoolant",
        "displayName": "IC2 Hot Coolant",
        "amount": 16000
      },
      {
        "id": "ic2distilledwater",
        "displayName": "Distilled Water",
        "amount": 20000
      }
    ],
    "itemOutputs": [],
    "fluidOutputs": [
      {
        "id": "ic2superheatedsteam",
        "displayName": "Superheated Steam",
        "amount": 3200000
      },
      {
        "id": "supercriticalsteam",
        "displayName": "Supercritical Steam",
        "amount": 3200000
      },
      {
        "id": "ic2coolant",
        "displayName": "IC2 Coolant",
        "amount": 16000
      }
    ]
  },
  {
    "machine": "gg.recipe.extreme_heat_exchanger",
    "recipeType": "gt_machine",
    "specialValue": 1600,
    "itemInputs": [],
    "fluidInputs": [
      {
        "id": "molten.solarsalthot",
        "displayName": "Solar Salt (Hot)",
        "amount": 3200
      },
      {
        "id": "ic2distilledwater",
        "displayName": "Distilled Water",
        "amount": 20000
      }
    ],
    "itemOutputs": [],
    "fluidOutputs": [
      {
        "id": "ic2superheatedsteam",
        "displayName": "Superheated Steam",
        "amount": 3200000
      },
      {
        "id": "supercriticalsteam",
        "displayName": "Supercritical Steam",
        "amount": 3200000
      },
      {
        "id": "molten.solarsaltcold",
        "displayName": "Solar Salt (Cold)",
        "amount": 3200
      }
    ]
  },
  {
    "machine": "gg.recipe.extreme_heat_exchanger",
    "recipeType": "gt_machine",
    "specialValue": 1,
    "itemInputs": [],
    "fluidInputs": [
      {
        "id": "plasma.chromaticglass",
        "displayName": "Chromatic Glass Plasma",
        "amount": 500
      },
      {
        "id": "ic2distilledwater",
        "displayName": "Distilled Water",
        "amount": 262080
      }
    ],
    "itemOutputs": [],
    "fluidOutputs": [
      {
        "id": "ic2superheatedsteam",
        "displayName": "Superheated Steam",
        "amount": 0
      },
      {
        "id": "densesupercriticalsteam",
        "displayName": "Dense Supercritical Steam",
        "amount": 41932
      },
      {
        "id": "molten.chromaticglass",
        "displayName": "Molten Chromatic Glass",
        "amount": 500
      }
    ]
  },
  {
    "machine": "gg.recipe.extreme_heat_exchanger",
    "recipeType": "gt_machine",
    "specialValue": 1,
    "itemInputs": [],
    "fluidInputs": [
      {
        "id": "plasma.runite",
        "displayName": "Runite Plasma",
        "amount": 10000
      },
      {
        "id": "ic2distilledwater",
        "displayName": "Distilled Water",
        "amount": 19687500
      }
    ],
    "itemOutputs": [],
    "fluidOutputs": [
      {
        "id": "ic2superheatedsteam",
        "displayName": "Superheated Steam",
        "amount": 0
      },
      {
        "id": "densesupercriticalsteam",
        "displayName": "Dense Supercritical Steam",
        "amount": 3150000
      },
      {
        "id": "molten.runite",
        "displayName": "Molten Runite",
        "amount": 10000
      }
    ]
  },
  {
    "machine": "gg.recipe.extreme_heat_exchanger",
    "recipeType": "gt_machine",
    "specialValue": 1,
    "itemInputs": [],
    "fluidInputs": [
      {
        "id": "plasma.neptunium",
        "displayName": "Neptunium Plasma",
        "amount": 2500
      },
      {
        "id": "ic2distilledwater",
        "displayName": "Distilled Water",
        "amount": 3412800
      }
    ],
    "itemOutputs": [],
    "fluidOutputs": [
      {
        "id": "ic2superheatedsteam",
        "displayName": "Superheated Steam",
        "amount": 0
      },
      {
        "id": "densesupercriticalsteam",
        "displayName": "Dense Supercritical Steam",
        "amount": 546048
      },
      {
        "id": "molten.neptunium",
        "displayName": "Molten Neptunium",
        "amount": 2500
      }
    ]
  },
  {
    "machine": "gg.recipe.extreme_heat_exchanger",
    "recipeType": "gt_machine",
    "specialValue": 1,
    "itemInputs": [],
    "fluidInputs": [
      {
        "id": "plasma.advancednitinol",
        "displayName": "Advanced Nitinol Plasma",
        "amount": 500
      },
      {
        "id": "ic2distilledwater",
        "displayName": "Distilled Water",
        "amount": 262080
      }
    ],
    "itemOutputs": [],
    "fluidOutputs": [
      {
        "id": "ic2superheatedsteam",
        "displayName": "Superheated Steam",
        "amount": 0
      },
      {
        "id": "densesupercriticalsteam",
        "displayName": "Dense Supercritical Steam",
        "amount": 41932
      },
      {
        "id": "molten.advancednitinol",
        "displayName": "Molten Advanced Nitinol",
        "amount": 500
      }
    ]
  },
  {
    "machine": "gg.recipe.extreme_heat_exchanger",
    "recipeType": "gt_machine",
    "specialValue": 1,
    "itemInputs": [],
    "fluidInputs": [
      {
        "id": "plasma.hypogen",
        "displayName": "Hypogen Plasma",
        "amount": 25000
      },
      {
        "id": "ic2distilledwater",
        "displayName": "Distilled Water",
        "amount": 70704000
      }
    ],
    "itemOutputs": [],
    "fluidOutputs": [
      {
        "id": "ic2superheatedsteam",
        "displayName": "Superheated Steam",
        "amount": 0
      },
      {
        "id": "densesupercriticalsteam",
        "displayName": "Dense Supercritical Steam",
        "amount": 11312640
      },
      {
        "id": "molten.hypogen",
        "displayName": "Molten Hypogen",
        "amount": 25000
      }
    ]
  },
  {
    "machine": "gg.recipe.extreme_heat_exchanger",
    "recipeType": "gt_machine",
    "specialValue": 1,
    "itemInputs": [],
    "fluidInputs": [
      {
        "id": "plasma.germanium",
        "displayName": "Germanium Plasma",
        "amount": 500
      },
      {
        "id": "ic2distilledwater",
        "displayName": "Distilled Water",
        "amount": 210240
      }
    ],
    "itemOutputs": [],
    "fluidOutputs": [
      {
        "id": "ic2superheatedsteam",
        "displayName": "Superheated Steam",
        "amount": 0
      },
      {
        "id": "densesupercriticalsteam",
        "displayName": "Dense Supercritical Steam",
        "amount": 33638
      },
      {
        "id": "molten.germanium",
        "displayName": "Molten Germanium",
        "amount": 500
      }
    ]
  },
  {
    "machine": "gg.recipe.extreme_heat_exchanger",
    "recipeType": "gt_machine",
    "specialValue": 1,
    "itemInputs": [],
    "fluidInputs": [
      {
        "id": "plasma.selenium",
        "displayName": "Selenium Plasma",
        "amount": 500
      },
      {
        "id": "ic2distilledwater",
        "displayName": "Distilled Water",
        "amount": 227520
      }
    ],
    "itemOutputs": [],
    "fluidOutputs": [
      {
        "id": "ic2superheatedsteam",
        "displayName": "Superheated Steam",
        "amount": 0
      },
      {
        "id": "densesupercriticalsteam",
        "displayName": "Dense Supercritical Steam",
        "amount": 36403
      },
      {
        "id": "molten.selenium",
        "displayName": "Molten Selenium",
        "amount": 500
      }
    ]
  },
  {
    "machine": "gg.recipe.extreme_heat_exchanger",
    "recipeType": "gt_machine",
    "specialValue": 1,
    "itemInputs": [],
    "fluidInputs": [
      {
        "id": "plasma.polonium",
        "displayName": "Polonium Plasma",
        "amount": 2500
      },
      {
        "id": "ic2distilledwater",
        "displayName": "Distilled Water",
        "amount": 3009599
      }
    ],
    "itemOutputs": [],
    "fluidOutputs": [
      {
        "id": "ic2superheatedsteam",
        "displayName": "Superheated Steam",
        "amount": 0
      },
      {
        "id": "densesupercriticalsteam",
        "displayName": "Dense Supercritical Steam",
        "amount": 481535
      },
      {
        "id": "molten.polonium",
        "displayName": "Molten Polonium",
        "amount": 2500
      }
    ]
  },
  {
    "machine": "gg.recipe.extreme_heat_exchanger",
    "recipeType": "gt_machine",
    "specialValue": 1,
    "itemInputs": [],
    "fluidInputs": [
      {
        "id": "plasma.radium",
        "displayName": "Radium Plasma",
        "amount": 2500
      },
      {
        "id": "ic2distilledwater",
        "displayName": "Distilled Water",
        "amount": 3254400
      }
    ],
    "itemOutputs": [],
    "fluidOutputs": [
      {
        "id": "ic2superheatedsteam",
        "displayName": "Superheated Steam",
        "amount": 0
      },
      {
        "id": "densesupercriticalsteam",
        "displayName": "Dense Supercritical Steam",
        "amount": 520704
      },
      {
        "id": "molten.radium",
        "displayName": "Molten Radium",
        "amount": 2500
      }
    ]
  },
  {
    "machine": "gg.recipe.extreme_heat_exchanger",
    "recipeType": "gt_machine",
    "specialValue": 1,
    "itemInputs": [],
    "fluidInputs": [
      {
        "id": "plasma.astraltitanium",
        "displayName": "Astral Titanium Plasma",
        "amount": 2500
      },
      {
        "id": "ic2distilledwater",
        "displayName": "Distilled Water",
        "amount": 4003200
      }
    ],
    "itemOutputs": [],
    "fluidOutputs": [
      {
        "id": "ic2superheatedsteam",
        "displayName": "Superheated Steam",
        "amount": 0
      },
      {
        "id": "densesupercriticalsteam",
        "displayName": "Dense Supercritical Steam",
        "amount": 640512
      },
      {
        "id": "molten.astraltitanium",
        "displayName": "Molten Astral Titanium",
        "amount": 2500
      }
    ]
  },
  {
    "machine": "gg.recipe.extreme_heat_exchanger",
    "recipeType": "gt_machine",
    "specialValue": 1,
    "itemInputs": [],
    "fluidInputs": [
      {
        "id": "plasma.dragonblood",
        "displayName": "Dragonblood Plasma",
        "amount": 2500
      },
      {
        "id": "ic2distilledwater",
        "displayName": "Distilled Water",
        "amount": 2894400
      }
    ],
    "itemOutputs": [],
    "fluidOutputs": [
      {
        "id": "ic2superheatedsteam",
        "displayName": "Superheated Steam",
        "amount": 0
      },
      {
        "id": "densesupercriticalsteam",
        "displayName": "Dense Supercritical Steam",
        "amount": 463104
      },
      {
        "id": "molten.dragonblood",
        "displayName": "Molten Dragonblood",
        "amount": 2500
      }
    ]
  },
  {
    "machine": "gg.recipe.extreme_heat_exchanger",
    "recipeType": "gt_machine",
    "specialValue": 1,
    "itemInputs": [],
    "fluidInputs": [
      {
        "id": "plasma.fermium",
        "displayName": "Fermium Plasma",
        "amount": 2500
      },
      {
        "id": "ic2distilledwater",
        "displayName": "Distilled Water",
        "amount": 3700800
      }
    ],
    "itemOutputs": [],
    "fluidOutputs": [
      {
        "id": "ic2superheatedsteam",
        "displayName": "Superheated Steam",
        "amount": 0
      },
      {
        "id": "densesupercriticalsteam",
        "displayName": "Dense Supercritical Steam",
        "amount": 592128
      },
      {
        "id": "molten.fermium",
        "displayName": "Fermium",
        "amount": 2500
      }
    ]
  },
  {
    "machine": "gg.recipe.extreme_heat_exchanger",
    "recipeType": "gt_machine",
    "specialValue": 1,
    "itemInputs": [],
    "fluidInputs": [
      {
        "id": "plasma.uranium233",
        "displayName": "Uranium 233 Plasma",
        "amount": 2500
      },
      {
        "id": "ic2distilledwater",
        "displayName": "Distilled Water",
        "amount": 3355200
      }
    ],
    "itemOutputs": [],
    "fluidOutputs": [
      {
        "id": "ic2superheatedsteam",
        "displayName": "Superheated Steam",
        "amount": 0
      },
      {
        "id": "densesupercriticalsteam",
        "displayName": "Dense Supercritical Steam",
        "amount": 536832
      },
      {
        "id": "molten.uranium233",
        "displayName": "Molten Uranium 233",
        "amount": 2500
      }
    ]
  },
  {
    "machine": "gg.recipe.extreme_heat_exchanger",
    "recipeType": "gt_machine",
    "specialValue": 1,
    "itemInputs": [],
    "fluidInputs": [
      {
        "id": "plasma.thallium",
        "displayName": "Thallium Plasma",
        "amount": 2500
      },
      {
        "id": "ic2distilledwater",
        "displayName": "Distilled Water",
        "amount": 2937599
      }
    ],
    "itemOutputs": [],
    "fluidOutputs": [
      {
        "id": "ic2superheatedsteam",
        "displayName": "Superheated Steam",
        "amount": 0
      },
      {
        "id": "densesupercriticalsteam",
        "displayName": "Dense Supercritical Steam",
        "amount": 470015
      },
      {
        "id": "molten.thallium",
        "displayName": "Molten Thallium",
        "amount": 2500
      }
    ]
  },
  {
    "machine": "gg.recipe.extreme_heat_exchanger",
    "recipeType": "gt_machine",
    "specialValue": 1,
    "itemInputs": [],
    "fluidInputs": [
      {
        "id": "plasma.protactinium",
        "displayName": "Protactinium Plasma",
        "amount": 2500
      },
      {
        "id": "ic2distilledwater",
        "displayName": "Distilled Water",
        "amount": 3326400
      }
    ],
    "itemOutputs": [],
    "fluidOutputs": [
      {
        "id": "ic2superheatedsteam",
        "displayName": "Superheated Steam",
        "amount": 0
      },
      {
        "id": "densesupercriticalsteam",
        "displayName": "Dense Supercritical Steam",
        "amount": 532224
      },
      {
        "id": "molten.protactinium",
        "displayName": "Molten Protactinium",
        "amount": 2500
      }
    ]
  },
  {
    "machine": "gg.recipe.extreme_heat_exchanger",
    "recipeType": "gt_machine",
    "specialValue": 1,
    "itemInputs": [],
    "fluidInputs": [
      {
        "id": "plasma.celestialtungsten",
        "displayName": "Celestial Tungsten Plasma",
        "amount": 25000
      },
      {
        "id": "ic2distilledwater",
        "displayName": "Distilled Water",
        "amount": 101250000
      }
    ],
    "itemOutputs": [],
    "fluidOutputs": [
      {
        "id": "ic2superheatedsteam",
        "displayName": "Superheated Steam",
        "amount": 0
      },
      {
        "id": "densesupercriticalsteam",
        "displayName": "Dense Supercritical Steam",
        "amount": 16199999
      },
      {
        "id": "molten.celestialtungsten",
        "displayName": "Molten Celestial Tungsten",
        "amount": 25000
      }
    ]
  },
  {
    "machine": "gg.recipe.extreme_heat_exchanger",
    "recipeType": "gt_machine",
    "specialValue": 1,
    "itemInputs": [],
    "fluidInputs": [
      {
        "id": "plasma.curium",
        "displayName": "Curium Plasma",
        "amount": 2500
      },
      {
        "id": "ic2distilledwater",
        "displayName": "Distilled Water",
        "amount": 3556800
      }
    ],
    "itemOutputs": [],
    "fluidOutputs": [
      {
        "id": "ic2superheatedsteam",
        "displayName": "Superheated Steam",
        "amount": 0
      },
      {
        "id": "densesupercriticalsteam",
        "displayName": "Dense Supercritical Steam",
        "amount": 569088
      },
      {
        "id": "molten.curium",
        "displayName": "Molten Curium",
        "amount": 2500
      }
    ]
  },
  {
    "machine": "gg.recipe.extreme_heat_exchanger",
    "recipeType": "gt_machine",
    "specialValue": 1,
    "itemInputs": [],
    "fluidInputs": [
      {
        "id": "plasma.rhenium",
        "displayName": "Rhenium Plasma",
        "amount": 2500
      },
      {
        "id": "ic2distilledwater",
        "displayName": "Distilled Water",
        "amount": 2678400
      }
    ],
    "itemOutputs": [],
    "fluidOutputs": [
      {
        "id": "ic2superheatedsteam",
        "displayName": "Superheated Steam",
        "amount": 0
      },
      {
        "id": "densesupercriticalsteam",
        "displayName": "Dense Supercritical Steam",
        "amount": 428544
      },
      {
        "id": "molten.rhenium",
        "displayName": "Molten Rhenium",
        "amount": 2500
      }
    ]
  },
  {
    "machine": "gg.recipe.extreme_heat_exchanger",
    "recipeType": "gt_machine",
    "specialValue": 1,
    "itemInputs": [],
    "fluidInputs": [
      {
        "id": "plasma.iodine",
        "displayName": "Iodine Plasma",
        "amount": 2500
      },
      {
        "id": "ic2distilledwater",
        "displayName": "Distilled Water",
        "amount": 1828800
      }
    ],
    "itemOutputs": [],
    "fluidOutputs": [
      {
        "id": "ic2superheatedsteam",
        "displayName": "Superheated Steam",
        "amount": 0
      },
      {
        "id": "densesupercriticalsteam",
        "displayName": "Dense Supercritical Steam",
        "amount": 292608
      },
      {
        "id": "iodine",
        "displayName": "Iodine",
        "amount": 2500
      }
    ]
  },
  {
    "machine": "gg.recipe.extreme_heat_exchanger",
    "recipeType": "gt_machine",
    "specialValue": 1,
    "itemInputs": [],
    "fluidInputs": [
      {
        "id": "plasma.rhugnor",
        "displayName": "Rhugnor Plasma",
        "amount": 10000
      },
      {
        "id": "ic2distilledwater",
        "displayName": "Distilled Water",
        "amount": 18777600
      }
    ],
    "itemOutputs": [],
    "fluidOutputs": [
      {
        "id": "ic2superheatedsteam",
        "displayName": "Superheated Steam",
        "amount": 0
      },
      {
        "id": "densesupercriticalsteam",
        "displayName": "Dense Supercritical Steam",
        "amount": 3004416
      },
      {
        "id": "molten.rhugnor",
        "displayName": "Molten Rhugnor",
        "amount": 10000
      }
    ]
  },
  {
    "machine": "gg.recipe.extreme_heat_exchanger",
    "recipeType": "gt_machine",
    "specialValue": 1,
    "itemInputs": [],
    "fluidInputs": [
      {
        "id": "plasma.uranium232",
        "displayName": "Uranium 232 Plasma",
        "amount": 2500
      },
      {
        "id": "ic2distilledwater",
        "displayName": "Distilled Water",
        "amount": 3340799
      }
    ],
    "itemOutputs": [],
    "fluidOutputs": [
      {
        "id": "ic2superheatedsteam",
        "displayName": "Superheated Steam",
        "amount": 0
      },
      {
        "id": "densesupercriticalsteam",
        "displayName": "Dense Supercritical Steam",
        "amount": 534527
      },
      {
        "id": "molten.uranium232",
        "displayName": "Molten Uranium 232",
        "amount": 2500
      }
    ]
  },
  {
    "machine": "gg.recipe.extreme_heat_exchanger",
    "recipeType": "gt_machine",
    "specialValue": 1,
    "itemInputs": [],
    "fluidInputs": [
      {
        "id": "plasma.plutonium238",
        "displayName": "Plutonium-238 Plasma",
        "amount": 2500
      },
      {
        "id": "ic2distilledwater",
        "displayName": "Distilled Water",
        "amount": 3427200
      }
    ],
    "itemOutputs": [],
    "fluidOutputs": [
      {
        "id": "ic2superheatedsteam",
        "displayName": "Superheated Steam",
        "amount": 0
      },
      {
        "id": "densesupercriticalsteam",
        "displayName": "Dense Supercritical Steam",
        "amount": 548352
      },
      {
        "id": "molten.plutonium238",
        "displayName": "Molten Plutonium-238",
        "amount": 2500
      }
    ]
  },
  {
    "machine": "gg.recipe.extreme_heat_exchanger",
    "recipeType": "gt_machine",
    "specialValue": 1,
    "itemInputs": [],
    "fluidInputs": [
      {
        "id": "plasma.uranium",
        "displayName": "Uranium 238 Plasma",
        "amount": 10000
      },
      {
        "id": "ic2distilledwater",
        "displayName": "Distilled Water",
        "amount": 27417600
      }
    ],
    "itemOutputs": [],
    "fluidOutputs": [
      {
        "id": "ic2superheatedsteam",
        "displayName": "Superheated Steam",
        "amount": 0
      },
      {
        "id": "densesupercriticalsteam",
        "displayName": "Dense Supercritical Steam",
        "amount": 4386816
      },
      {
        "id": "molten.uranium",
        "displayName": "Molten Uranium 238",
        "amount": 10000
      }
    ]
  },
  {
    "machine": "gg.recipe.extreme_heat_exchanger",
    "recipeType": "gt_machine",
    "specialValue": 1,
    "itemInputs": [],
    "fluidInputs": [
      {
        "id": "plasma.silver",
        "displayName": "Silver Plasma",
        "amount": 2500
      },
      {
        "id": "ic2distilledwater",
        "displayName": "Distilled Water",
        "amount": 3975258
      }
    ],
    "itemOutputs": [],
    "fluidOutputs": [
      {
        "id": "ic2superheatedsteam",
        "displayName": "Superheated Steam",
        "amount": 0
      },
      {
        "id": "densesupercriticalsteam",
        "displayName": "Dense Supercritical Steam",
        "amount": 636041
      },
      {
        "id": "molten.silver",
        "displayName": "Molten Silver",
        "amount": 2500
      }
    ]
  },
  {
    "machine": "gg.recipe.extreme_heat_exchanger",
    "recipeType": "gt_machine",
    "specialValue": 1,
    "itemInputs": [],
    "fluidInputs": [
      {
        "id": "plasma.tin",
        "displayName": "Tin Plasma",
        "amount": 2500
      },
      {
        "id": "ic2distilledwater",
        "displayName": "Distilled Water",
        "amount": 2109375
      }
    ],
    "itemOutputs": [],
    "fluidOutputs": [
      {
        "id": "ic2superheatedsteam",
        "displayName": "Superheated Steam",
        "amount": 0
      },
      {
        "id": "densesupercriticalsteam",
        "displayName": "Dense Supercritical Steam",
        "amount": 337500
      },
      {
        "id": "molten.tin",
        "displayName": "Molten Tin",
        "amount": 2500
      }
    ]
  },
  {
    "machine": "gg.recipe.extreme_heat_exchanger",
    "recipeType": "gt_machine",
    "specialValue": 1,
    "itemInputs": [],
    "fluidInputs": [
      {
        "id": "plasma.chrome",
        "displayName": "Chrome Plasma",
        "amount": 2500
      },
      {
        "id": "ic2distilledwater",
        "displayName": "Distilled Water",
        "amount": 2845434
      }
    ],
    "itemOutputs": [],
    "fluidOutputs": [
      {
        "id": "ic2superheatedsteam",
        "displayName": "Superheated Steam",
        "amount": 0
      },
      {
        "id": "densesupercriticalsteam",
        "displayName": "Dense Supercritical Steam",
        "amount": 455269
      },
      {
        "id": "molten.chrome",
        "displayName": "Molten Chrome",
        "amount": 2500
      }
    ]
  },
  {
    "machine": "gg.recipe.extreme_heat_exchanger",
    "recipeType": "gt_machine",
    "specialValue": 1,
    "itemInputs": [],
    "fluidInputs": [
      {
        "id": "plasma.terbium",
        "displayName": "Terbium Plasma",
        "amount": 10000
      },
      {
        "id": "ic2distilledwater",
        "displayName": "Distilled Water",
        "amount": 20749780
      }
    ],
    "itemOutputs": [],
    "fluidOutputs": [
      {
        "id": "ic2superheatedsteam",
        "displayName": "Superheated Steam",
        "amount": 0
      },
      {
        "id": "densesupercriticalsteam",
        "displayName": "Dense Supercritical Steam",
        "amount": 3319965
      },
      {
        "id": "molten.terbium",
        "displayName": "Molten Terbium",
        "amount": 10000
      }
    ]
  },
  {
    "machine": "gg.recipe.extreme_heat_exchanger",
    "recipeType": "gt_machine",
    "specialValue": 1,
    "itemInputs": [],
    "fluidInputs": [
      {
        "id": "plasma.argon",
        "displayName": "Argon Plasma",
        "amount": 2500
      },
      {
        "id": "ic2distilledwater",
        "displayName": "Distilled Water",
        "amount": 2649599
      }
    ],
    "itemOutputs": [],
    "fluidOutputs": [
      {
        "id": "ic2superheatedsteam",
        "displayName": "Superheated Steam",
        "amount": 0
      },
      {
        "id": "densesupercriticalsteam",
        "displayName": "Dense Supercritical Steam",
        "amount": 423935
      },
      {
        "id": "argon",
        "displayName": "Argon Gas",
        "amount": 2500
      }
    ]
  },
  {
    "machine": "gg.recipe.extreme_heat_exchanger",
    "recipeType": "gt_machine",
    "specialValue": 1,
    "itemInputs": [],
    "fluidInputs": [
      {
        "id": "plasma.flerovium_gt5u",
        "displayName": "Flerovium Plasma",
        "amount": 2500
      },
      {
        "id": "ic2distilledwater",
        "displayName": "Distilled Water",
        "amount": 4161600
      }
    ],
    "itemOutputs": [],
    "fluidOutputs": [
      {
        "id": "ic2superheatedsteam",
        "displayName": "Superheated Steam",
        "amount": 0
      },
      {
        "id": "densesupercriticalsteam",
        "displayName": "Dense Supercritical Steam",
        "amount": 665856
      },
      {
        "id": "molten.flerovium_gt5u",
        "displayName": "Molten Flerovium",
        "amount": 2500
      }
    ]
  },
  {
    "machine": "gg.recipe.extreme_heat_exchanger",
    "recipeType": "gt_machine",
    "specialValue": 1,
    "itemInputs": [],
    "fluidInputs": [
      {
        "id": "plasma.cosmicneutronium",
        "displayName": "Cosmic Neutronium Plasma",
        "amount": 2500
      },
      {
        "id": "ic2distilledwater",
        "displayName": "Distilled Water",
        "amount": 1411200
      }
    ],
    "itemOutputs": [],
    "fluidOutputs": [
      {
        "id": "ic2superheatedsteam",
        "displayName": "Superheated Steam",
        "amount": 0
      },
      {
        "id": "densesupercriticalsteam",
        "displayName": "Dense Supercritical Steam",
        "amount": 225792
      },
      {
        "id": "molten.cosmicneutronium",
        "displayName": "Molten Cosmic Neutronium",
        "amount": 2500
      }
    ]
  },
  {
    "machine": "gg.recipe.extreme_heat_exchanger",
    "recipeType": "gt_machine",
    "specialValue": 1,
    "itemInputs": [],
    "fluidInputs": [
      {
        "id": "plasma.bedrockium",
        "displayName": "Bedrockium Plasma",
        "amount": 500
      },
      {
        "id": "ic2distilledwater",
        "displayName": "Distilled Water",
        "amount": 57600
      }
    ],
    "itemOutputs": [],
    "fluidOutputs": [
      {
        "id": "ic2superheatedsteam",
        "displayName": "Superheated Steam",
        "amount": 0
      },
      {
        "id": "densesupercriticalsteam",
        "displayName": "Dense Supercritical Steam",
        "amount": 9216
      },
      {
        "id": "molten.bedrockium",
        "displayName": "Molten Bedrockium",
        "amount": 500
      }
    ]
  },
  {
    "machine": "gg.recipe.extreme_heat_exchanger",
    "recipeType": "gt_machine",
    "specialValue": 1,
    "itemInputs": [],
    "fluidInputs": [
      {
        "id": "plasma.zinc",
        "displayName": "Zinc Plasma",
        "amount": 2500
      },
      {
        "id": "ic2distilledwater",
        "displayName": "Distilled Water",
        "amount": 3182400
      }
    ],
    "itemOutputs": [],
    "fluidOutputs": [
      {
        "id": "ic2superheatedsteam",
        "displayName": "Superheated Steam",
        "amount": 0
      },
      {
        "id": "densesupercriticalsteam",
        "displayName": "Dense Supercritical Steam",
        "amount": 509184
      },
      {
        "id": "molten.zinc",
        "displayName": "Molten Zinc",
        "amount": 2500
      }
    ]
  },
  {
    "machine": "gg.recipe.extreme_heat_exchanger",
    "recipeType": "gt_machine",
    "specialValue": 1,
    "itemInputs": [],
    "fluidInputs": [
      {
        "id": "plasma.ichorium",
        "displayName": "Ichorium Plasma",
        "amount": 2500
      },
      {
        "id": "ic2distilledwater",
        "displayName": "Distilled Water",
        "amount": 1411200
      }
    ],
    "itemOutputs": [],
    "fluidOutputs": [
      {
        "id": "ic2superheatedsteam",
        "displayName": "Superheated Steam",
        "amount": 0
      },
      {
        "id": "densesupercriticalsteam",
        "displayName": "Dense Supercritical Steam",
        "amount": 225792
      },
      {
        "id": "molten.ichorium",
        "displayName": "Molten Ichorium",
        "amount": 2500
      }
    ]
  },
  {
    "machine": "gg.recipe.extreme_heat_exchanger",
    "recipeType": "gt_machine",
    "specialValue": 1,
    "itemInputs": [],
    "fluidInputs": [
      {
        "id": "plasma.ardite",
        "displayName": "Ardite Plasma",
        "amount": 2500
      },
      {
        "id": "ic2distilledwater",
        "displayName": "Distilled Water",
        "amount": 1411200
      }
    ],
    "itemOutputs": [],
    "fluidOutputs": [
      {
        "id": "ic2superheatedsteam",
        "displayName": "Superheated Steam",
        "amount": 0
      },
      {
        "id": "densesupercriticalsteam",
        "displayName": "Dense Supercritical Steam",
        "amount": 225792
      },
      {
        "id": "molten.ardite",
        "displayName": "Molten Ardite",
        "amount": 2500
      }
    ]
  },
  {
    "machine": "gg.recipe.extreme_heat_exchanger",
    "recipeType": "gt_machine",
    "specialValue": 1,
    "itemInputs": [],
    "fluidInputs": [
      {
        "id": "plasma.creon",
        "displayName": "Creon Plasma",
        "amount": 2500
      },
      {
        "id": "ic2distilledwater",
        "displayName": "Distilled Water",
        "amount": 1411200
      }
    ],
    "itemOutputs": [],
    "fluidOutputs": [
      {
        "id": "ic2superheatedsteam",
        "displayName": "Superheated Steam",
        "amount": 0
      },
      {
        "id": "densesupercriticalsteam",
        "displayName": "Dense Supercritical Steam",
        "amount": 225792
      },
      {
        "id": "molten.creon",
        "displayName": "Molten Creon",
        "amount": 2500
      }
    ]
  },
  {
    "machine": "gg.recipe.extreme_heat_exchanger",
    "recipeType": "gt_machine",
    "specialValue": 1,
    "itemInputs": [],
    "fluidInputs": [
      {
        "id": "plasma.mercury",
        "displayName": "Mercury Plasma",
        "amount": 10000
      },
      {
        "id": "ic2distilledwater",
        "displayName": "Distilled Water",
        "amount": 23040000
      }
    ],
    "itemOutputs": [],
    "fluidOutputs": [
      {
        "id": "ic2superheatedsteam",
        "displayName": "Superheated Steam",
        "amount": 0
      },
      {
        "id": "densesupercriticalsteam",
        "displayName": "Dense Supercritical Steam",
        "amount": 3686400
      },
      {
        "id": "mercury",
        "displayName": "Mercury",
        "amount": 10000
      }
    ]
  },
  {
    "machine": "gg.recipe.extreme_heat_exchanger",
    "recipeType": "gt_machine",
    "specialValue": 1,
    "itemInputs": [],
    "fluidInputs": [
      {
        "id": "plasma.gadolinium",
        "displayName": "Gadolinium Plasma",
        "amount": 10000
      },
      {
        "id": "ic2distilledwater",
        "displayName": "Distilled Water",
        "amount": 20618494
      }
    ],
    "itemOutputs": [],
    "fluidOutputs": [
      {
        "id": "ic2superheatedsteam",
        "displayName": "Superheated Steam",
        "amount": 0
      },
      {
        "id": "densesupercriticalsteam",
        "displayName": "Dense Supercritical Steam",
        "amount": 3298959
      },
      {
        "id": "molten.gadolinium",
        "displayName": "Molten Gadolinium",
        "amount": 10000
      }
    ]
  },
  {
    "machine": "gg.recipe.extreme_heat_exchanger",
    "recipeType": "gt_machine",
    "specialValue": 1,
    "itemInputs": [],
    "fluidInputs": [
      {
        "id": "plasma.ytterbium",
        "displayName": "Ytterbium Plasma",
        "amount": 10000
      },
      {
        "id": "ic2distilledwater",
        "displayName": "Distilled Water",
        "amount": 21357844
      }
    ],
    "itemOutputs": [],
    "fluidOutputs": [
      {
        "id": "ic2superheatedsteam",
        "displayName": "Superheated Steam",
        "amount": 0
      },
      {
        "id": "densesupercriticalsteam",
        "displayName": "Dense Supercritical Steam",
        "amount": 3417255
      },
      {
        "id": "molten.ytterbium",
        "displayName": "Molten Ytterbium",
        "amount": 10000
      }
    ]
  },
  {
    "machine": "gg.recipe.extreme_heat_exchanger",
    "recipeType": "gt_machine",
    "specialValue": 1,
    "itemInputs": [],
    "fluidInputs": [
      {
        "id": "plasma.beryllium",
        "displayName": "Beryllium Plasma",
        "amount": 2500
      },
      {
        "id": "ic2distilledwater",
        "displayName": "Distilled Water",
        "amount": 1555200
      }
    ],
    "itemOutputs": [],
    "fluidOutputs": [
      {
        "id": "ic2superheatedsteam",
        "displayName": "Superheated Steam",
        "amount": 0
      },
      {
        "id": "densesupercriticalsteam",
        "displayName": "Dense Supercritical Steam",
        "amount": 248832
      },
      {
        "id": "molten.beryllium",
        "displayName": "Molten Beryllium",
        "amount": 2500
      }
    ]
  },
  {
    "machine": "gg.recipe.extreme_heat_exchanger",
    "recipeType": "gt_machine",
    "specialValue": 1,
    "itemInputs": [],
    "fluidInputs": [
      {
        "id": "plasma.titanium",
        "displayName": "Titanium Plasma",
        "amount": 2500
      },
      {
        "id": "ic2distilledwater",
        "displayName": "Distilled Water",
        "amount": 2764799
      }
    ],
    "itemOutputs": [],
    "fluidOutputs": [
      {
        "id": "ic2superheatedsteam",
        "displayName": "Superheated Steam",
        "amount": 0
      },
      {
        "id": "densesupercriticalsteam",
        "displayName": "Dense Supercritical Steam",
        "amount": 442367
      },
      {
        "id": "molten.titanium",
        "displayName": "Molten Titanium",
        "amount": 2500
      }
    ]
  },
  {
    "machine": "gg.recipe.extreme_heat_exchanger",
    "recipeType": "gt_machine",
    "specialValue": 1,
    "itemInputs": [],
    "fluidInputs": [
      {
        "id": "plasma.americium",
        "displayName": "Americium Plasma",
        "amount": 25000
      },
      {
        "id": "ic2distilledwater",
        "displayName": "Distilled Water",
        "amount": 70560000
      }
    ],
    "itemOutputs": [],
    "fluidOutputs": [
      {
        "id": "ic2superheatedsteam",
        "displayName": "Superheated Steam",
        "amount": 0
      },
      {
        "id": "densesupercriticalsteam",
        "displayName": "Dense Supercritical Steam",
        "amount": 11289600
      },
      {
        "id": "molten.americium",
        "displayName": "Molten Americium",
        "amount": 25000
      }
    ]
  },
  {
    "machine": "gg.recipe.extreme_heat_exchanger",
    "recipeType": "gt_machine",
    "specialValue": 1,
    "itemInputs": [],
    "fluidInputs": [
      {
        "id": "plasma.barium",
        "displayName": "Barium Plasma",
        "amount": 10000
      },
      {
        "id": "ic2distilledwater",
        "displayName": "Distilled Water",
        "amount": 19254486
      }
    ],
    "itemOutputs": [],
    "fluidOutputs": [
      {
        "id": "ic2superheatedsteam",
        "displayName": "Superheated Steam",
        "amount": 0
      },
      {
        "id": "densesupercriticalsteam",
        "displayName": "Dense Supercritical Steam",
        "amount": 3080717
      },
      {
        "id": "molten.barium",
        "displayName": "Molten Barium",
        "amount": 10000
      }
    ]
  },
  {
    "machine": "gg.recipe.extreme_heat_exchanger",
    "recipeType": "gt_machine",
    "specialValue": 1,
    "itemInputs": [],
    "fluidInputs": [
      {
        "id": "plasma.niobium",
        "displayName": "Niobium Plasma",
        "amount": 2500
      },
      {
        "id": "ic2distilledwater",
        "displayName": "Distilled Water",
        "amount": 3790068
      }
    ],
    "itemOutputs": [],
    "fluidOutputs": [
      {
        "id": "ic2superheatedsteam",
        "displayName": "Superheated Steam",
        "amount": 0
      },
      {
        "id": "densesupercriticalsteam",
        "displayName": "Dense Supercritical Steam",
        "amount": 606411
      },
      {
        "id": "molten.niobium",
        "displayName": "Molten Niobium",
        "amount": 2500
      }
    ]
  },
  {
    "machine": "gg.recipe.extreme_heat_exchanger",
    "recipeType": "gt_machine",
    "specialValue": 1,
    "itemInputs": [],
    "fluidInputs": [
      {
        "id": "plasma.scandium",
        "displayName": "Scandium Plasma",
        "amount": 2500
      },
      {
        "id": "ic2distilledwater",
        "displayName": "Distilled Water",
        "amount": 2721599
      }
    ],
    "itemOutputs": [],
    "fluidOutputs": [
      {
        "id": "ic2superheatedsteam",
        "displayName": "Superheated Steam",
        "amount": 0
      },
      {
        "id": "densesupercriticalsteam",
        "displayName": "Dense Supercritical Steam",
        "amount": 435455
      },
      {
        "id": "molten.scandium",
        "displayName": "Molten Scandium",
        "amount": 2500
      }
    ]
  },
  {
    "machine": "gg.recipe.extreme_heat_exchanger",
    "recipeType": "gt_machine",
    "specialValue": 1,
    "itemInputs": [],
    "fluidInputs": [
      {
        "id": "plasma.yttrium",
        "displayName": "Yttrium Plasma",
        "amount": 2500
      },
      {
        "id": "ic2distilledwater",
        "displayName": "Distilled Water",
        "amount": 3588468
      }
    ],
    "itemOutputs": [],
    "fluidOutputs": [
      {
        "id": "ic2superheatedsteam",
        "displayName": "Superheated Steam",
        "amount": 0
      },
      {
        "id": "densesupercriticalsteam",
        "displayName": "Dense Supercritical Steam",
        "amount": 574155
      },
      {
        "id": "molten.yttrium",
        "displayName": "Molten Yttrium",
        "amount": 2500
      }
    ]
  },
  {
    "machine": "gg.recipe.extreme_heat_exchanger",
    "recipeType": "gt_machine",
    "specialValue": 1,
    "itemInputs": [],
    "fluidInputs": [
      {
        "id": "plasma.meteoriciron",
        "displayName": "Meteoric Iron Plasma",
        "amount": 500
      },
      {
        "id": "ic2distilledwater",
        "displayName": "Distilled Water",
        "amount": 195839
      }
    ],
    "itemOutputs": [],
    "fluidOutputs": [
      {
        "id": "ic2superheatedsteam",
        "displayName": "Superheated Steam",
        "amount": 0
      },
      {
        "id": "densesupercriticalsteam",
        "displayName": "Dense Supercritical Steam",
        "amount": 31334
      },
      {
        "id": "molten.meteoriciron",
        "displayName": "Molten Meteoric Iron",
        "amount": 500
      }
    ]
  },
  {
    "machine": "gg.recipe.extreme_heat_exchanger",
    "recipeType": "gt_machine",
    "specialValue": 1,
    "itemInputs": [],
    "fluidInputs": [
      {
        "id": "plasma.praseodymium",
        "displayName": "Praseodymium Plasma",
        "amount": 10000
      },
      {
        "id": "ic2distilledwater",
        "displayName": "Distilled Water",
        "amount": 19514868
      }
    ],
    "itemOutputs": [],
    "fluidOutputs": [
      {
        "id": "ic2superheatedsteam",
        "displayName": "Superheated Steam",
        "amount": 0
      },
      {
        "id": "densesupercriticalsteam",
        "displayName": "Dense Supercritical Steam",
        "amount": 3122379
      },
      {
        "id": "molten.praseodymium",
        "displayName": "Molten Praseodymium",
        "amount": 10000
      }
    ]
  },
  {
    "machine": "gg.recipe.extreme_heat_exchanger",
    "recipeType": "gt_machine",
    "specialValue": 1,
    "itemInputs": [],
    "fluidInputs": [
      {
        "id": "plasma.draconium",
        "displayName": "Draconium Plasma",
        "amount": 2500
      },
      {
        "id": "ic2distilledwater",
        "displayName": "Distilled Water",
        "amount": 1411200
      }
    ],
    "itemOutputs": [],
    "fluidOutputs": [
      {
        "id": "ic2superheatedsteam",
        "displayName": "Superheated Steam",
        "amount": 0
      },
      {
        "id": "densesupercriticalsteam",
        "displayName": "Dense Supercritical Steam",
        "amount": 225792
      },
      {
        "id": "molten.draconium",
        "displayName": "Molten Draconium",
        "amount": 2500
      }
    ]
  },
  {
    "machine": "gg.recipe.extreme_heat_exchanger",
    "recipeType": "gt_machine",
    "specialValue": 1,
    "itemInputs": [],
    "fluidInputs": [
      {
        "id": "plasma.silicon",
        "displayName": "Raw Silicon Plasma",
        "amount": 2500
      },
      {
        "id": "ic2distilledwater",
        "displayName": "Distilled Water",
        "amount": 2257917
      }
    ],
    "itemOutputs": [],
    "fluidOutputs": [
      {
        "id": "ic2superheatedsteam",
        "displayName": "Superheated Steam",
        "amount": 0
      },
      {
        "id": "densesupercriticalsteam",
        "displayName": "Dense Supercritical Steam",
        "amount": 361266
      },
      {
        "id": "molten.silicon",
        "displayName": "Molten Raw Silicon",
        "amount": 2500
      }
    ]
  },
  {
    "machine": "gg.recipe.extreme_heat_exchanger",
    "recipeType": "gt_machine",
    "specialValue": 1,
    "itemInputs": [],
    "fluidInputs": [
      {
        "id": "plasma.arsenic",
        "displayName": "Arsenic Plasma",
        "amount": 2500
      },
      {
        "id": "ic2distilledwater",
        "displayName": "Distilled Water",
        "amount": 3240000
      }
    ],
    "itemOutputs": [],
    "fluidOutputs": [
      {
        "id": "ic2superheatedsteam",
        "displayName": "Superheated Steam",
        "amount": 0
      },
      {
        "id": "densesupercriticalsteam",
        "displayName": "Dense Supercritical Steam",
        "amount": 518400
      },
      {
        "id": "molten.arsenic",
        "displayName": "Molten Arsenic",
        "amount": 2500
      }
    ]
  },
  {
    "machine": "gg.recipe.extreme_heat_exchanger",
    "recipeType": "gt_machine",
    "specialValue": 1,
    "itemInputs": [],
    "fluidInputs": [
      {
        "id": "plasma.gold",
        "displayName": "Gold Plasma",
        "amount": 10000
      },
      {
        "id": "ic2distilledwater",
        "displayName": "Distilled Water",
        "amount": 22579200
      }
    ],
    "itemOutputs": [],
    "fluidOutputs": [
      {
        "id": "ic2superheatedsteam",
        "displayName": "Superheated Steam",
        "amount": 0
      },
      {
        "id": "densesupercriticalsteam",
        "displayName": "Dense Supercritical Steam",
        "amount": 3612672
      },
      {
        "id": "molten.gold",
        "displayName": "Molten Gold",
        "amount": 10000
      }
    ]
  },
  {
    "machine": "gg.recipe.extreme_heat_exchanger",
    "recipeType": "gt_machine",
    "specialValue": 1,
    "itemInputs": [],
    "fluidInputs": [
      {
        "id": "plasma.strontium",
        "displayName": "Strontium Plasma",
        "amount": 2500
      },
      {
        "id": "ic2distilledwater",
        "displayName": "Distilled Water",
        "amount": 3507834
      }
    ],
    "itemOutputs": [],
    "fluidOutputs": [
      {
        "id": "ic2superheatedsteam",
        "displayName": "Superheated Steam",
        "amount": 0
      },
      {
        "id": "densesupercriticalsteam",
        "displayName": "Dense Supercritical Steam",
        "amount": 561253
      },
      {
        "id": "molten.strontium",
        "displayName": "Molten Strontium",
        "amount": 2500
      }
    ]
  },
  {
    "machine": "gg.recipe.extreme_heat_exchanger",
    "recipeType": "gt_machine",
    "specialValue": 1,
    "itemInputs": [],
    "fluidInputs": [
      {
        "id": "plasma.draconiumawakened",
        "displayName": "Awakened Draconium Plasma",
        "amount": 2500
      },
      {
        "id": "ic2distilledwater",
        "displayName": "Distilled Water",
        "amount": 1411200
      }
    ],
    "itemOutputs": [],
    "fluidOutputs": [
      {
        "id": "ic2superheatedsteam",
        "displayName": "Superheated Steam",
        "amount": 0
      },
      {
        "id": "densesupercriticalsteam",
        "displayName": "Dense Supercritical Steam",
        "amount": 225792
      },
      {
        "id": "molten.draconiumawakened",
        "displayName": "Molten Awakened Draconium",
        "amount": 2500
      }
    ]
  },
  {
    "machine": "gg.recipe.extreme_heat_exchanger",
    "recipeType": "gt_machine",
    "specialValue": 1,
    "itemInputs": [],
    "fluidInputs": [
      {
        "id": "plasma.force",
        "displayName": "Force Plasma",
        "amount": 2500
      },
      {
        "id": "ic2distilledwater",
        "displayName": "Distilled Water",
        "amount": 2531250
      }
    ],
    "itemOutputs": [],
    "fluidOutputs": [
      {
        "id": "ic2superheatedsteam",
        "displayName": "Superheated Steam",
        "amount": 0
      },
      {
        "id": "densesupercriticalsteam",
        "displayName": "Dense Supercritical Steam",
        "amount": 405000
      },
      {
        "id": "molten.force",
        "displayName": "Molten Force",
        "amount": 2500
      }
    ]
  },
  {
    "machine": "gg.recipe.extreme_heat_exchanger",
    "recipeType": "gt_machine",
    "specialValue": 1,
    "itemInputs": [],
    "fluidInputs": [
      {
        "id": "plasma.holmium",
        "displayName": "Holmium Plasma",
        "amount": 10000
      },
      {
        "id": "ic2distilledwater",
        "displayName": "Distilled Water",
        "amount": 21159900
      }
    ],
    "itemOutputs": [],
    "fluidOutputs": [
      {
        "id": "ic2superheatedsteam",
        "displayName": "Superheated Steam",
        "amount": 0
      },
      {
        "id": "densesupercriticalsteam",
        "displayName": "Dense Supercritical Steam",
        "amount": 3385584
      },
      {
        "id": "molten.holmium",
        "displayName": "Molten Holmium",
        "amount": 10000
      }
    ]
  },
  {
    "machine": "gg.recipe.extreme_heat_exchanger",
    "recipeType": "gt_machine",
    "specialValue": 1,
    "itemInputs": [],
    "fluidInputs": [
      {
        "id": "plasma.uranium235",
        "displayName": "Uranium 235 Plasma",
        "amount": 10000
      },
      {
        "id": "ic2distilledwater",
        "displayName": "Distilled Water",
        "amount": 27072000
      }
    ],
    "itemOutputs": [],
    "fluidOutputs": [
      {
        "id": "ic2superheatedsteam",
        "displayName": "Superheated Steam",
        "amount": 0
      },
      {
        "id": "densesupercriticalsteam",
        "displayName": "Dense Supercritical Steam",
        "amount": 4331520
      },
      {
        "id": "molten.uranium235",
        "displayName": "Molten Uranium 235",
        "amount": 10000
      }
    ]
  },
  {
    "machine": "gg.recipe.extreme_heat_exchanger",
    "recipeType": "gt_machine",
    "specialValue": 1,
    "itemInputs": [],
    "fluidInputs": [
      {
        "id": "plasma.boron",
        "displayName": "Boron Plasma",
        "amount": 2500
      },
      {
        "id": "ic2distilledwater",
        "displayName": "Distilled Water",
        "amount": 1584000
      }
    ],
    "itemOutputs": [],
    "fluidOutputs": [
      {
        "id": "ic2superheatedsteam",
        "displayName": "Superheated Steam",
        "amount": 0
      },
      {
        "id": "densesupercriticalsteam",
        "displayName": "Dense Supercritical Steam",
        "amount": 253440
      },
      {
        "id": "molten.boron",
        "displayName": "Molten Boron",
        "amount": 2500
      }
    ]
  },
  {
    "machine": "gg.recipe.extreme_heat_exchanger",
    "recipeType": "gt_machine",
    "specialValue": 1,
    "itemInputs": [],
    "fluidInputs": [
      {
        "id": "plasma.potassium",
        "displayName": "Potassium Plasma",
        "amount": 2500
      },
      {
        "id": "ic2distilledwater",
        "displayName": "Distilled Water",
        "amount": 2583351
      }
    ],
    "itemOutputs": [],
    "fluidOutputs": [
      {
        "id": "ic2superheatedsteam",
        "displayName": "Superheated Steam",
        "amount": 0
      },
      {
        "id": "densesupercriticalsteam",
        "displayName": "Dense Supercritical Steam",
        "amount": 413336
      },
      {
        "id": "molten.potassium",
        "displayName": "Molten Potassium",
        "amount": 2500
      }
    ]
  },
  {
    "machine": "gg.recipe.extreme_heat_exchanger",
    "recipeType": "gt_machine",
    "specialValue": 1,
    "itemInputs": [],
    "fluidInputs": [
      {
        "id": "plasma.cobalt",
        "displayName": "Cobalt Plasma",
        "amount": 2500
      },
      {
        "id": "ic2distilledwater",
        "displayName": "Distilled Water",
        "amount": 3058551
      }
    ],
    "itemOutputs": [],
    "fluidOutputs": [
      {
        "id": "ic2superheatedsteam",
        "displayName": "Superheated Steam",
        "amount": 0
      },
      {
        "id": "densesupercriticalsteam",
        "displayName": "Dense Supercritical Steam",
        "amount": 489368
      },
      {
        "id": "molten.cobalt",
        "displayName": "Molten Cobalt",
        "amount": 2500
      }
    ]
  },
  {
    "machine": "gg.recipe.extreme_heat_exchanger",
    "recipeType": "gt_machine",
    "specialValue": 1,
    "itemInputs": [],
    "fluidInputs": [
      {
        "id": "plasma.plutonium",
        "displayName": "Plutonium 239 Plasma",
        "amount": 25000
      },
      {
        "id": "ic2distilledwater",
        "displayName": "Distilled Water",
        "amount": 70848000
      }
    ],
    "itemOutputs": [],
    "fluidOutputs": [
      {
        "id": "ic2superheatedsteam",
        "displayName": "Superheated Steam",
        "amount": 0
      },
      {
        "id": "densesupercriticalsteam",
        "displayName": "Dense Supercritical Steam",
        "amount": 11335680
      },
      {
        "id": "molten.plutonium",
        "displayName": "Molten Plutonium 239",
        "amount": 25000
      }
    ]
  },
  {
    "machine": "gg.recipe.extreme_heat_exchanger",
    "recipeType": "gt_machine",
    "specialValue": 1,
    "itemInputs": [],
    "fluidInputs": [
      {
        "id": "plasma.erbium",
        "displayName": "Erbium Plasma",
        "amount": 10000
      },
      {
        "id": "ic2distilledwater",
        "displayName": "Distilled Water",
        "amount": 21162204
      }
    ],
    "itemOutputs": [],
    "fluidOutputs": [
      {
        "id": "ic2superheatedsteam",
        "displayName": "Superheated Steam",
        "amount": 0
      },
      {
        "id": "densesupercriticalsteam",
        "displayName": "Dense Supercritical Steam",
        "amount": 3385952
      },
      {
        "id": "molten.erbium",
        "displayName": "Molten Erbium",
        "amount": 10000
      }
    ]
  },
  {
    "machine": "gg.recipe.extreme_heat_exchanger",
    "recipeType": "gt_machine",
    "specialValue": 1,
    "itemInputs": [],
    "fluidInputs": [
      {
        "id": "plasma.nickel",
        "displayName": "Nickel Plasma",
        "amount": 2500
      },
      {
        "id": "ic2distilledwater",
        "displayName": "Distilled Water",
        "amount": 3006717
      }
    ],
    "itemOutputs": [],
    "fluidOutputs": [
      {
        "id": "ic2superheatedsteam",
        "displayName": "Superheated Steam",
        "amount": 0
      },
      {
        "id": "densesupercriticalsteam",
        "displayName": "Dense Supercritical Steam",
        "amount": 481074
      },
      {
        "id": "molten.nickel",
        "displayName": "Molten Nickel",
        "amount": 2500
      }
    ]
  },
  {
    "machine": "gg.recipe.extreme_heat_exchanger",
    "recipeType": "gt_machine",
    "specialValue": 1,
    "itemInputs": [],
    "fluidInputs": [
      {
        "id": "plasma.naquadria",
        "displayName": "Naquadria Plasma",
        "amount": 2500
      },
      {
        "id": "ic2distilledwater",
        "displayName": "Distilled Water",
        "amount": 1411200
      }
    ],
    "itemOutputs": [],
    "fluidOutputs": [
      {
        "id": "ic2superheatedsteam",
        "displayName": "Superheated Steam",
        "amount": 0
      },
      {
        "id": "densesupercriticalsteam",
        "displayName": "Dense Supercritical Steam",
        "amount": 225792
      },
      {
        "id": "molten.naquadria",
        "displayName": "Molten Naquadria",
        "amount": 2500
      }
    ]
  },
  {
    "machine": "gg.recipe.extreme_heat_exchanger",
    "recipeType": "gt_machine",
    "specialValue": 1,
    "itemInputs": [],
    "fluidInputs": [
      {
        "id": "plasma.desh",
        "displayName": "Desh Plasma",
        "amount": 500
      },
      {
        "id": "ic2distilledwater",
        "displayName": "Distilled Water",
        "amount": 141120
      }
    ],
    "itemOutputs": [],
    "fluidOutputs": [
      {
        "id": "ic2superheatedsteam",
        "displayName": "Superheated Steam",
        "amount": 0
      },
      {
        "id": "densesupercriticalsteam",
        "displayName": "Dense Supercritical Steam",
        "amount": 22579
      },
      {
        "id": "molten.desh",
        "displayName": "Molten Desh",
        "amount": 500
      }
    ]
  },
  {
    "machine": "gg.recipe.extreme_heat_exchanger",
    "recipeType": "gt_machine",
    "specialValue": 1,
    "itemInputs": [],
    "fluidInputs": [
      {
        "id": "plasma.dysprosium",
        "displayName": "Dysprosium Plasma",
        "amount": 2500
      },
      {
        "id": "ic2distilledwater",
        "displayName": "Distilled Water",
        "amount": 2332800
      }
    ],
    "itemOutputs": [],
    "fluidOutputs": [
      {
        "id": "ic2superheatedsteam",
        "displayName": "Superheated Steam",
        "amount": 0
      },
      {
        "id": "densesupercriticalsteam",
        "displayName": "Dense Supercritical Steam",
        "amount": 373248
      },
      {
        "id": "molten.dysprosium",
        "displayName": "Molten Dysprosium",
        "amount": 2500
      }
    ]
  },
  {
    "machine": "gg.recipe.extreme_heat_exchanger",
    "recipeType": "gt_machine",
    "specialValue": 1,
    "itemInputs": [],
    "fluidInputs": [
      {
        "id": "plasma.cerium",
        "displayName": "Cerium Plasma",
        "amount": 10000
      },
      {
        "id": "ic2distilledwater",
        "displayName": "Distilled Water",
        "amount": 19514868
      }
    ],
    "itemOutputs": [],
    "fluidOutputs": [
      {
        "id": "ic2superheatedsteam",
        "displayName": "Superheated Steam",
        "amount": 0
      },
      {
        "id": "densesupercriticalsteam",
        "displayName": "Dense Supercritical Steam",
        "amount": 3122379
      },
      {
        "id": "molten.cerium",
        "displayName": "Molten Cerium",
        "amount": 10000
      }
    ]
  },
  {
    "machine": "gg.recipe.extreme_heat_exchanger",
    "recipeType": "gt_machine",
    "specialValue": 1,
    "itemInputs": [],
    "fluidInputs": [
      {
        "id": "plasma.oriharukon",
        "displayName": "Oriharukon Plasma",
        "amount": 2500
      },
      {
        "id": "ic2distilledwater",
        "displayName": "Distilled Water",
        "amount": 2894400
      }
    ],
    "itemOutputs": [],
    "fluidOutputs": [
      {
        "id": "ic2superheatedsteam",
        "displayName": "Superheated Steam",
        "amount": 0
      },
      {
        "id": "densesupercriticalsteam",
        "displayName": "Dense Supercritical Steam",
        "amount": 463104
      },
      {
        "id": "molten.oriharukon",
        "displayName": "Molten Oriharukon",
        "amount": 2500
      }
    ]
  },
  {
    "machine": "gg.recipe.extreme_heat_exchanger",
    "recipeType": "gt_machine",
    "specialValue": 1,
    "itemInputs": [],
    "fluidInputs": [
      {
        "id": "plasma.chlorine",
        "displayName": "Chlorine Plasma",
        "amount": 2500
      },
      {
        "id": "ic2distilledwater",
        "displayName": "Distilled Water",
        "amount": 2419200
      }
    ],
    "itemOutputs": [],
    "fluidOutputs": [
      {
        "id": "ic2superheatedsteam",
        "displayName": "Superheated Steam",
        "amount": 0
      },
      {
        "id": "densesupercriticalsteam",
        "displayName": "Dense Supercritical Steam",
        "amount": 387072
      },
      {
        "id": "chlorine",
        "displayName": "Chlorine",
        "amount": 2500
      }
    ]
  },
  {
    "machine": "gg.recipe.extreme_heat_exchanger",
    "recipeType": "gt_machine",
    "specialValue": 1,
    "itemInputs": [],
    "fluidInputs": [
      {
        "id": "plasma.neutronium",
        "displayName": "Neutronium Plasma",
        "amount": 2500
      },
      {
        "id": "ic2distilledwater",
        "displayName": "Distilled Water",
        "amount": 1440000
      }
    ],
    "itemOutputs": [],
    "fluidOutputs": [
      {
        "id": "ic2superheatedsteam",
        "displayName": "Superheated Steam",
        "amount": 0
      },
      {
        "id": "densesupercriticalsteam",
        "displayName": "Dense Supercritical Steam",
        "amount": 230400
      },
      {
        "id": "molten.neutronium",
        "displayName": "Molten Neutronium",
        "amount": 2500
      }
    ]
  },
  {
    "machine": "gg.recipe.extreme_heat_exchanger",
    "recipeType": "gt_machine",
    "specialValue": 1,
    "itemInputs": [],
    "fluidInputs": [
      {
        "id": "plasma.lithium",
        "displayName": "Lithium Plasma",
        "amount": 2500
      },
      {
        "id": "ic2distilledwater",
        "displayName": "Distilled Water",
        "amount": 1411200
      }
    ],
    "itemOutputs": [],
    "fluidOutputs": [
      {
        "id": "ic2superheatedsteam",
        "displayName": "Superheated Steam",
        "amount": 0
      },
      {
        "id": "densesupercriticalsteam",
        "displayName": "Dense Supercritical Steam",
        "amount": 225792
      },
      {
        "id": "molten.lithium",
        "displayName": "Molten Lithium",
        "amount": 2500
      }
    ]
  },
  {
    "machine": "gg.recipe.extreme_heat_exchanger",
    "recipeType": "gt_machine",
    "specialValue": 1,
    "itemInputs": [],
    "fluidInputs": [
      {
        "id": "plasma.calcium",
        "displayName": "Calcium Plasma",
        "amount": 2500
      },
      {
        "id": "ic2distilledwater",
        "displayName": "Distilled Water",
        "amount": 2649599
      }
    ],
    "itemOutputs": [],
    "fluidOutputs": [
      {
        "id": "ic2superheatedsteam",
        "displayName": "Superheated Steam",
        "amount": 0
      },
      {
        "id": "densesupercriticalsteam",
        "displayName": "Dense Supercritical Steam",
        "amount": 423935
      },
      {
        "id": "molten.calcium",
        "displayName": "Molten Calcium",
        "amount": 2500
      }
    ]
  },
  {
    "machine": "gg.recipe.extreme_heat_exchanger",
    "recipeType": "gt_machine",
    "specialValue": 1,
    "itemInputs": [],
    "fluidInputs": [
      {
        "id": "plasma.hydrogen",
        "displayName": "Hydrogen Plasma",
        "amount": 500
      },
      {
        "id": "ic2distilledwater",
        "displayName": "Distilled Water",
        "amount": 57600
      }
    ],
    "itemOutputs": [],
    "fluidOutputs": [
      {
        "id": "ic2superheatedsteam",
        "displayName": "Superheated Steam",
        "amount": 0
      },
      {
        "id": "densesupercriticalsteam",
        "displayName": "Dense Supercritical Steam",
        "amount": 9216
      },
      {
        "id": "hydrogen",
        "displayName": "Hydrogen Gas",
        "amount": 500
      }
    ]
  },
  {
    "machine": "gg.recipe.extreme_heat_exchanger",
    "recipeType": "gt_machine",
    "specialValue": 1,
    "itemInputs": [],
    "fluidInputs": [
      {
        "id": "plasma.copper",
        "displayName": "Copper Plasma",
        "amount": 2500
      },
      {
        "id": "ic2distilledwater",
        "displayName": "Distilled Water",
        "amount": 3084468
      }
    ],
    "itemOutputs": [],
    "fluidOutputs": [
      {
        "id": "ic2superheatedsteam",
        "displayName": "Superheated Steam",
        "amount": 0
      },
      {
        "id": "densesupercriticalsteam",
        "displayName": "Dense Supercritical Steam",
        "amount": 493515
      },
      {
        "id": "molten.copper",
        "displayName": "Molten Copper",
        "amount": 2500
      }
    ]
  },
  {
    "machine": "gg.recipe.extreme_heat_exchanger",
    "recipeType": "gt_machine",
    "specialValue": 1,
    "itemInputs": [],
    "fluidInputs": [
      {
        "id": "plasma.tritium",
        "displayName": "Tritium Plasma",
        "amount": 500
      },
      {
        "id": "ic2distilledwater",
        "displayName": "Distilled Water",
        "amount": 172800
      }
    ],
    "itemOutputs": [],
    "fluidOutputs": [
      {
        "id": "ic2superheatedsteam",
        "displayName": "Superheated Steam",
        "amount": 0
      },
      {
        "id": "densesupercriticalsteam",
        "displayName": "Dense Supercritical Steam",
        "amount": 27648
      },
      {
        "id": "tritium",
        "displayName": "Tritium",
        "amount": 500
      }
    ]
  },
  {
    "machine": "gg.recipe.extreme_heat_exchanger",
    "recipeType": "gt_machine",
    "specialValue": 1,
    "itemInputs": [],
    "fluidInputs": [
      {
        "id": "plasma.rubidium",
        "displayName": "Rubidium Plasma",
        "amount": 2500
      },
      {
        "id": "ic2distilledwater",
        "displayName": "Distilled Water",
        "amount": 3427200
      }
    ],
    "itemOutputs": [],
    "fluidOutputs": [
      {
        "id": "ic2superheatedsteam",
        "displayName": "Superheated Steam",
        "amount": 0
      },
      {
        "id": "densesupercriticalsteam",
        "displayName": "Dense Supercritical Steam",
        "amount": 548352
      },
      {
        "id": "molten.rubidium",
        "displayName": "Molten Rubidium",
        "amount": 2500
      }
    ]
  },
  {
    "machine": "gg.recipe.extreme_heat_exchanger",
    "recipeType": "gt_machine",
    "specialValue": 1,
    "itemInputs": [],
    "fluidInputs": [
      {
        "id": "plasma.sixphasedcopper",
        "displayName": "Six-Phased Copper Plasma",
        "amount": 2500
      },
      {
        "id": "ic2distilledwater",
        "displayName": "Distilled Water",
        "amount": 1411200
      }
    ],
    "itemOutputs": [],
    "fluidOutputs": [
      {
        "id": "ic2superheatedsteam",
        "displayName": "Superheated Steam",
        "amount": 0
      },
      {
        "id": "densesupercriticalsteam",
        "displayName": "Dense Supercritical Steam",
        "amount": 225792
      },
      {
        "id": "molten.sixphasedcopper",
        "displayName": "Molten Six-Phased Copper",
        "amount": 2500
      }
    ]
  },
  {
    "machine": "gg.recipe.extreme_heat_exchanger",
    "recipeType": "gt_machine",
    "specialValue": 1,
    "itemInputs": [],
    "fluidInputs": [
      {
        "id": "plasma.palladium",
        "displayName": "Palladium Plasma",
        "amount": 2500
      },
      {
        "id": "ic2distilledwater",
        "displayName": "Distilled Water",
        "amount": 3968634
      }
    ],
    "itemOutputs": [],
    "fluidOutputs": [
      {
        "id": "ic2superheatedsteam",
        "displayName": "Superheated Steam",
        "amount": 0
      },
      {
        "id": "densesupercriticalsteam",
        "displayName": "Dense Supercritical Steam",
        "amount": 634981
      },
      {
        "id": "molten.palladium",
        "displayName": "Molten Palladium",
        "amount": 2500
      }
    ]
  },
  {
    "machine": "gg.recipe.extreme_heat_exchanger",
    "recipeType": "gt_machine",
    "specialValue": 1,
    "itemInputs": [],
    "fluidInputs": [
      {
        "id": "plasma.tantalum",
        "displayName": "Tantalum Plasma",
        "amount": 10000
      },
      {
        "id": "ic2distilledwater",
        "displayName": "Distilled Water",
        "amount": 21600000
      }
    ],
    "itemOutputs": [],
    "fluidOutputs": [
      {
        "id": "ic2superheatedsteam",
        "displayName": "Superheated Steam",
        "amount": 0
      },
      {
        "id": "densesupercriticalsteam",
        "displayName": "Dense Supercritical Steam",
        "amount": 3456000
      },
      {
        "id": "molten.tantalum",
        "displayName": "Molten Tantalum",
        "amount": 10000
      }
    ]
  },
  {
    "machine": "gg.recipe.extreme_heat_exchanger",
    "recipeType": "gt_machine",
    "specialValue": 1,
    "itemInputs": [],
    "fluidInputs": [
      {
        "id": "plasma.gallium",
        "displayName": "Gallium Plasma",
        "amount": 2500
      },
      {
        "id": "ic2distilledwater",
        "displayName": "Distilled Water",
        "amount": 3225599
      }
    ],
    "itemOutputs": [],
    "fluidOutputs": [
      {
        "id": "ic2superheatedsteam",
        "displayName": "Superheated Steam",
        "amount": 0
      },
      {
        "id": "densesupercriticalsteam",
        "displayName": "Dense Supercritical Steam",
        "amount": 516095
      },
      {
        "id": "molten.gallium",
        "displayName": "Molten Gallium",
        "amount": 2500
      }
    ]
  },
  {
    "machine": "gg.recipe.extreme_heat_exchanger",
    "recipeType": "gt_machine",
    "specialValue": 1,
    "itemInputs": [],
    "fluidInputs": [
      {
        "id": "plasma.platinum",
        "displayName": "Platinum Plasma",
        "amount": 10000
      },
      {
        "id": "ic2distilledwater",
        "displayName": "Distilled Water",
        "amount": 22464000
      }
    ],
    "itemOutputs": [],
    "fluidOutputs": [
      {
        "id": "ic2superheatedsteam",
        "displayName": "Superheated Steam",
        "amount": 0
      },
      {
        "id": "densesupercriticalsteam",
        "displayName": "Dense Supercritical Steam",
        "amount": 3594240
      },
      {
        "id": "molten.platinum",
        "displayName": "Molten Platinum",
        "amount": 10000
      }
    ]
  },
  {
    "machine": "gg.recipe.extreme_heat_exchanger",
    "recipeType": "gt_machine",
    "specialValue": 1,
    "itemInputs": [],
    "fluidInputs": [
      {
        "id": "plasma.thorium",
        "displayName": "Thorium Plasma",
        "amount": 10000
      },
      {
        "id": "ic2distilledwater",
        "displayName": "Distilled Water",
        "amount": 26496000
      }
    ],
    "itemOutputs": [],
    "fluidOutputs": [
      {
        "id": "ic2superheatedsteam",
        "displayName": "Superheated Steam",
        "amount": 0
      },
      {
        "id": "densesupercriticalsteam",
        "displayName": "Dense Supercritical Steam",
        "amount": 4239360
      },
      {
        "id": "molten.thorium",
        "displayName": "Molten Thorium",
        "amount": 10000
      }
    ]
  },
  {
    "machine": "gg.recipe.extreme_heat_exchanger",
    "recipeType": "gt_machine",
    "specialValue": 1,
    "itemInputs": [],
    "fluidInputs": [
      {
        "id": "plasma.molybdenum",
        "displayName": "Molybdenum Plasma",
        "amount": 2500
      },
      {
        "id": "ic2distilledwater",
        "displayName": "Distilled Water",
        "amount": 3830400
      }
    ],
    "itemOutputs": [],
    "fluidOutputs": [
      {
        "id": "ic2superheatedsteam",
        "displayName": "Superheated Steam",
        "amount": 0
      },
      {
        "id": "densesupercriticalsteam",
        "displayName": "Dense Supercritical Steam",
        "amount": 612864
      },
      {
        "id": "molten.molybdenum",
        "displayName": "Molten Molybdenum",
        "amount": 2500
      }
    ]
  },
  {
    "machine": "gg.recipe.extreme_heat_exchanger",
    "recipeType": "gt_machine",
    "specialValue": 1,
    "itemInputs": [],
    "fluidInputs": [
      {
        "id": "plasma.iron",
        "displayName": "Iron Plasma",
        "amount": 2500
      },
      {
        "id": "ic2distilledwater",
        "displayName": "Distilled Water",
        "amount": 2903034
      }
    ],
    "itemOutputs": [],
    "fluidOutputs": [
      {
        "id": "ic2superheatedsteam",
        "displayName": "Superheated Steam",
        "amount": 0
      },
      {
        "id": "densesupercriticalsteam",
        "displayName": "Dense Supercritical Steam",
        "amount": 464485
      },
      {
        "id": "molten.iron",
        "displayName": "Molten Iron",
        "amount": 2500
      }
    ]
  },
  {
    "machine": "gg.recipe.extreme_heat_exchanger",
    "recipeType": "gt_machine",
    "specialValue": 1,
    "itemInputs": [],
    "fluidInputs": [
      {
        "id": "plasma.manganese",
        "displayName": "Manganese Plasma",
        "amount": 2500
      },
      {
        "id": "ic2distilledwater",
        "displayName": "Distilled Water",
        "amount": 2851200
      }
    ],
    "itemOutputs": [],
    "fluidOutputs": [
      {
        "id": "ic2superheatedsteam",
        "displayName": "Superheated Steam",
        "amount": 0
      },
      {
        "id": "densesupercriticalsteam",
        "displayName": "Dense Supercritical Steam",
        "amount": 456192
      },
      {
        "id": "molten.manganese",
        "displayName": "Molten Manganese",
        "amount": 2500
      }
    ]
  },
  {
    "machine": "gg.recipe.extreme_heat_exchanger",
    "recipeType": "gt_machine",
    "specialValue": 1,
    "itemInputs": [],
    "fluidInputs": [
      {
        "id": "plasma.indium",
        "displayName": "Indium Plasma",
        "amount": 2500
      },
      {
        "id": "ic2distilledwater",
        "displayName": "Distilled Water",
        "amount": 4169657
      }
    ],
    "itemOutputs": [],
    "fluidOutputs": [
      {
        "id": "ic2superheatedsteam",
        "displayName": "Superheated Steam",
        "amount": 0
      },
      {
        "id": "densesupercriticalsteam",
        "displayName": "Dense Supercritical Steam",
        "amount": 667145
      },
      {
        "id": "molten.indium",
        "displayName": "Molten Indium",
        "amount": 2500
      }
    ]
  },
  {
    "machine": "gg.recipe.extreme_heat_exchanger",
    "recipeType": "gt_machine",
    "specialValue": 1,
    "itemInputs": [],
    "fluidInputs": [
      {
        "id": "plasma.iridium",
        "displayName": "Iridium Plasma",
        "amount": 10000
      },
      {
        "id": "ic2distilledwater",
        "displayName": "Distilled Water",
        "amount": 22339574
      }
    ],
    "itemOutputs": [],
    "fluidOutputs": [
      {
        "id": "ic2superheatedsteam",
        "displayName": "Superheated Steam",
        "amount": 0
      },
      {
        "id": "densesupercriticalsteam",
        "displayName": "Dense Supercritical Steam",
        "amount": 3574332
      },
      {
        "id": "molten.iridium",
        "displayName": "Molten Iridium",
        "amount": 10000
      }
    ]
  },
  {
    "machine": "gg.recipe.extreme_heat_exchanger",
    "recipeType": "gt_machine",
    "specialValue": 1,
    "itemInputs": [],
    "fluidInputs": [
      {
        "id": "plasma.osmium",
        "displayName": "Osmium Plasma",
        "amount": 10000
      },
      {
        "id": "ic2distilledwater",
        "displayName": "Distilled Water",
        "amount": 22143318
      }
    ],
    "itemOutputs": [],
    "fluidOutputs": [
      {
        "id": "ic2superheatedsteam",
        "displayName": "Superheated Steam",
        "amount": 0
      },
      {
        "id": "densesupercriticalsteam",
        "displayName": "Dense Supercritical Steam",
        "amount": 3542931
      },
      {
        "id": "molten.osmium",
        "displayName": "Molten Osmium",
        "amount": 10000
      }
    ]
  },
  {
    "machine": "gg.recipe.extreme_heat_exchanger",
    "recipeType": "gt_machine",
    "specialValue": 1,
    "itemInputs": [],
    "fluidInputs": [
      {
        "id": "plasma.aluminium",
        "displayName": "Aluminium Plasma",
        "amount": 2500
      },
      {
        "id": "ic2distilledwater",
        "displayName": "Distilled Water",
        "amount": 2246400
      }
    ],
    "itemOutputs": [],
    "fluidOutputs": [
      {
        "id": "ic2superheatedsteam",
        "displayName": "Superheated Steam",
        "amount": 0
      },
      {
        "id": "densesupercriticalsteam",
        "displayName": "Dense Supercritical Steam",
        "amount": 359424
      },
      {
        "id": "molten.aluminium",
        "displayName": "Molten Aluminium",
        "amount": 2500
      }
    ]
  },
  {
    "machine": "gg.recipe.extreme_heat_exchanger",
    "recipeType": "gt_machine",
    "specialValue": 1,
    "itemInputs": [],
    "fluidInputs": [
      {
        "id": "plasma.plutonium241",
        "displayName": "Plutonium 241 Plasma",
        "amount": 10000
      },
      {
        "id": "ic2distilledwater",
        "displayName": "Distilled Water",
        "amount": 27993600
      }
    ],
    "itemOutputs": [],
    "fluidOutputs": [
      {
        "id": "ic2superheatedsteam",
        "displayName": "Superheated Steam",
        "amount": 0
      },
      {
        "id": "densesupercriticalsteam",
        "displayName": "Dense Supercritical Steam",
        "amount": 4478976
      },
      {
        "id": "molten.plutonium241",
        "displayName": "Molten Plutonium 241",
        "amount": 10000
      }
    ]
  },
  {
    "machine": "gg.recipe.extreme_heat_exchanger",
    "recipeType": "gt_machine",
    "specialValue": 1,
    "itemInputs": [],
    "fluidInputs": [
      {
        "id": "plasma.samarium",
        "displayName": "Samarium Plasma",
        "amount": 10000
      },
      {
        "id": "ic2distilledwater",
        "displayName": "Distilled Water",
        "amount": 19872000
      }
    ],
    "itemOutputs": [],
    "fluidOutputs": [
      {
        "id": "ic2superheatedsteam",
        "displayName": "Superheated Steam",
        "amount": 0
      },
      {
        "id": "densesupercriticalsteam",
        "displayName": "Dense Supercritical Steam",
        "amount": 3179520
      },
      {
        "id": "molten.samarium",
        "displayName": "Molten Samarium",
        "amount": 10000
      }
    ]
  },
  {
    "machine": "gg.recipe.extreme_heat_exchanger",
    "recipeType": "gt_machine",
    "specialValue": 1,
    "itemInputs": [],
    "fluidInputs": [
      {
        "id": "plasma.radon",
        "displayName": "Radon Plasma",
        "amount": 10000
      },
      {
        "id": "ic2distilledwater",
        "displayName": "Distilled Water",
        "amount": 25344000
      }
    ],
    "itemOutputs": [],
    "fluidOutputs": [
      {
        "id": "ic2superheatedsteam",
        "displayName": "Superheated Steam",
        "amount": 0
      },
      {
        "id": "densesupercriticalsteam",
        "displayName": "Dense Supercritical Steam",
        "amount": 4055040
      },
      {
        "id": "radon",
        "displayName": "Radon",
        "amount": 10000
      }
    ]
  },
  {
    "machine": "gg.recipe.extreme_heat_exchanger",
    "recipeType": "gt_machine",
    "specialValue": 1,
    "itemInputs": [],
    "fluidInputs": [
      {
        "id": "plasma.lutetium",
        "displayName": "Lutetium Plasma",
        "amount": 10000
      },
      {
        "id": "ic2distilledwater",
        "displayName": "Distilled Water",
        "amount": 21447900
      }
    ],
    "itemOutputs": [],
    "fluidOutputs": [
      {
        "id": "ic2superheatedsteam",
        "displayName": "Superheated Steam",
        "amount": 0
      },
      {
        "id": "densesupercriticalsteam",
        "displayName": "Dense Supercritical Steam",
        "amount": 3431664
      },
      {
        "id": "molten.lutetium",
        "displayName": "Molten Lutetium",
        "amount": 10000
      }
    ]
  },
  {
    "machine": "gg.recipe.extreme_heat_exchanger",
    "recipeType": "gt_machine",
    "specialValue": 1,
    "itemInputs": [],
    "fluidInputs": [
      {
        "id": "plasma.tellurium",
        "displayName": "Tellurium Plasma",
        "amount": 2500
      },
      {
        "id": "ic2distilledwater",
        "displayName": "Distilled Water",
        "amount": 1828800
      }
    ],
    "itemOutputs": [],
    "fluidOutputs": [
      {
        "id": "ic2superheatedsteam",
        "displayName": "Superheated Steam",
        "amount": 0
      },
      {
        "id": "densesupercriticalsteam",
        "displayName": "Dense Supercritical Steam",
        "amount": 292608
      },
      {
        "id": "molten.tellurium",
        "displayName": "Molten Tellurium",
        "amount": 2500
      }
    ]
  },
  {
    "machine": "gg.recipe.extreme_heat_exchanger",
    "recipeType": "gt_machine",
    "specialValue": 1,
    "itemInputs": [],
    "fluidInputs": [
      {
        "id": "plasma.fluorine",
        "displayName": "Fluorine Plasma",
        "amount": 2500
      },
      {
        "id": "ic2distilledwater",
        "displayName": "Distilled Water",
        "amount": 2073599
      }
    ],
    "itemOutputs": [],
    "fluidOutputs": [
      {
        "id": "ic2superheatedsteam",
        "displayName": "Superheated Steam",
        "amount": 0
      },
      {
        "id": "densesupercriticalsteam",
        "displayName": "Dense Supercritical Steam",
        "amount": 331775
      },
      {
        "id": "fluorine",
        "displayName": "Fluorine",
        "amount": 2500
      }
    ]
  },
  {
    "machine": "gg.recipe.extreme_heat_exchanger",
    "recipeType": "gt_machine",
    "specialValue": 1,
    "itemInputs": [],
    "fluidInputs": [
      {
        "id": "plasma.lanthanum",
        "displayName": "Lanthanum Plasma",
        "amount": 10000
      },
      {
        "id": "ic2distilledwater",
        "displayName": "Distilled Water",
        "amount": 19395056
      }
    ],
    "itemOutputs": [],
    "fluidOutputs": [
      {
        "id": "ic2superheatedsteam",
        "displayName": "Superheated Steam",
        "amount": 0
      },
      {
        "id": "densesupercriticalsteam",
        "displayName": "Dense Supercritical Steam",
        "amount": 3103209
      },
      {
        "id": "molten.lanthanum",
        "displayName": "Molten Lanthanum",
        "amount": 10000
      }
    ]
  },
  {
    "machine": "gg.recipe.extreme_heat_exchanger",
    "recipeType": "gt_machine",
    "specialValue": 1,
    "itemInputs": [],
    "fluidInputs": [
      {
        "id": "plasma.helium",
        "displayName": "Helium Plasma",
        "amount": 500
      },
      {
        "id": "ic2distilledwater",
        "displayName": "Distilled Water",
        "amount": 230400
      }
    ],
    "itemOutputs": [],
    "fluidOutputs": [
      {
        "id": "ic2superheatedsteam",
        "displayName": "Superheated Steam",
        "amount": 0
      },
      {
        "id": "densesupercriticalsteam",
        "displayName": "Dense Supercritical Steam",
        "amount": 36864
      },
      {
        "id": "helium",
        "displayName": "Helium Gas",
        "amount": 500
      }
    ]
  },
  {
    "machine": "gg.recipe.extreme_heat_exchanger",
    "recipeType": "gt_machine",
    "specialValue": 1,
    "itemInputs": [],
    "fluidInputs": [
      {
        "id": "plasma.infinity",
        "displayName": "Infinity Plasma",
        "amount": 2500
      },
      {
        "id": "ic2distilledwater",
        "displayName": "Distilled Water",
        "amount": 1411200
      }
    ],
    "itemOutputs": [],
    "fluidOutputs": [
      {
        "id": "ic2superheatedsteam",
        "displayName": "Superheated Steam",
        "amount": 0
      },
      {
        "id": "densesupercriticalsteam",
        "displayName": "Dense Supercritical Steam",
        "amount": 225792
      },
      {
        "id": "molten.infinity",
        "displayName": "Molten Infinity",
        "amount": 2500
      }
    ]
  },
  {
    "machine": "gg.recipe.extreme_heat_exchanger",
    "recipeType": "gt_machine",
    "specialValue": 1,
    "itemInputs": [],
    "fluidInputs": [
      {
        "id": "plasma.promethium",
        "displayName": "Promethium Plasma",
        "amount": 10000
      },
      {
        "id": "ic2distilledwater",
        "displayName": "Distilled Water",
        "amount": 19574776
      }
    ],
    "itemOutputs": [],
    "fluidOutputs": [
      {
        "id": "ic2superheatedsteam",
        "displayName": "Superheated Steam",
        "amount": 0
      },
      {
        "id": "densesupercriticalsteam",
        "displayName": "Dense Supercritical Steam",
        "amount": 3131964
      },
      {
        "id": "molten.promethium",
        "displayName": "Molten Promethium",
        "amount": 10000
      }
    ]
  },
  {
    "machine": "gg.recipe.extreme_heat_exchanger",
    "recipeType": "gt_machine",
    "specialValue": 1,
    "itemInputs": [],
    "fluidInputs": [
      {
        "id": "plasma.thulium",
        "displayName": "Thulium Plasma",
        "amount": 10000
      },
      {
        "id": "ic2distilledwater",
        "displayName": "Distilled Water",
        "amount": 21288938
      }
    ],
    "itemOutputs": [],
    "fluidOutputs": [
      {
        "id": "ic2superheatedsteam",
        "displayName": "Superheated Steam",
        "amount": 0
      },
      {
        "id": "densesupercriticalsteam",
        "displayName": "Dense Supercritical Steam",
        "amount": 3406230
      },
      {
        "id": "molten.thulium",
        "displayName": "Molten Thulium",
        "amount": 10000
      }
    ]
  },
  {
    "machine": "gg.recipe.extreme_heat_exchanger",
    "recipeType": "gt_machine",
    "specialValue": 1,
    "itemInputs": [],
    "fluidInputs": [
      {
        "id": "plasma.tritanium",
        "displayName": "Tritanium Plasma",
        "amount": 10000
      },
      {
        "id": "ic2distilledwater",
        "displayName": "Distilled Water",
        "amount": 18604798
      }
    ],
    "itemOutputs": [],
    "fluidOutputs": [
      {
        "id": "ic2superheatedsteam",
        "displayName": "Superheated Steam",
        "amount": 0
      },
      {
        "id": "densesupercriticalsteam",
        "displayName": "Dense Supercritical Steam",
        "amount": 2976767
      },
      {
        "id": "molten.tritanium",
        "displayName": "Molten Tritanium",
        "amount": 10000
      }
    ]
  },
  {
    "machine": "gg.recipe.extreme_heat_exchanger",
    "recipeType": "gt_machine",
    "specialValue": 1,
    "itemInputs": [],
    "fluidInputs": [
      {
        "id": "plasma.lead",
        "displayName": "Lead Plasma",
        "amount": 10000
      },
      {
        "id": "ic2distilledwater",
        "displayName": "Distilled Water",
        "amount": 23846398
      }
    ],
    "itemOutputs": [],
    "fluidOutputs": [
      {
        "id": "ic2superheatedsteam",
        "displayName": "Superheated Steam",
        "amount": 0
      },
      {
        "id": "densesupercriticalsteam",
        "displayName": "Dense Supercritical Steam",
        "amount": 3815423
      },
      {
        "id": "molten.lead",
        "displayName": "Molten Lead",
        "amount": 10000
      }
    ]
  },
  {
    "machine": "gg.recipe.extreme_heat_exchanger",
    "recipeType": "gt_machine",
    "specialValue": 1,
    "itemInputs": [],
    "fluidInputs": [
      {
        "id": "plasma.vanadium",
        "displayName": "Vanadium Plasma",
        "amount": 2500
      },
      {
        "id": "ic2distilledwater",
        "displayName": "Distilled Water",
        "amount": 2790717
      }
    ],
    "itemOutputs": [],
    "fluidOutputs": [
      {
        "id": "ic2superheatedsteam",
        "displayName": "Superheated Steam",
        "amount": 0
      },
      {
        "id": "densesupercriticalsteam",
        "displayName": "Dense Supercritical Steam",
        "amount": 446514
      },
      {
        "id": "molten.vanadium",
        "displayName": "Molten Vanadium",
        "amount": 2500
      }
    ]
  },
  {
    "machine": "gg.recipe.extreme_heat_exchanger",
    "recipeType": "gt_machine",
    "specialValue": 1,
    "itemInputs": [],
    "fluidInputs": [
      {
        "id": "plasma.nitrogen",
        "displayName": "Nitrogen Plasma",
        "amount": 2500
      },
      {
        "id": "ic2distilledwater",
        "displayName": "Distilled Water",
        "amount": 1814400
      }
    ],
    "itemOutputs": [],
    "fluidOutputs": [
      {
        "id": "ic2superheatedsteam",
        "displayName": "Superheated Steam",
        "amount": 0
      },
      {
        "id": "densesupercriticalsteam",
        "displayName": "Dense Supercritical Steam",
        "amount": 290304
      },
      {
        "id": "nitrogen",
        "displayName": "Nitrogen Gas",
        "amount": 2500
      }
    ]
  },
  {
    "machine": "gg.recipe.extreme_heat_exchanger",
    "recipeType": "gt_machine",
    "specialValue": 1,
    "itemInputs": [],
    "fluidInputs": [
      {
        "id": "plasma.tungsten",
        "displayName": "Tungsten Plasma",
        "amount": 10000
      },
      {
        "id": "ic2distilledwater",
        "displayName": "Distilled Water",
        "amount": 21643762
      }
    ],
    "itemOutputs": [],
    "fluidOutputs": [
      {
        "id": "ic2superheatedsteam",
        "displayName": "Superheated Steam",
        "amount": 0
      },
      {
        "id": "densesupercriticalsteam",
        "displayName": "Dense Supercritical Steam",
        "amount": 3463001
      },
      {
        "id": "molten.tungsten",
        "displayName": "Molten Tungsten",
        "amount": 10000
      }
    ]
  },
  {
    "machine": "gg.recipe.extreme_heat_exchanger",
    "recipeType": "gt_machine",
    "specialValue": 1,
    "itemInputs": [],
    "fluidInputs": [
      {
        "id": "plasma.antimony",
        "displayName": "Antimony Plasma",
        "amount": 10000
      },
      {
        "id": "ic2distilledwater",
        "displayName": "Distilled Water",
        "amount": 17424000
      }
    ],
    "itemOutputs": [],
    "fluidOutputs": [
      {
        "id": "ic2superheatedsteam",
        "displayName": "Superheated Steam",
        "amount": 0
      },
      {
        "id": "densesupercriticalsteam",
        "displayName": "Dense Supercritical Steam",
        "amount": 2787840
      },
      {
        "id": "molten.antimony",
        "displayName": "Molten Antimony",
        "amount": 10000
      }
    ]
  },
  {
    "machine": "gg.recipe.extreme_heat_exchanger",
    "recipeType": "gt_machine",
    "specialValue": 1,
    "itemInputs": [],
    "fluidInputs": [
      {
        "id": "plasma.magnesium",
        "displayName": "Magnesium Plasma",
        "amount": 2500
      },
      {
        "id": "ic2distilledwater",
        "displayName": "Distilled Water",
        "amount": 2142717
      }
    ],
    "itemOutputs": [],
    "fluidOutputs": [
      {
        "id": "ic2superheatedsteam",
        "displayName": "Superheated Steam",
        "amount": 0
      },
      {
        "id": "densesupercriticalsteam",
        "displayName": "Dense Supercritical Steam",
        "amount": 342834
      },
      {
        "id": "molten.magnesium",
        "displayName": "Molten Magnesium",
        "amount": 2500
      }
    ]
  },
  {
    "machine": "gg.recipe.extreme_heat_exchanger",
    "recipeType": "gt_machine",
    "specialValue": 1,
    "itemInputs": [],
    "fluidInputs": [
      {
        "id": "plasma.deuterium",
        "displayName": "Deuterium Plasma",
        "amount": 500
      },
      {
        "id": "ic2distilledwater",
        "displayName": "Distilled Water",
        "amount": 115200
      }
    ],
    "itemOutputs": [],
    "fluidOutputs": [
      {
        "id": "ic2superheatedsteam",
        "displayName": "Superheated Steam",
        "amount": 0
      },
      {
        "id": "densesupercriticalsteam",
        "displayName": "Dense Supercritical Steam",
        "amount": 18432
      },
      {
        "id": "deuterium",
        "displayName": "Deuterium",
        "amount": 500
      }
    ]
  },
  {
    "machine": "gg.recipe.extreme_heat_exchanger",
    "recipeType": "gt_machine",
    "specialValue": 1,
    "itemInputs": [],
    "fluidInputs": [
      {
        "id": "plasma.neodymium",
        "displayName": "Neodymium Plasma",
        "amount": 10000
      },
      {
        "id": "ic2distilledwater",
        "displayName": "Distilled Water",
        "amount": 19574776
      }
    ],
    "itemOutputs": [],
    "fluidOutputs": [
      {
        "id": "ic2superheatedsteam",
        "displayName": "Superheated Steam",
        "amount": 0
      },
      {
        "id": "densesupercriticalsteam",
        "displayName": "Dense Supercritical Steam",
        "amount": 3131964
      },
      {
        "id": "molten.neodymium",
        "displayName": "Molten Neodymium",
        "amount": 10000
      }
    ]
  },
  {
    "machine": "gg.recipe.extreme_heat_exchanger",
    "recipeType": "gt_machine",
    "specialValue": 1,
    "itemInputs": [],
    "fluidInputs": [
      {
        "id": "plasma.oxygen",
        "displayName": "Oxygen Plasma",
        "amount": 2500
      },
      {
        "id": "ic2distilledwater",
        "displayName": "Distilled Water",
        "amount": 1843200
      }
    ],
    "itemOutputs": [],
    "fluidOutputs": [
      {
        "id": "ic2superheatedsteam",
        "displayName": "Superheated Steam",
        "amount": 0
      },
      {
        "id": "densesupercriticalsteam",
        "displayName": "Dense Supercritical Steam",
        "amount": 294912
      },
      {
        "id": "oxygen",
        "displayName": "Oxygen Gas",
        "amount": 2500
      }
    ]
  },
  {
    "machine": "gg.recipe.extreme_heat_exchanger",
    "recipeType": "gt_machine",
    "specialValue": 1,
    "itemInputs": [],
    "fluidInputs": [
      {
        "id": "plasma.caesium",
        "displayName": "Caesium Plasma",
        "amount": 10000
      },
      {
        "id": "ic2distilledwater",
        "displayName": "Distilled Water",
        "amount": 18703856
      }
    ],
    "itemOutputs": [],
    "fluidOutputs": [
      {
        "id": "ic2superheatedsteam",
        "displayName": "Superheated Steam",
        "amount": 0
      },
      {
        "id": "densesupercriticalsteam",
        "displayName": "Dense Supercritical Steam",
        "amount": 2992617
      },
      {
        "id": "molten.caesium",
        "displayName": "Molten Caesium",
        "amount": 10000
      }
    ]
  },
  {
    "machine": "gg.recipe.extreme_heat_exchanger",
    "recipeType": "gt_machine",
    "specialValue": 1,
    "itemInputs": [],
    "fluidInputs": [
      {
        "id": "plasma.europium",
        "displayName": "Europium Plasma",
        "amount": 10000
      },
      {
        "id": "ic2distilledwater",
        "displayName": "Distilled Water",
        "amount": 20004468
      }
    ],
    "itemOutputs": [],
    "fluidOutputs": [
      {
        "id": "ic2superheatedsteam",
        "displayName": "Superheated Steam",
        "amount": 0
      },
      {
        "id": "densesupercriticalsteam",
        "displayName": "Dense Supercritical Steam",
        "amount": 3200715
      },
      {
        "id": "molten.europium",
        "displayName": "Molten Europium",
        "amount": 10000
      }
    ]
  },
  {
    "machine": "gg.recipe.extreme_heat_exchanger",
    "recipeType": "gt_machine",
    "specialValue": 1,
    "itemInputs": [],
    "fluidInputs": [
      {
        "id": "plasma.bismuth",
        "displayName": "Bismuth Plasma",
        "amount": 10000
      },
      {
        "id": "ic2distilledwater",
        "displayName": "Distilled Water",
        "amount": 23961600
      }
    ],
    "itemOutputs": [],
    "fluidOutputs": [
      {
        "id": "ic2superheatedsteam",
        "displayName": "Superheated Steam",
        "amount": 0
      },
      {
        "id": "densesupercriticalsteam",
        "displayName": "Dense Supercritical Steam",
        "amount": 3833856
      },
      {
        "id": "molten.bismuth",
        "displayName": "Molten Bismuth",
        "amount": 10000
      }
    ]
  },
  {
    "machine": "gg.recipe.extreme_heat_exchanger",
    "recipeType": "gt_machine",
    "specialValue": 1,
    "itemInputs": [],
    "fluidInputs": [
      {
        "id": "plasma.naquadah",
        "displayName": "Naquadah Plasma",
        "amount": 10000
      },
      {
        "id": "ic2distilledwater",
        "displayName": "Distilled Water",
        "amount": 19008000
      }
    ],
    "itemOutputs": [],
    "fluidOutputs": [
      {
        "id": "ic2superheatedsteam",
        "displayName": "Superheated Steam",
        "amount": 0
      },
      {
        "id": "densesupercriticalsteam",
        "displayName": "Dense Supercritical Steam",
        "amount": 3041280
      },
      {
        "id": "molten.naquadah",
        "displayName": "Molten Naquadah",
        "amount": 10000
      }
    ]
  }
]