[
  {
    "machine": "ggfab.recipe.toolcast",
    "recipeType": "gt_machine",
    "euPerTick": 120,
    "duration": 120,
    "itemInputs": [
      {
        "id": "ggfab:gt.ggfab.d1:34",
        "displayName": "Tool Casting Mold (Hard Hammer)",
        "amount": 0
      }
    ],
    "fluidInputs": [
      {
        "id": "molten.steel",
        "displayName": "Molten Steel",
        "amount": 864
      }
    ],
    "itemOutputs": [
      {
        "id": "ggfab:gt.ggfab.d1:4",
        "displayName": "Single Use Hard Hammer",
        "amount": 64
      },
      {
        "id": "ggfab:gt.ggfab.d1:4",
        "displayName": "Single Use Hard Hammer",
        "amount": 64
      }
    ],
    "fluidOutputs": []
  },
  {
    "machine": "ggfab.recipe.toolcast",
    "recipeType": "gt_machine",
    "euPerTick": 120,
    "duration": 120,
    "itemInputs": [
      {
        "id": "ggfab:gt.ggfab.d1:36",
        "displayName": "Tool Casting Mold (Screwdriver)",
        "amount": 0
      }
    ],
    "fluidInputs": [
      {
        "id": "molten.steel",
        "displayName": "Molten Steel",
        "amount": 144
      }
    ],
    "itemOutputs": [
      {
        "id": "ggfab:gt.ggfab.d1:6",
        "displayName": "Single Use Screwdriver",
        "amount": 64
      },
      {
        "id": "ggfab:gt.ggfab.d1:6",
        "displayName": "Single Use Screwdriver",
        "amount": 64
      }
    ],
    "fluidOutputs": []
  },
  {
    "machine": "ggfab.recipe.toolcast",
    "recipeType": "gt_machine",
    "euPerTick": 120,
    "duration": 240,
    "itemInputs": [
      {
        "id": "ggfab:gt.ggfab.d1:31",
        "displayName": "Tool Casting Mold (Wrench)",
        "amount": 0
      }
    ],
    "fluidInputs": [
      {
        "id": "molten.steel",
        "displayName": "Molten Steel",
        "amount": 1728
      }
    ],
    "itemOutputs": [
      {
        "id": "ggfab:gt.ggfab.d1:1",
        "displayName": "Single Use Wrench",
        "amount": 64
      },
      {
        "id": "ggfab:gt.ggfab.d1:1",
        "displayName": "Single Use Wrench",
        "amount": 64
      }
    ],
    "fluidOutputs": []
  },
  {
    "machine": "ggfab.recipe.toolcast",
    "recipeType": "gt_machine",
    "euPerTick": 120,
    "duration": 30,
    "itemInputs": [
      {
        "id": "ggfab:gt.ggfab.d1:32",
        "displayName": "Tool Casting Mold (Crowbar)",
        "amount": 0
      }
    ],
    "fluidInputs": [
      {
        "id": "molten.steel",
        "displayName": "Molten Steel",
        "amount": 54
      }
    ],
    "itemOutputs": [
      {
        "id": "ggfab:gt.ggfab.d1:2",
        "displayName": "Single Use Crowbar",
        "amount": 64
      },
      {
        "id": "ggfab:gt.ggfab.d1:2",
        "displayName": "Single Use Crowbar",
        "amount": 64
      }
    ],
    "fluidOutputs": []
  },
  {
    "machine": "ggfab.recipe.toolcast",
    "recipeType": "gt_machine",
    "euPerTick": 120,
    "duration": 120,
    "itemInputs": [
      {
        "id": "ggfab:gt.ggfab.d1:33",
        "displayName": "Tool Casting Mold (Wire Cutter)",
        "amount": 0
      }
    ],
    "fluidInputs": [
      {
        "id": "molten.steel",
        "displayName": "Molten Steel",
        "amount": 592
      }
    ],
    "itemOutputs": [
      {
        "id": "ggfab:gt.ggfab.d1:3",
        "displayName": "Single Use Wire Cutter",
        "amount": 64
      },
      {
        "id": "ggfab:gt.ggfab.d1:3",
        "displayName": "Single Use Wire Cutter",
        "amount": 64
      }
    ],
    "fluidOutputs": []
  },
  {
    "machine": "ggfab.recipe.toolcast",
    "recipeType": "gt_machine",
    "euPerTick": 120,
    "duration": 120,
    "itemInputs": [
      {
        "id": "ggfab:gt.ggfab.d1:30",
        "displayName": "Tool Casting Mold (File)",
        "amount": 0
      }
    ],
    "fluidInputs": [
      {
        "id": "molten.steel",
        "displayName": "Molten Steel",
        "amount": 288
      }
    ],
    "itemOutputs": [
      {
        "id": "ggfab:gt.ggfab.d1:0",
        "displayName": "Single Use File",
        "amount": 64
      },
      {
        "id": "ggfab:gt.ggfab.d1:0",
        "displayName": "Single Use File",
        "amount": 64
      }
    ],
    "fluidOutputs": []
  },
  {
    "machine": "ggfab.recipe.toolcast",
    "recipeType": "gt_machine",
    "euPerTick": 120,
    "duration": 120,
    "itemInputs": [
      {
        "id": "ggfab:gt.ggfab.d1:37",
        "displayName": "Tool Casting Mold (Saw)",
        "amount": 0
      }
    ],
    "fluidInputs": [
      {
        "id": "molten.steel",
        "displayName": "Molten Steel",
        "amount": 288
      }
    ],
    "itemOutputs": [
      {
        "id": "ggfab:gt.ggfab.d1:7",
        "displayName": "Single Use Saw",
        "amount": 64
      },
      {
        "id": "ggfab:gt.ggfab.d1:7",
        "displayName": "Single Use Saw",
        "amount": 64
      },
      {
        "id": "ggfab:gt.ggfab.d1:7",
        "displayName": "Single Use Saw",
        "amount": 64
      },
      {
        "id": "ggfab:gt.ggfab.d1:7",
        "displayName": "Single Use Saw",
        "amount": 64
      }
    ],
    "fluidOutputs": []
  },
  {
    "machine": "ggfab.recipe.toolcast",
    "recipeType": "gt_machine",
    "euPerTick": 120,
    "duration": 1920,
    "itemInputs": [
      {
        "id": "ggfab:gt.ggfab.d1:34",
        "displayName": "Tool Casting Mold (Hard Hammer)",
        "amount": 0
      }
    ],
    "fluidInputs": [
      {
        "id": "molten.silver",
        "displayName": "Molten Silver",
        "amount": 13824
      }
    ],
    "itemOutputs": [
      {
        "id": "ggfab:gt.ggfab.d1:4",
        "displayName": "Single Use Hard Hammer",
        "amount": 64
      },
      {
        "id": "ggfab:gt.ggfab.d1:4",
        "displayName": "Single Use Hard Hammer",
        "amount": 64
      }
    ],
    "fluidOutputs": []
  },
  {
    "machine": "ggfab.recipe.toolcast",
    "recipeType": "gt_machine",
    "euPerTick": 120,
    "duration": 1920,
    "itemInputs": [
      {
        "id": "ggfab:gt.ggfab.d1:36",
        "displayName": "Tool Casting Mold (Screwdriver)",
        "amount": 0
      }
    ],
    "fluidInputs": [
      {
        "id": "molten.silver",
        "displayName": "Molten Silver",
        "amount": 2304
      }
    ],
    "itemOutputs": [
      {
        "id": "ggfab:gt.ggfab.d1:6",
        "displayName": "Single Use Screwdriver",
        "amount": 64
      },
      {
        "id": "ggfab:gt.ggfab.d1:6",
        "displayName": "Single Use Screwdriver",
        "amount": 64
      }
    ],
    "fluidOutputs": []
  },
  {
    "machine": "ggfab.recipe.toolcast",
    "recipeType": "gt_machine",
    "euPerTick": 120,
    "duration": 3840,
    "itemInputs": [
      {
        "id": "ggfab:gt.ggfab.d1:31",
        "displayName": "Tool Casting Mold (Wrench)",
        "amount": 0
      }
    ],
    "fluidInputs": [
      {
        "id": "molten.silver",
        "displayName": "Molten Silver",
        "amount": 27648
      }
    ],
    "itemOutputs": [
      {
        "id": "ggfab:gt.ggfab.d1:1",
        "displayName": "Single Use Wrench",
        "amount": 64
      },
      {
        "id": "ggfab:gt.ggfab.d1:1",
        "displayName": "Single Use Wrench",
        "amount": 64
      }
    ],
    "fluidOutputs": []
  },
  {
    "machine": "ggfab.recipe.toolcast",
    "recipeType": "gt_machine",
    "euPerTick": 120,
    "duration": 480,
    "itemInputs": [
      {
        "id": "ggfab:gt.ggfab.d1:32",
        "displayName": "Tool Casting Mold (Crowbar)",
        "amount": 0
      }
    ],
    "fluidInputs": [
      {
        "id": "molten.silver",
        "displayName": "Molten Silver",
        "amount": 864
      }
    ],
    "itemOutputs": [
      {
        "id": "ggfab:gt.ggfab.d1:2",
        "displayName": "Single Use Crowbar",
        "amount": 64
      },
      {
        "id": "ggfab:gt.ggfab.d1:2",
        "displayName": "Single Use Crowbar",
        "amount": 64
      }
    ],
    "fluidOutputs": []
  },
  {
    "machine": "ggfab.recipe.toolcast",
    "recipeType": "gt_machine",
    "euPerTick": 120,
    "duration": 1920,
    "itemInputs": [
      {
        "id": "ggfab:gt.ggfab.d1:33",
        "displayName": "Tool Casting Mold (Wire Cutter)",
        "amount": 0
      }
    ],
    "fluidInputs": [
      {
        "id": "molten.silver",
        "displayName": "Molten Silver",
        "amount": 9472
      }
    ],
    "itemOutputs": [
      {
        "id": "ggfab:gt.ggfab.d1:3",
        "displayName": "Single Use Wire Cutter",
        "amount": 64
      },
      {
        "id": "ggfab:gt.ggfab.d1:3",
        "displayName": "Single Use Wire Cutter",
        "amount": 64
      }
    ],
    "fluidOutputs": []
  },
  {
    "machine": "ggfab.recipe.toolcast",
    "recipeType": "gt_machine",
    "euPerTick": 120,
    "duration": 1920,
    "itemInputs": [
      {
        "id": "ggfab:gt.ggfab.d1:30",
        "displayName": "Tool Casting Mold (File)",
        "amount": 0
      }
    ],
    "fluidInputs": [
      {
        "id": "molten.silver",
        "displayName": "Molten Silver",
        "amount": 4608
      }
    ],
    "itemOutputs": [
      {
        "id": "ggfab:gt.ggfab.d1:0",
        "displayName": "Single Use File",
        "amount": 64
      },
      {
        "id": "ggfab:gt.ggfab.d1:0",
        "displayName": "Single Use File",
        "amount": 64
      }
    ],
    "fluidOutputs": []
  },
  {
    "machine": "ggfab.recipe.toolcast",
    "recipeType": "gt_machine",
    "euPerTick": 120,
    "duration": 960,
    "itemInputs": [
      {
        "id": "ggfab:gt.ggfab.d1:37",
        "displayName": "Tool Casting Mold (Saw)",
        "amount": 0
      }
    ],
    "fluidInputs": [
      {
        "id": "molten.silver",
        "displayName": "Molten Silver",
        "amount": 2304
      }
    ],
    "itemOutputs": [
      {
        "id": "ggfab:gt.ggfab.d1:7",
        "displayName": "Single Use Saw",
        "amount": 64
      },
      {
        "id": "ggfab:gt.ggfab.d1:7",
        "displayName": "Single Use Saw",
        "amount": 64
      }
    ],
    "fluidOutputs": []
  },
  {
    "machine": "ggfab.recipe.toolcast",
    "recipeType": "gt_machine",
    "euPerTick": 120,
    "duration": 60,
    "itemInputs": [
      {
        "id": "ggfab:gt.ggfab.d1:34",
        "displayName": "Tool Casting Mold (Hard Hammer)",
        "amount": 0
      }
    ],
    "fluidInputs": [
      {
        "id": "molten.vanadiumsteel",
        "displayName": "Molten Vanadiumsteel",
        "amount": 432
      }
    ],
    "itemOutputs": [
      {
        "id": "ggfab:gt.ggfab.d1:4",
        "displayName": "Single Use Hard Hammer",
        "amount": 64
      },
      {
        "id": "ggfab:gt.ggfab.d1:4",
        "displayName": "Single Use Hard Hammer",
        "amount": 64
      },
      {
        "id": "ggfab:gt.ggfab.d1:4",
        "displayName": "Single Use Hard Hammer",
        "amount": 64
      },
      {
        "id": "ggfab:gt.ggfab.d1:4",
        "displayName": "Single Use Hard Hammer",
        "amount": 48
      }
    ],
    "fluidOutputs": []
  },
  {
    "machine": "ggfab.recipe.toolcast",
    "recipeType": "gt_machine",
    "euPerTick": 120,
    "duration": 60,
    "itemInputs": [
      {
        "id": "ggfab:gt.ggfab.d1:36",
        "displayName": "Tool Casting Mold (Screwdriver)",
        "amount": 0
      }
    ],
    "fluidInputs": [
      {
        "id": "molten.vanadiumsteel",
        "displayName": "Molten Vanadiumsteel",
        "amount": 72
      }
    ],
    "itemOutputs": [
      {
        "id": "ggfab:gt.ggfab.d1:6",
        "displayName": "Single Use Screwdriver",
        "amount": 64
      },
      {
        "id": "ggfab:gt.ggfab.d1:6",
        "displayName": "Single Use Screwdriver",
        "amount": 64
      },
      {
        "id": "ggfab:gt.ggfab.d1:6",
        "displayName": "Single Use Screwdriver",
        "amount": 64
      },
      {
        "id": "ggfab:gt.ggfab.d1:6",
        "displayName": "Single Use Screwdriver",
        "amount": 48
      }
    ],
    "fluidOutputs": []
  },
  {
    "machine": "ggfab.recipe.toolcast",
    "recipeType": "gt_machine",
    "euPerTick": 120,
    "duration": 120,
    "itemInputs": [
      {
        "id": "ggfab:gt.ggfab.d1:31",
        "displayName": "Tool Casting Mold (Wrench)",
        "amount": 0
      }
    ],
    "fluidInputs": [
      {
        "id": "molten.vanadiumsteel",
        "displayName": "Molten Vanadiumsteel",
        "amount": 864
      }
    ],
    "itemOutputs": [
      {
        "id": "ggfab:gt.ggfab.d1:1",
        "displayName": "Single Use Wrench",
        "amount": 64
      },
      {
        "id": "ggfab:gt.ggfab.d1:1",
        "displayName": "Single Use Wrench",
        "amount": 64
      },
      {
        "id": "ggfab:gt.ggfab.d1:1",
        "displayName": "Single Use Wrench",
        "amount": 64
      },
      {
        "id": "ggfab:gt.ggfab.d1:1",
        "displayName": "Single Use Wrench",
        "amount": 48
      }
    ],
    "fluidOutputs": []
  },
  {
    "machine": "ggfab.recipe.toolcast",
    "recipeType": "gt_machine",
    "euPerTick": 120,
    "duration": 15,
    "itemInputs": [
      {
        "id": "ggfab:gt.ggfab.d1:32",
        "displayName": "Tool Casting Mold (Crowbar)",
        "amount": 0
      }
    ],
    "fluidInputs": [
      {
        "id": "molten.vanadiumsteel",
        "displayName": "Molten Vanadiumsteel",
        "amount": 27
      }
    ],
    "itemOutputs": [
      {
        "id": "ggfab:gt.ggfab.d1:2",
        "displayName": "Single Use Crowbar",
        "amount": 64
      },
      {
        "id": "ggfab:gt.ggfab.d1:2",
        "displayName": "Single Use Crowbar",
        "amount": 64
      },
      {
        "id": "ggfab:gt.ggfab.d1:2",
        "displayName": "Single Use Crowbar",
        "amount": 64
      },
      {
        "id": "ggfab:gt.ggfab.d1:2",
        "displayName": "Single Use Crowbar",
        "amount": 48
      }
    ],
    "fluidOutputs": []
  },
  {
    "machine": "ggfab.recipe.toolcast",
    "recipeType": "gt_machine",
    "euPerTick": 120,
    "duration": 60,
    "itemInputs": [
      {
        "id": "ggfab:gt.ggfab.d1:33",
        "displayName": "Tool Casting Mold (Wire Cutter)",
        "amount": 0
      }
    ],
    "fluidInputs": [
      {
        "id": "molten.vanadiumsteel",
        "displayName": "Molten Vanadiumsteel",
        "amount": 296
      }
    ],
    "itemOutputs": [
      {
        "id": "ggfab:gt.ggfab.d1:3",
        "displayName": "Single Use Wire Cutter",
        "amount": 64
      },
      {
        "id": "ggfab:gt.ggfab.d1:3",
        "displayName": "Single Use Wire Cutter",
        "amount": 64
      },
      {
        "id": "ggfab:gt.ggfab.d1:3",
        "displayName": "Single Use Wire Cutter",
        "amount": 64
      },
      {
        "id": "ggfab:gt.ggfab.d1:3",
        "displayName": "Single Use Wire Cutter",
        "amount": 48
      }
    ],
    "fluidOutputs": []
  },
  {
    "machine": "ggfab.recipe.toolcast",
    "recipeType": "gt_machine",
    "euPerTick": 120,
    "duration": 60,
    "itemInputs": [
      {
        "id": "ggfab:gt.ggfab.d1:30",
        "displayName": "Tool Casting Mold (File)",
        "amount": 0
      }
    ],
    "fluidInputs": [
      {
        "id": "molten.vanadiumsteel",
        "displayName": "Molten Vanadiumsteel",
        "amount": 144
      }
    ],
    "itemOutputs": [
      {
        "id": "ggfab:gt.ggfab.d1:0",
        "displayName": "Single Use File",
        "amount": 64
      },
      {
        "id": "ggfab:gt.ggfab.d1:0",
        "displayName": "Single Use File",
        "amount": 64
      },
      {
        "id": "ggfab:gt.ggfab.d1:0",
        "displayName": "Single Use File",
        "amount": 64
      },
      {
        "id": "ggfab:gt.ggfab.d1:0",
        "displayName": "Single Use File",
        "amount": 48
      }
    ],
    "fluidOutputs": []
  },
  {
    "machine": "ggfab.recipe.toolcast",
    "recipeType": "gt_machine",
    "euPerTick": 120,
    "duration": 30,
    "itemInputs": [
      {
        "id": "ggfab:gt.ggfab.d1:37",
        "displayName": "Tool Casting Mold (Saw)",
        "amount": 0
      }
    ],
    "fluidInputs": [
      {
        "id": "molten.vanadiumsteel",
        "displayName": "Molten Vanadiumsteel",
        "amount": 72
      }
    ],
    "itemOutputs": [
      {
        "id": "ggfab:gt.ggfab.d1:7",
        "displayName": "Single Use Saw",
        "amount": 64
      },
      {
        "id": "ggfab:gt.ggfab.d1:7",
        "displayName": "Single Use Saw",
        "amount": 64
      },
      {
        "id": "ggfab:gt.ggfab.d1:7",
        "displayName": "Single Use Saw",
        "amount": 64
      },
      {
        "id": "ggfab:gt.ggfab.d1:7",
        "displayName": "Single Use Saw",
        "amount": 48
      }
    ],
    "fluidOutputs": []
  },
  {
    "machine": "ggfab.recipe.toolcast",
    "recipeType": "gt_machine",
    "euPerTick": 120,
    "duration": 30,
    "itemInputs": [
      {
        "id": "ggfab:gt.ggfab.d1:34",
        "displayName": "Tool Casting Mold (Hard Hammer)",
        "amount": 0
      }
    ],
    "fluidInputs": [
      {
        "id": "molten.tungstensteel",
        "displayName": "Molten Tungstensteel",
        "amount": 216
      }
    ],
    "itemOutputs": [
      {
        "id": "ggfab:gt.ggfab.d1:4",
        "displayName": "Single Use Hard Hammer",
        "amount": 64
      },
      {
        "id": "ggfab:gt.ggfab.d1:4",
        "displayName": "Single Use Hard Hammer",
        "amount": 64
      },
      {
        "id": "ggfab:gt.ggfab.d1:4",
        "displayName": "Single Use Hard Hammer",
        "amount": 32
      }
    ],
    "fluidOutputs": []
  },
  {
    "machine": "ggfab.recipe.toolcast",
    "recipeType": "gt_machine",
    "euPerTick": 120,
    "duration": 30,
    "itemInputs": [
      {
        "id": "ggfab:gt.ggfab.d1:36",
        "displayName": "Tool Casting Mold (Screwdriver)",
        "amount": 0
      }
    ],
    "fluidInputs": [
      {
        "id": "molten.tungstensteel",
        "displayName": "Molten Tungstensteel",
        "amount": 36
      }
    ],
    "itemOutputs": [
      {
        "id": "ggfab:gt.ggfab.d1:6",
        "displayName": "Single Use Screwdriver",
        "amount": 64
      },
      {
        "id": "ggfab:gt.ggfab.d1:6",
        "displayName": "Single Use Screwdriver",
        "amount": 64
      },
      {
        "id": "ggfab:gt.ggfab.d1:6",
        "displayName": "Single Use Screwdriver",
        "amount": 32
      }
    ],
    "fluidOutputs": []
  },
  {
    "machine": "ggfab.recipe.toolcast",
    "recipeType": "gt_machine",
    "euPerTick": 120,
    "duration": 60,
    "itemInputs": [
      {
        "id": "ggfab:gt.ggfab.d1:31",
        "displayName": "Tool Casting Mold (Wrench)",
        "amount": 0
      }
    ],
    "fluidInputs": [
      {
        "id": "molten.tungstensteel",
        "displayName": "Molten Tungstensteel",
        "amount": 432
      }
    ],
    "itemOutputs": [
      {
        "id": "ggfab:gt.ggfab.d1:1",
        "displayName": "Single Use Wrench",
        "amount": 64
      },
      {
        "id": "ggfab:gt.ggfab.d1:1",
        "displayName": "Single Use Wrench",
        "amount": 64
      },
      {
        "id": "ggfab:gt.ggfab.d1:1",
        "displayName": "Single Use Wrench",
        "amount": 32
      }
    ],
    "fluidOutputs": []
  },
  {
    "machine": "ggfab.recipe.toolcast",
    "recipeType": "gt_machine",
    "euPerTick": 120,
    "duration": 12,
    "itemInputs": [
      {
        "id": "ggfab:gt.ggfab.d1:32",
        "displayName": "Tool Casting Mold (Crowbar)",
        "amount": 0
      }
    ],
    "fluidInputs": [
      {
        "id": "molten.tungstensteel",
        "displayName": "Molten Tungstensteel",
        "amount": 21
      }
    ],
    "itemOutputs": [
      {
        "id": "ggfab:gt.ggfab.d1:2",
        "displayName": "Single Use Crowbar",
        "amount": 64
      },
      {
        "id": "ggfab:gt.ggfab.d1:2",
        "displayName": "Single Use Crowbar",
        "amount": 64
      },
      {
        "id": "ggfab:gt.ggfab.d1:2",
        "displayName": "Single Use Crowbar",
        "amount": 64
      },
      {
        "id": "ggfab:gt.ggfab.d1:2",
        "displayName": "Single Use Crowbar",
        "amount": 64
      }
    ],
    "fluidOutputs": []
  },
  {
    "machine": "ggfab.recipe.toolcast",
    "recipeType": "gt_machine",
    "euPerTick": 120,
    "duration": 30,
    "itemInputs": [
      {
        "id": "ggfab:gt.ggfab.d1:33",
        "displayName": "Tool Casting Mold (Wire Cutter)",
        "amount": 0
      }
    ],
    "fluidInputs": [
      {
        "id": "molten.tungstensteel",
        "displayName": "Molten Tungstensteel",
        "amount": 148
      }
    ],
    "itemOutputs": [
      {
        "id": "ggfab:gt.ggfab.d1:3",
        "displayName": "Single Use Wire Cutter",
        "amount": 64
      },
      {
        "id": "ggfab:gt.ggfab.d1:3",
        "displayName": "Single Use Wire Cutter",
        "amount": 64
      },
      {
        "id": "ggfab:gt.ggfab.d1:3",
        "displayName": "Single Use Wire Cutter",
        "amount": 32
      }
    ],
    "fluidOutputs": []
  },
  {
    "machine": "ggfab.recipe.toolcast",
    "recipeType": "gt_machine",
    "euPerTick": 120,
    "duration": 30,
    "itemInputs": [
      {
        "id": "ggfab:gt.ggfab.d1:30",
        "displayName": "Tool Casting Mold (File)",
        "amount": 0
      }
    ],
    "fluidInputs": [
      {
        "id": "molten.tungstensteel",
        "displayName": "Molten Tungstensteel",
        "amount": 72
      }
    ],
    "itemOutputs": [
      {
        "id": "ggfab:gt.ggfab.d1:0",
        "displayName": "Single Use File",
        "amount": 64
      },
      {
        "id": "ggfab:gt.ggfab.d1:0",
        "displayName": "Single Use File",
        "amount": 64
      },
      {
        "id": "ggfab:gt.ggfab.d1:0",
        "displayName": "Single Use File",
        "amount": 32
      }
    ],
    "fluidOutputs": []
  },
  {
    "machine": "ggfab.recipe.toolcast",
    "recipeType": "gt_machine",
    "euPerTick": 120,
    "duration": 15,
    "itemInputs": [
      {
        "id": "ggfab:gt.ggfab.d1:37",
        "displayName": "Tool Casting Mold (Saw)",
        "amount": 0
      }
    ],
    "fluidInputs": [
      {
        "id": "molten.tungstensteel",
        "displayName": "Molten Tungstensteel",
        "amount": 36
      }
    ],
    "itemOutputs": [
      {
        "id": "ggfab:gt.ggfab.d1:7",
        "displayName": "Single Use Saw",
        "amount": 64
      },
      {
        "id": "ggfab:gt.ggfab.d1:7",
        "displayName": "Single Use Saw",
        "amount": 64
      },
      {
        "id": "ggfab:gt.ggfab.d1:7",
        "displayName": "Single Use Saw",
        "amount": 32
      }
    ],
    "fluidOutputs": []
  },
  {
    "machine": "ggfab.recipe.toolcast",
    "recipeType": "gt_machine",
    "euPerTick": 120,
    "duration": 30,
    "itemInputs": [
      {
        "id": "ggfab:gt.ggfab.d1:34",
        "displayName": "Tool Casting Mold (Hard Hammer)",
        "amount": 0
      }
    ],
    "fluidInputs": [
      {
        "id": "molten.hssg",
        "displayName": "Molten HSS-G",
        "amount": 216
      }
    ],
    "itemOutputs": [
      {
        "id": "ggfab:gt.ggfab.d1:4",
        "displayName": "Single Use Hard Hammer",
        "amount": 64
      },
      {
        "id": "ggfab:gt.ggfab.d1:4",
        "displayName": "Single Use Hard Hammer",
        "amount": 64
      },
      {
        "id": "ggfab:gt.ggfab.d1:4",
        "displayName": "Single Use Hard Hammer",
        "amount": 64
      },
      {
        "id": "ggfab:gt.ggfab.d1:4",
        "displayName": "Single Use Hard Hammer",
        "amount": 58
      }
    ],
    "fluidOutputs": []
  },
  {
    "machine": "ggfab.recipe.toolcast",
    "recipeType": "gt_machine",
    "euPerTick": 120,
    "duration": 30,
    "itemInputs": [
      {
        "id": "ggfab:gt.ggfab.d1:36",
        "displayName": "Tool Casting Mold (Screwdriver)",
        "amount": 0
      }
    ],
    "fluidInputs": [
      {
        "id": "molten.hssg",
        "displayName": "Molten HSS-G",
        "amount": 36
      }
    ],
    "itemOutputs": [
      {
        "id": "ggfab:gt.ggfab.d1:6",
        "displayName": "Single Use Screwdriver",
        "amount": 64
      },
      {
        "id": "ggfab:gt.ggfab.d1:6",
        "displayName": "Single Use Screwdriver",
        "amount": 64
      },
      {
        "id": "ggfab:gt.ggfab.d1:6",
        "displayName": "Single Use Screwdriver",
        "amount": 64
      },
      {
        "id": "ggfab:gt.ggfab.d1:6",
        "displayName": "Single Use Screwdriver",
        "amount": 58
      }
    ],
    "fluidOutputs": []
  },
  {
    "machine": "ggfab.recipe.toolcast",
    "recipeType": "gt_machine",
    "euPerTick": 120,
    "duration": 60,
    "itemInputs": [
      {
        "id": "ggfab:gt.ggfab.d1:31",
        "displayName": "Tool Casting Mold (Wrench)",
        "amount": 0
      }
    ],
    "fluidInputs": [
      {
        "id": "molten.hssg",
        "displayName": "Molten HSS-G",
        "amount": 432
      }
    ],
    "itemOutputs": [
      {
        "id": "ggfab:gt.ggfab.d1:1",
        "displayName": "Single Use Wrench",
        "amount": 64
      },
      {
        "id": "ggfab:gt.ggfab.d1:1",
        "displayName": "Single Use Wrench",
        "amount": 64
      },
      {
        "id": "ggfab:gt.ggfab.d1:1",
        "displayName": "Single Use Wrench",
        "amount": 64
      },
      {
        "id": "ggfab:gt.ggfab.d1:1",
        "displayName": "Single Use Wrench",
        "amount": 58
      }
    ],
    "fluidOutputs": []
  },
  {
    "machine": "ggfab.recipe.toolcast",
    "recipeType": "gt_machine",
    "euPerTick": 120,
    "duration": 7,
    "itemInputs": [
      {
        "id": "ggfab:gt.ggfab.d1:32",
        "displayName": "Tool Casting Mold (Crowbar)",
        "amount": 0
      }
    ],
    "fluidInputs": [
      {
        "id": "molten.hssg",
        "displayName": "Molten HSS-G",
        "amount": 13
      }
    ],
    "itemOutputs": [
      {
        "id": "ggfab:gt.ggfab.d1:2",
        "displayName": "Single Use Crowbar",
        "amount": 64
      },
      {
        "id": "ggfab:gt.ggfab.d1:2",
        "displayName": "Single Use Crowbar",
        "amount": 64
      },
      {
        "id": "ggfab:gt.ggfab.d1:2",
        "displayName": "Single Use Crowbar",
        "amount": 64
      },
      {
        "id": "ggfab:gt.ggfab.d1:2",
        "displayName": "Single Use Crowbar",
        "amount": 64
      }
    ],
    "fluidOutputs": []
  },
  {
    "machine": "ggfab.recipe.toolcast",
    "recipeType": "gt_machine",
    "euPerTick": 120,
    "duration": 30,
    "itemInputs": [
      {
        "id": "ggfab:gt.ggfab.d1:33",
        "displayName": "Tool Casting Mold (Wire Cutter)",
        "amount": 0
      }
    ],
    "fluidInputs": [
      {
        "id": "molten.hssg",
        "displayName": "Molten HSS-G",
        "amount": 148
      }
    ],
    "itemOutputs": [
      {
        "id": "ggfab:gt.ggfab.d1:3",
        "displayName": "Single Use Wire Cutter",
        "amount": 64
      },
      {
        "id": "ggfab:gt.ggfab.d1:3",
        "displayName": "Single Use Wire Cutter",
        "amount": 64
      },
      {
        "id": "ggfab:gt.ggfab.d1:3",
        "displayName": "Single Use Wire Cutter",
        "amount": 64
      },
      {
        "id": "ggfab:gt.ggfab.d1:3",
        "displayName": "Single Use Wire Cutter",
        "amount": 58
      }
    ],
    "fluidOutputs": []
  },
  {
    "machine": "ggfab.recipe.toolcast",
    "recipeType": "gt_machine",
    "euPerTick": 120,
    "duration": 30,
    "itemInputs": [
      {
        "id": "ggfab:gt.ggfab.d1:30",
        "displayName": "Tool Casting Mold (File)",
        "amount": 0
      }
    ],
    "fluidInputs": [
      {
        "id": "molten.hssg",
        "displayName": "Molten HSS-G",
        "amount": 72
      }
    ],
    "itemOutputs": [
      {
        "id": "ggfab:gt.ggfab.d1:0",
        "displayName": "Single Use File",
        "amount": 64
      },
      {
        "id": "ggfab:gt.ggfab.d1:0",
        "displayName": "Single Use File",
        "amount": 64
      },
      {
        "id": "ggfab:gt.ggfab.d1:0",
        "displayName": "Single Use File",
        "amount": 64
      },
      {
        "id": "ggfab:gt.ggfab.d1:0",
        "displayName": "Single Use File",
        "amount": 58
      }
    ],
    "fluidOutputs": []
  },
  {
    "machine": "ggfab.recipe.toolcast",
    "recipeType": "gt_machine",
    "euPerTick": 120,
    "duration": 15,
    "itemInputs": [
      {
        "id": "ggfab:gt.ggfab.d1:37",
        "displayName": "Tool Casting Mold (Saw)",
        "amount": 0
      }
    ],
    "fluidInputs": [
      {
        "id": "molten.hssg",
        "displayName": "Molten HSS-G",
        "amount": 36
      }
    ],
    "itemOutputs": [
      {
        "id": "ggfab:gt.ggfab.d1:7",
        "displayName": "Single Use Saw",
        "amount": 64
      },
      {
        "id": "ggfab:gt.ggfab.d1:7",
        "displayName": "Single Use Saw",
        "amount": 64
      },
      {
        "id": "ggfab:gt.ggfab.d1:7",
        "displayName": "Single Use Saw",
        "amount": 64
      },
      {
        "id": "ggfab:gt.ggfab.d1:7",
        "displayName": "Single Use Saw",
        "amount": 58
      }
    ],
    "fluidOutputs": []
  },
  {
    "machine": "ggfab.recipe.toolcast",
    "recipeType": "gt_machine",
    "euPerTick": 120,
    "duration": 480,
    "itemInputs": [
      {
        "id": "ggfab:gt.ggfab.d1:35",
        "displayName": "Tool Casting Mold (Soft Hammer)",
        "amount": 0
      }
    ],
    "fluidInputs": [
      {
        "id": "molten.rubber",
        "displayName": "Molten Rubber",
        "amount": 3456
      }
    ],
    "itemOutputs": [
      {
        "id": "ggfab:gt.ggfab.d1:5",
        "displayName": "Single Use Soft Hammer",
        "amount": 64
      },
      {
        "id": "ggfab:gt.ggfab.d1:5",
        "displayName": "Single Use Soft Hammer",
        "amount": 64
      }
    ],
    "fluidOutputs": []
  },
  {
    "machine": "ggfab.recipe.toolcast",
    "recipeType": "gt_machine",
    "euPerTick": 120,
    "duration": 120,
    "itemInputs": [
      {
        "id": "ggfab:gt.ggfab.d1:35",
        "displayName": "Tool Casting Mold (Soft Hammer)",
        "amount": 0
      }
    ],
    "fluidInputs": [
      {
        "id": "molten.styrenebutadienerubber",
        "displayName": "Molten Styrene-Butadiene Rubber",
        "amount": 864
      }
    ],
    "itemOutputs": [
      {
        "id": "ggfab:gt.ggfab.d1:5",
        "displayName": "Single Use Soft Hammer",
        "amount": 64
      },
      {
        "id": "ggfab:gt.ggfab.d1:5",
        "displayName": "Single Use Soft Hammer",
        "amount": 64
      }
    ],
    "fluidOutputs": []
  },
  {
    "machine": "ggfab.recipe.toolcast",
    "recipeType": "gt_machine",
    "euPerTick": 120,
    "duration": 240,
    "itemInputs": [
      {
        "id": "ggfab:gt.ggfab.d1:35",
        "displayName": "Tool Casting Mold (Soft Hammer)",
        "amount": 0
      }
    ],
    "fluidInputs": [
      {
        "id": "molten.polybenzimidazole",
        "displayName": "Molten Polybenzimidazole",
        "amount": 1728
      }
    ],
    "itemOutputs": [
      {
        "id": "ggfab:gt.ggfab.d1:5",
        "displayName": "Single Use Soft Hammer",
        "amount": 64
      },
      {
        "id": "ggfab:gt.ggfab.d1:5",
        "displayName": "Single Use Soft Hammer",
        "amount": 64
      }
    ],
    "fluidOutputs": []
  }
]