[
  {
    "machine": "gt.recipe.plasmageneratorfuels",
    "recipeType": "gt_machine",
    "specialValue": 93184,
    "itemInputs": [
      {
        "id": "miscutils:itemCellPlasmaChromaticGlass:0",
        "displayName": "Chromatic Glass Plasma Cell",
        "amount": 1
      }
    ],
    "fluidInputs": [],
    "itemOutputs": [
      {
        "id": "IC2:itemCellEmpty:0",
        "displayName": "Empty Cell",
        "amount": 1
      }
    ],
    "fluidOutputs": []
  },
  {
    "machine": "gt.recipe.plasmageneratorfuels",
    "recipeType": "gt_machine",
    "specialValue": 350000,
    "itemInputs": [
      {
        "id": "miscutils:itemCellPlasmaRunite:0",
        "displayName": "Runite Plasma Cell",
        "amount": 1
      }
    ],
    "fluidInputs": [],
    "itemOutputs": [
      {
        "id": "IC2:itemCellEmpty:0",
        "displayName": "Empty Cell",
        "amount": 1
      }
    ],
    "fluidOutputs": []
  },
  {
    "machine": "gt.recipe.plasmageneratorfuels",
    "recipeType": "gt_machine",
    "specialValue": 242688,
    "itemInputs": [
      {
        "id": "miscutils:itemCellPlasmaNeptunium:0",
        "displayName": "Neptunium Plasma Cell",
        "amount": 1
      }
    ],
    "fluidInputs": [],
    "itemOutputs": [
      {
        "id": "IC2:itemCellEmpty:0",
        "displayName": "Empty Cell",
        "amount": 1
      }
    ],
    "fluidOutputs": []
  },
  {
    "machine": "gt.recipe.plasmageneratorfuels",
    "recipeType": "gt_machine",
    "specialValue": 93184,
    "itemInputs": [
      {
        "id": "miscutils:itemCellPlasmaAdvancedNitinol:0",
        "displayName": "Advanced Nitinol Plasma Cell",
        "amount": 1
      }
    ],
    "fluidInputs": [],
    "itemOutputs": [
      {
        "id": "IC2:itemCellEmpty:0",
        "displayName": "Empty Cell",
        "amount": 1
      }
    ],
    "fluidOutputs": []
  },
  {
    "machine": "gt.recipe.plasmageneratorfuels",
    "recipeType": "gt_machine",
    "specialValue": 502784,
    "itemInputs": [
      {
        "id": "miscutils:itemCellPlasmaHypogen:0",
        "displayName": "Hypogen Plasma Cell",
        "amount": 1
      }
    ],
    "fluidInputs": [],
    "itemOutputs": [
      {
        "id": "IC2:itemCellEmpty:0",
        "displayName": "Empty Cell",
        "amount": 1
      }
    ],
    "fluidOutputs": []
  },
  {
    "machine": "gt.recipe.plasmageneratorfuels",
    "recipeType": "gt_machine",
    "specialValue": 74752,
    "itemInputs": [
      {
        "id": "miscutils:itemCellPlasmaGermanium:0",
        "displayName": "Germanium Plasma Cell",
        "amount": 1
      }
    ],
    "fluidInputs": [],
    "itemOutputs": [
      {
        "id": "IC2:itemCellEmpty:0",
        "displayName": "Empty Cell",
        "amount": 1
      }
    ],
    "fluidOutputs": []
  },
  {
    "machine": "gt.recipe.plasmageneratorfuels",
    "recipeType": "gt_machine",
    "specialValue": 80896,
    "itemInputs": [
      {
        "id": "miscutils:itemCellPlasmaSelenium:0",
        "displayName": "Selenium Plasma Cell",
        "amount": 1
      }
    ],
    "fluidInputs": [],
    "itemOutputs": [
      {
        "id": "IC2:itemCellEmpty:0",
        "displayName": "Empty Cell",
        "amount": 1
      }
    ],
    "fluidOutputs": []
  },
  {
    "machine": "gt.recipe.plasmageneratorfuels",
    "recipeType": "gt_machine",
    "specialValue": 214016,
    "itemInputs": [
      {
        "id": "miscutils:itemCellPlasmaPolonium:0",
        "displayName": "Polonium Plasma Cell",
        "amount": 1
      }
    ],
    "fluidInputs": [],
    "itemOutputs": [
      {
        "id": "IC2:itemCellEmpty:0",
        "displayName": "Empty Cell",
        "amount": 1
      }
    ],
    "fluidOutputs": []
  },
  {
    "machine": "gt.recipe.plasmageneratorfuels",
    "recipeType": "gt_machine",
    "specialValue": 231424,
    "itemInputs": [
      {
        "id": "miscutils:itemCellPlasmaRadium:0",
        "displayName": "Radium Plasma Cell",
        "amount": 1
      }
    ],
    "fluidInputs": [],
    "itemOutputs": [
      {
        "id": "IC2:itemCellEmpty:0",
        "displayName": "Empty Cell",
        "amount": 1
      }
    ],
    "fluidOutputs": []
  },
  {
    "machine": "gt.recipe.plasmageneratorfuels",
    "recipeType": "gt_machine",
    "specialValue": 284672,
    "itemInputs": [
      {
        "id": "miscutils:itemCellPlasmaAstralTitanium:0",
        "displayName": "Astral Titanium Plasma Cell",
        "amount": 1
      }
    ],
    "fluidInputs": [],
    "itemOutputs": [
      {
        "id": "IC2:itemCellEmpty:0",
        "displayName": "Empty Cell",
        "amount": 1
      }
    ],
    "fluidOutputs": []
  },
  {
    "machine": "gt.recipe.plasmageneratorfuels",
    "recipeType": "gt_machine",
    "specialValue": 205824,
    "itemInputs": [
      {
        "id": "miscutils:itemCellPlasmaDragonblood:0",
        "displayName": "Dragonblood Plasma Cell",
        "amount": 1
      }
    ],
    "fluidInputs": [],
    "itemOutputs": [
      {
        "id": "IC2:itemCellEmpty:0",
        "displayName": "Empty Cell",
        "amount": 1
      }
    ],
    "fluidOutputs": []
  },
  {
    "machine": "gt.recipe.plasmageneratorfuels",
    "recipeType": "gt_machine",
    "specialValue": 263168,
    "itemInputs": [
      {
        "id": "miscutils:itemCellPlasmaFermium:0",
        "displayName": "Fermium Plasma Cell",
        "amount": 1
      }
    ],
    "fluidInputs": [],
    "itemOutputs": [
      {
        "id": "IC2:itemCellEmpty:0",
        "displayName": "Empty Cell",
        "amount": 1
      }
    ],
    "fluidOutputs": []
  },
  {
    "machine": "gt.recipe.plasmageneratorfuels",
    "recipeType": "gt_machine",
    "specialValue": 238592,
    "itemInputs": [
      {
        "id": "miscutils:itemCellPlasmaUranium233:0",
        "displayName": "Uranium 233 Plasma Cell",
        "amount": 1
      }
    ],
    "fluidInputs": [],
    "itemOutputs": [
      {
        "id": "IC2:itemCellEmpty:0",
        "displayName": "Empty Cell",
        "amount": 1
      }
    ],
    "fluidOutputs": []
  },
  {
    "machine": "gt.recipe.plasmageneratorfuels",
    "recipeType": "gt_machine",
    "specialValue": 208896,
    "itemInputs": [
      {
        "id": "miscutils:itemCellPlasmaThallium:0",
        "displayName": "Thallium Plasma Cell",
        "amount": 1
      }
    ],
    "fluidInputs": [],
    "itemOutputs": [
      {
        "id": "IC2:itemCellEmpty:0",
        "displayName": "Empty Cell",
        "amount": 1
      }
    ],
    "fluidOutputs": []
  },
  {
    "machine": "gt.recipe.plasmageneratorfuels",
    "recipeType": "gt_machine",
    "specialValue": 236544,
    "itemInputs": [
      {
        "id": "miscutils:itemCellPlasmaProtactinium:0",
        "displayName": "Protactinium Plasma Cell",
        "amount": 1
      }
    ],
    "fluidInputs": [],
    "itemOutputs": [
      {
        "id": "IC2:itemCellEmpty:0",
        "displayName": "Empty Cell",
        "amount": 1
      }
    ],
    "fluidOutputs": []
  },
  {
    "machine": "gt.recipe.plasmageneratorfuels",
    "recipeType": "gt_machine",
    "specialValue": 720000,
    "itemInputs": [
      {
        "id": "miscutils:itemCellPlasmaCelestialTungsten:0",
        "displayName": "Celestial Tungsten Plasma Cell",
        "amount": 1
      }
    ],
    "fluidInputs": [],
    "itemOutputs": [
      {
        "id": "IC2:itemCellEmpty:0",
        "displayName": "Empty Cell",
        "amount": 1
      }
    ],
    "fluidOutputs": []
  },
  {
    "machine": "gt.recipe.plasmageneratorfuels",
    "recipeType": "gt_machine",
    "specialValue": 252928,
    "itemInputs": [
      {
        "id": "miscutils:itemCellPlasmaCurium:0",
        "displayName": "Curium Plasma Cell",
        "amount": 1
      }
    ],
    "fluidInputs": [],
    "itemOutputs": [
      {
        "id": "IC2:itemCellEmpty:0",
        "displayName": "Empty Cell",
        "amount": 1
      }
    ],
    "fluidOutputs": []
  },
  {
    "machine": "gt.recipe.plasmageneratorfuels",
    "recipeType": "gt_machine",
    "specialValue": 190464,
    "itemInputs": [
      {
        "id": "miscutils:itemCellPlasmaRhenium:0",
        "displayName": "Rhenium Plasma Cell",
        "amount": 1
      }
    ],
    "fluidInputs": [],
    "itemOutputs": [
      {
        "id": "IC2:itemCellEmpty:0",
        "displayName": "Empty Cell",
        "amount": 1
      }
    ],
    "fluidOutputs": []
  },
  {
    "machine": "gt.recipe.plasmageneratorfuels",
    "recipeType": "gt_machine",
    "specialValue": 130048,
    "itemInputs": [
      {
        "id": "miscutils:itemCellPlasmaIodine:0",
        "displayName": "Iodine Plasma Cell",
        "amount": 1
      }
    ],
    "fluidInputs": [],
    "itemOutputs": [
      {
        "id": "IC2:itemCellEmpty:0",
        "displayName": "Empty Cell",
        "amount": 1
      }
    ],
    "fluidOutputs": []
  },
  {
    "machine": "gt.recipe.plasmageneratorfuels",
    "recipeType": "gt_machine",
    "specialValue": 333824,
    "itemInputs": [
      {
        "id": "miscutils:itemCellPlasmaRhugnor:0",
        "displayName": "Rhugnor Plasma Cell",
        "amount": 1
      }
    ],
    "fluidInputs": [],
    "itemOutputs": [
      {
        "id": "IC2:itemCellEmpty:0",
        "displayName": "Empty Cell",
        "amount": 1
      }
    ],
    "fluidOutputs": []
  },
  {
    "machine": "gt.recipe.plasmageneratorfuels",
    "recipeType": "gt_machine",
    "specialValue": 237568,
    "itemInputs": [
      {
        "id": "miscutils:itemCellPlasmaUranium232:0",
        "displayName": "Uranium 232 Plasma Cell",
        "amount": 1
      }
    ],
    "fluidInputs": [],
    "itemOutputs": [
      {
        "id": "IC2:itemCellEmpty:0",
        "displayName": "Empty Cell",
        "amount": 1
      }
    ],
    "fluidOutputs": []
  },
  {
    "machine": "gt.recipe.plasmageneratorfuels",
    "recipeType": "gt_machine",
    "specialValue": 243712,
    "itemInputs": [
      {
        "id": "miscutils:itemCellPlasmaPlutonium238:0",
        "displayName": "Plutonium-238 Plasma Cell",
        "amount": 1
      }
    ],
    "fluidInputs": [],
    "itemOutputs": [
      {
        "id": "IC2:itemCellEmpty:0",
        "displayName": "Empty Cell",
        "amount": 1
      }
    ],
    "fluidOutputs": []
  },
  {
    "machine": "gt.recipe.plasmageneratorfuels",
    "recipeType": "gt_machine",
    "specialValue": 487424,
    "itemInputs": [
      {
        "id": "gregtech:gt.metaitem.01:31098",
        "displayName": "Uranium 238 Plasma Cell",
        "amount": 1
      }
    ],
    "fluidInputs": [],
    "itemOutputs": [],
    "fluidOutputs": []
  },
  {
    "machine": "gt.recipe.plasmageneratorfuels",
    "recipeType": "gt_machine",
    "specialValue": 282685,
    "itemInputs": [
      {
        "id": "gregtech:gt.metaitem.01:31054",
        "displayName": "Silver Plasma Cell",
        "amount": 1
      }
    ],
    "fluidInputs": [],
    "itemOutputs": [],
    "fluidOutputs": []
  },
  {
    "machine": "gt.recipe.plasmageneratorfuels",
    "recipeType": "gt_machine",
    "specialValue": 150000,
    "itemInputs": [
      {
        "id": "gregtech:gt.metaitem.01:31057",
        "displayName": "Tin Plasma Cell",
        "amount": 1
      }
    ],
    "fluidInputs": [],
    "itemOutputs": [],
    "fluidOutputs": []
  },
  {
    "machine": "gt.recipe.plasmageneratorfuels",
    "recipeType": "gt_machine",
    "specialValue": 202342,
    "itemInputs": [
      {
        "id": "gregtech:gt.metaitem.01:31030",
        "displayName": "Chrome Plasma Cell",
        "amount": 1
      }
    ],
    "fluidInputs": [],
    "itemOutputs": [],
    "fluidOutputs": []
  },
  {
    "machine": "gt.recipe.plasmageneratorfuels",
    "recipeType": "gt_machine",
    "specialValue": 368885,
    "itemInputs": [
      {
        "id": "gregtech:gt.metaitem.01:31072",
        "displayName": "Terbium Plasma Cell",
        "amount": 1
      }
    ],
    "fluidInputs": [],
    "itemOutputs": [],
    "fluidOutputs": []
  },
  {
    "machine": "gt.recipe.plasmageneratorfuels",
    "recipeType": "gt_machine",
    "specialValue": 188416,
    "itemInputs": [
      {
        "id": "gregtech:gt.metaitem.01:31024",
        "displayName": "Argon Plasma Cell",
        "amount": 1
      }
    ],
    "fluidInputs": [],
    "itemOutputs": [],
    "fluidOutputs": []
  },
  {
    "machine": "gt.recipe.plasmageneratorfuels",
    "recipeType": "gt_machine",
    "specialValue": 295936,
    "itemInputs": [
      {
        "id": "gregtech:gt.metaitem.01:31984",
        "displayName": "Flerovium Plasma Cell",
        "amount": 1
      }
    ],
    "fluidInputs": [],
    "itemOutputs": [],
    "fluidOutputs": []
  },
  {
    "machine": "gt.recipe.plasmageneratorfuels",
    "recipeType": "gt_machine",
    "specialValue": 100352,
    "itemInputs": [
      {
        "id": "gregtech:gt.metaitem.01:31856",
        "displayName": "Silicon Solar Grade (Poly SI) Plasma Cell",
        "amount": 1
      }
    ],
    "fluidInputs": [],
    "itemOutputs": [
      {
        "id": "IC2:itemCellEmpty:0",
        "displayName": "Empty Cell",
        "amount": 1
      }
    ],
    "fluidOutputs": []
  },
  {
    "machine": "gt.recipe.plasmageneratorfuels",
    "recipeType": "gt_machine",
    "specialValue": 100352,
    "itemInputs": [
      {
        "id": "gregtech:gt.metaitem.01:31982",
        "displayName": "Cosmic Neutronium Plasma Cell",
        "amount": 1
      }
    ],
    "fluidInputs": [],
    "itemOutputs": [],
    "fluidOutputs": []
  },
  {
    "machine": "gt.recipe.plasmageneratorfuels",
    "recipeType": "gt_machine",
    "specialValue": 20480,
    "itemInputs": [
      {
        "id": "gregtech:gt.metaitem.01:31395",
        "displayName": "Bedrockium Plasma Cell",
        "amount": 1
      }
    ],
    "fluidInputs": [],
    "itemOutputs": [],
    "fluidOutputs": []
  },
  {
    "machine": "gt.recipe.plasmageneratorfuels",
    "recipeType": "gt_machine",
    "specialValue": 226304,
    "itemInputs": [
      {
        "id": "gregtech:gt.metaitem.01:31036",
        "displayName": "Zinc Plasma Cell",
        "amount": 1
      }
    ],
    "fluidInputs": [],
    "itemOutputs": [],
    "fluidOutputs": []
  },
  {
    "machine": "gt.recipe.plasmageneratorfuels",
    "recipeType": "gt_machine",
    "specialValue": 100352,
    "itemInputs": [
      {
        "id": "gregtech:gt.metaitem.01:31978",
        "displayName": "Ichorium Plasma Cell",
        "amount": 1
      }
    ],
    "fluidInputs": [],
    "itemOutputs": [],
    "fluidOutputs": []
  },
  {
    "machine": "gt.recipe.plasmageneratorfuels",
    "recipeType": "gt_machine",
    "specialValue": 100352,
    "itemInputs": [
      {
        "id": "gregtech:gt.metaitem.01:31382",
        "displayName": "Ardite Plasma Cell",
        "amount": 1
      }
    ],
    "fluidInputs": [],
    "itemOutputs": [],
    "fluidOutputs": []
  },
  {
    "machine": "gt.recipe.plasmageneratorfuels",
    "recipeType": "gt_machine",
    "specialValue": 100352,
    "itemInputs": [
      {
        "id": "gregtech:gt.metaitem.01:31149",
        "displayName": "Creon Plasma Cell",
        "amount": 1
      }
    ],
    "fluidInputs": [],
    "itemOutputs": [],
    "fluidOutputs": []
  },
  {
    "machine": "gt.recipe.plasmageneratorfuels",
    "recipeType": "gt_machine",
    "specialValue": 409600,
    "itemInputs": [
      {
        "id": "gregtech:gt.metaitem.01:31087",
        "displayName": "Mercury Plasma Cell",
        "amount": 1
      }
    ],
    "fluidInputs": [],
    "itemOutputs": [],
    "fluidOutputs": []
  },
  {
    "machine": "gt.recipe.plasmageneratorfuels",
    "recipeType": "gt_machine",
    "specialValue": 366551,
    "itemInputs": [
      {
        "id": "gregtech:gt.metaitem.01:31071",
        "displayName": "Gadolinium Plasma Cell",
        "amount": 1
      }
    ],
    "fluidInputs": [],
    "itemOutputs": [],
    "fluidOutputs": []
  },
  {
    "machine": "gt.recipe.plasmageneratorfuels",
    "recipeType": "gt_machine",
    "specialValue": 379695,
    "itemInputs": [
      {
        "id": "gregtech:gt.metaitem.01:31077",
        "displayName": "Ytterbium Plasma Cell",
        "amount": 1
      }
    ],
    "fluidInputs": [],
    "itemOutputs": [],
    "fluidOutputs": []
  },
  {
    "machine": "gt.recipe.plasmageneratorfuels",
    "recipeType": "gt_machine",
    "specialValue": 110592,
    "itemInputs": [
      {
        "id": "gregtech:gt.metaitem.01:31008",
        "displayName": "Beryllium Plasma Cell",
        "amount": 1
      }
    ],
    "fluidInputs": [],
    "itemOutputs": [],
    "fluidOutputs": []
  },
  {
    "machine": "gt.recipe.plasmageneratorfuels",
    "recipeType": "gt_machine",
    "specialValue": 196608,
    "itemInputs": [
      {
        "id": "gregtech:gt.metaitem.01:31028",
        "displayName": "Titanium Plasma Cell",
        "amount": 1
      }
    ],
    "fluidInputs": [],
    "itemOutputs": [],
    "fluidOutputs": []
  },
  {
    "machine": "gt.recipe.plasmageneratorfuels",
    "recipeType": "gt_machine",
    "specialValue": 501760,
    "itemInputs": [
      {
        "id": "gregtech:gt.metaitem.01:31103",
        "displayName": "Americium Plasma Cell",
        "amount": 1
      }
    ],
    "fluidInputs": [],
    "itemOutputs": [],
    "fluidOutputs": []
  },
  {
    "machine": "gt.recipe.plasmageneratorfuels",
    "recipeType": "gt_machine",
    "specialValue": 342302,
    "itemInputs": [
      {
        "id": "gregtech:gt.metaitem.01:31063",
        "displayName": "Barium Plasma Cell",
        "amount": 1
      }
    ],
    "fluidInputs": [],
    "itemOutputs": [],
    "fluidOutputs": []
  },
  {
    "machine": "gt.recipe.plasmageneratorfuels",
    "recipeType": "gt_machine",
    "specialValue": 269516,
    "itemInputs": [
      {
        "id": "gregtech:gt.metaitem.01:31047",
        "displayName": "Niobium Plasma Cell",
        "amount": 1
      }
    ],
    "fluidInputs": [],
    "itemOutputs": [],
    "fluidOutputs": []
  },
  {
    "machine": "gt.recipe.plasmageneratorfuels",
    "recipeType": "gt_machine",
    "specialValue": 193536,
    "itemInputs": [
      {
        "id": "gregtech:gt.metaitem.01:31027",
        "displayName": "Scandium Plasma Cell",
        "amount": 1
      }
    ],
    "fluidInputs": [],
    "itemOutputs": [],
    "fluidOutputs": []
  },
  {
    "machine": "gt.recipe.plasmageneratorfuels",
    "recipeType": "gt_machine",
    "specialValue": 255180,
    "itemInputs": [
      {
        "id": "gregtech:gt.metaitem.01:31045",
        "displayName": "Yttrium Plasma Cell",
        "amount": 1
      }
    ],
    "fluidInputs": [],
    "itemOutputs": [],
    "fluidOutputs": []
  },
  {
    "machine": "gt.recipe.plasmageneratorfuels",
    "recipeType": "gt_machine",
    "specialValue": 69632,
    "itemInputs": [
      {
        "id": "gregtech:gt.metaitem.01:31340",
        "displayName": "Meteoric Iron Plasma Cell",
        "amount": 1
      }
    ],
    "fluidInputs": [],
    "itemOutputs": [],
    "fluidOutputs": []
  },
  {
    "machine": "gt.recipe.plasmageneratorfuels",
    "recipeType": "gt_machine",
    "specialValue": 346931,
    "itemInputs": [
      {
        "id": "gregtech:gt.metaitem.01:31066",
        "displayName": "Praseodymium Plasma Cell",
        "amount": 1
      }
    ],
    "fluidInputs": [],
    "itemOutputs": [],
    "fluidOutputs": []
  },
  {
    "machine": "gt.recipe.plasmageneratorfuels",
    "recipeType": "gt_machine",
    "specialValue": 100352,
    "itemInputs": [
      {
        "id": "gregtech:gt.metaitem.01:31975",
        "displayName": "Draconium Plasma Cell",
        "amount": 1
      }
    ],
    "fluidInputs": [],
    "itemOutputs": [],
    "fluidOutputs": []
  },
  {
    "machine": "gt.recipe.plasmageneratorfuels",
    "recipeType": "gt_machine",
    "specialValue": 160563,
    "itemInputs": [
      {
        "id": "gregtech:gt.metaitem.01:31020",
        "displayName": "Raw Silicon Plasma Cell",
        "amount": 1
      }
    ],
    "fluidInputs": [],
    "itemOutputs": [],
    "fluidOutputs": []
  },
  {
    "machine": "gt.recipe.plasmageneratorfuels",
    "recipeType": "gt_machine",
    "specialValue": 230400,
    "itemInputs": [
      {
        "id": "gregtech:gt.metaitem.01:31039",
        "displayName": "Arsenic Plasma Cell",
        "amount": 1
      }
    ],
    "fluidInputs": [],
    "itemOutputs": [],
    "fluidOutputs": []
  },
  {
    "machine": "gt.recipe.plasmageneratorfuels",
    "recipeType": "gt_machine",
    "specialValue": 401408,
    "itemInputs": [
      {
        "id": "gregtech:gt.metaitem.01:31086",
        "displayName": "Gold Plasma Cell",
        "amount": 1
      }
    ],
    "fluidInputs": [],
    "itemOutputs": [],
    "fluidOutputs": []
  },
  {
    "machine": "gt.recipe.plasmageneratorfuels",
    "recipeType": "gt_machine",
    "specialValue": 249446,
    "itemInputs": [
      {
        "id": "gregtech:gt.metaitem.01:31044",
        "displayName": "Strontium Plasma Cell",
        "amount": 1
      }
    ],
    "fluidInputs": [],
    "itemOutputs": [],
    "fluidOutputs": []
  },
  {
    "machine": "gt.recipe.plasmageneratorfuels",
    "recipeType": "gt_machine",
    "specialValue": 100352,
    "itemInputs": [
      {
        "id": "gregtech:gt.metaitem.01:31976",
        "displayName": "Awakened Draconium Plasma Cell",
        "amount": 1
      }
    ],
    "fluidInputs": [],
    "itemOutputs": [],
    "fluidOutputs": []
  },
  {
    "machine": "gt.recipe.plasmageneratorfuels",
    "recipeType": "gt_machine",
    "specialValue": 180000,
    "itemInputs": [
      {
        "id": "miscutils:itemCellPlasmaForce:0",
        "displayName": "Force Plasma Cell",
        "amount": 1
      }
    ],
    "fluidInputs": [],
    "itemOutputs": [],
    "fluidOutputs": []
  },
  {
    "machine": "gt.recipe.plasmageneratorfuels",
    "recipeType": "gt_machine",
    "specialValue": 376176,
    "itemInputs": [
      {
        "id": "gregtech:gt.metaitem.01:31074",
        "displayName": "Holmium Plasma Cell",
        "amount": 1
      }
    ],
    "fluidInputs": [],
    "itemOutputs": [],
    "fluidOutputs": []
  },
  {
    "machine": "gt.recipe.plasmageneratorfuels",
    "recipeType": "gt_machine",
    "specialValue": 481280,
    "itemInputs": [
      {
        "id": "gregtech:gt.metaitem.01:31097",
        "displayName": "Uranium 235 Plasma Cell",
        "amount": 1
      }
    ],
    "fluidInputs": [],
    "itemOutputs": [],
    "fluidOutputs": []
  },
  {
    "machine": "gt.recipe.plasmageneratorfuels",
    "recipeType": "gt_machine",
    "specialValue": 112640,
    "itemInputs": [
      {
        "id": "gregtech:gt.metaitem.01:31009",
        "displayName": "Boron Plasma Cell",
        "amount": 1
      }
    ],
    "fluidInputs": [],
    "itemOutputs": [],
    "fluidOutputs": []
  },
  {
    "machine": "gt.recipe.plasmageneratorfuels",
    "recipeType": "gt_machine",
    "specialValue": 183705,
    "itemInputs": [
      {
        "id": "gregtech:gt.metaitem.01:31025",
        "displayName": "Potassium Plasma Cell",
        "amount": 1
      }
    ],
    "fluidInputs": [],
    "itemOutputs": [],
    "fluidOutputs": []
  },
  {
    "machine": "gt.recipe.plasmageneratorfuels",
    "recipeType": "gt_machine",
    "specialValue": 217497,
    "itemInputs": [
      {
        "id": "gregtech:gt.metaitem.01:31033",
        "displayName": "Cobalt Plasma Cell",
        "amount": 1
      }
    ],
    "fluidInputs": [],
    "itemOutputs": [],
    "fluidOutputs": []
  },
  {
    "machine": "gt.recipe.plasmageneratorfuels",
    "recipeType": "gt_machine",
    "specialValue": 503808,
    "itemInputs": [
      {
        "id": "gregtech:gt.metaitem.01:31100",
        "displayName": "Plutonium 239 Plasma Cell",
        "amount": 1
      }
    ],
    "fluidInputs": [],
    "itemOutputs": [],
    "fluidOutputs": []
  },
  {
    "machine": "gt.recipe.plasmageneratorfuels",
    "recipeType": "gt_machine",
    "specialValue": 376217,
    "itemInputs": [
      {
        "id": "gregtech:gt.metaitem.01:31075",
        "displayName": "Erbium Plasma Cell",
        "amount": 1
      }
    ],
    "fluidInputs": [],
    "itemOutputs": [],
    "fluidOutputs": []
  },
  {
    "machine": "gt.recipe.plasmageneratorfuels",
    "recipeType": "gt_machine",
    "specialValue": 293601,
    "itemInputs": [
      {
        "id": "gregtech:gt.metaitem.01:31055",
        "displayName": "Cadmium Plasma Cell",
        "amount": 1
      }
    ],
    "fluidInputs": [],
    "itemOutputs": [],
    "fluidOutputs": []
  },
  {
    "machine": "gt.recipe.plasmageneratorfuels",
    "recipeType": "gt_machine",
    "specialValue": 14336,
    "itemInputs": [
      {
        "id": "gregtech:gt.metaitem.01:31495",
        "displayName": "Liquid Air Plasma Cell",
        "amount": 1
      }
    ],
    "fluidInputs": [],
    "itemOutputs": [
      {
        "id": "IC2:itemCellEmpty:0",
        "displayName": "Empty Cell",
        "amount": 1
      }
    ],
    "fluidOutputs": []
  },
  {
    "machine": "gt.recipe.plasmageneratorfuels",
    "recipeType": "gt_machine",
    "specialValue": 213811,
    "itemInputs": [
      {
        "id": "gregtech:gt.metaitem.01:31034",
        "displayName": "Nickel Plasma Cell",
        "amount": 1
      }
    ],
    "fluidInputs": [],
    "itemOutputs": [],
    "fluidOutputs": []
  },
  {
    "machine": "gt.recipe.plasmageneratorfuels",
    "recipeType": "gt_machine",
    "specialValue": 100352,
    "itemInputs": [
      {
        "id": "gregtech:gt.metaitem.01:31327",
        "displayName": "Naquadria Plasma Cell",
        "amount": 1
      }
    ],
    "fluidInputs": [],
    "itemOutputs": [],
    "fluidOutputs": []
  },
  {
    "machine": "gt.recipe.plasmageneratorfuels",
    "recipeType": "gt_machine",
    "specialValue": 100352,
    "itemInputs": [
      {
        "id": "gregtech:gt.metaitem.01:31106",
        "displayName": "Spatially Enlarged Fluid Plasma Cell",
        "amount": 1
      }
    ],
    "fluidInputs": [],
    "itemOutputs": [
      {
        "id": "IC2:itemCellEmpty:0",
        "displayName": "Empty Cell",
        "amount": 1
      }
    ],
    "fluidOutputs": []
  },
  {
    "machine": "gt.recipe.plasmageneratorfuels",
    "recipeType": "gt_machine",
    "specialValue": 50176,
    "itemInputs": [
      {
        "id": "gregtech:gt.metaitem.01:31884",
        "displayName": "Desh Plasma Cell",
        "amount": 1
      }
    ],
    "fluidInputs": [],
    "itemOutputs": [],
    "fluidOutputs": []
  },
  {
    "machine": "gt.recipe.plasmageneratorfuels",
    "recipeType": "gt_machine",
    "specialValue": 165888,
    "itemInputs": [
      {
        "id": "gregtech:gt.metaitem.01:31073",
        "displayName": "Dysprosium Plasma Cell",
        "amount": 1
      }
    ],
    "fluidInputs": [],
    "itemOutputs": [],
    "fluidOutputs": []
  },
  {
    "machine": "gt.recipe.plasmageneratorfuels",
    "recipeType": "gt_machine",
    "specialValue": 346931,
    "itemInputs": [
      {
        "id": "gregtech:gt.metaitem.01:31065",
        "displayName": "Cerium Plasma Cell",
        "amount": 1
      }
    ],
    "fluidInputs": [],
    "itemOutputs": [],
    "fluidOutputs": []
  },
  {
    "machine": "gt.recipe.plasmageneratorfuels",
    "recipeType": "gt_machine",
    "specialValue": 14336,
    "itemInputs": [
      {
        "id": "gregtech:gt.metaitem.01:31497",
        "displayName": "Carbon Dioxide Plasma Cell",
        "amount": 1
      }
    ],
    "fluidInputs": [],
    "itemOutputs": [
      {
        "id": "IC2:itemCellEmpty:0",
        "displayName": "Empty Cell",
        "amount": 1
      }
    ],
    "fluidOutputs": []
  },
  {
    "machine": "gt.recipe.plasmageneratorfuels",
    "recipeType": "gt_machine",
    "specialValue": 205824,
    "itemInputs": [
      {
        "id": "gregtech:gt.metaitem.01:31393",
        "displayName": "Oriharukon Plasma Cell",
        "amount": 1
      }
    ],
    "fluidInputs": [],
    "itemOutputs": [],
    "fluidOutputs": []
  },
  {
    "machine": "gt.recipe.plasmageneratorfuels",
    "recipeType": "gt_machine",
    "specialValue": 172032,
    "itemInputs": [
      {
        "id": "gregtech:gt.metaitem.01:31023",
        "displayName": "Chlorine Plasma Cell",
        "amount": 1
      }
    ],
    "fluidInputs": [],
    "itemOutputs": [],
    "fluidOutputs": []
  },
  {
    "machine": "gt.recipe.plasmageneratorfuels",
    "recipeType": "gt_machine",
    "specialValue": 16384,
    "itemInputs": [
      {
        "id": "gregtech:gt.metaitem.01:31493",
        "displayName": "Liquid Oxygen Plasma Cell",
        "amount": 1
      }
    ],
    "fluidInputs": [],
    "itemOutputs": [
      {
        "id": "IC2:itemCellEmpty:0",
        "displayName": "Empty Cell",
        "amount": 1
      }
    ],
    "fluidOutputs": []
  },
  {
    "machine": "gt.recipe.plasmageneratorfuels",
    "recipeType": "gt_machine",
    "specialValue": 61440,
    "itemInputs": [
      {
        "id": "gregtech:gt.metaitem.01:31005",
        "displayName": "Helium-3 Plasma Cell",
        "amount": 1
      }
    ],
    "fluidInputs": [],
    "itemOutputs": [],
    "fluidOutputs": []
  },
  {
    "machine": "gt.recipe.plasmageneratorfuels",
    "recipeType": "gt_machine",
    "specialValue": 148684,
    "itemInputs": [
      {
        "id": "gregtech:gt.metaitem.01:31017",
        "displayName": "Sodium Plasma Cell",
        "amount": 1
      }
    ],
    "fluidInputs": [],
    "itemOutputs": [],
    "fluidOutputs": []
  },
  {
    "machine": "gt.recipe.plasmageneratorfuels",
    "recipeType": "gt_machine",
    "specialValue": 102400,
    "itemInputs": [
      {
        "id": "gregtech:gt.metaitem.01:31129",
        "displayName": "Neutronium Plasma Cell",
        "amount": 1
      }
    ],
    "fluidInputs": [],
    "itemOutputs": [],
    "fluidOutputs": []
  },
  {
    "machine": "gt.recipe.plasmageneratorfuels",
    "recipeType": "gt_machine",
    "specialValue": 30720,
    "itemInputs": [
      {
        "id": "gregtech:gt.metaitem.01:31021",
        "displayName": "Phosphorus Plasma Cell",
        "amount": 1
      }
    ],
    "fluidInputs": [],
    "itemOutputs": [],
    "fluidOutputs": []
  },
  {
    "machine": "gt.recipe.plasmageneratorfuels",
    "recipeType": "gt_machine",
    "specialValue": 100352,
    "itemInputs": [
      {
        "id": "gregtech:gt.metaitem.01:31006",
        "displayName": "Lithium Plasma Cell",
        "amount": 1
      }
    ],
    "fluidInputs": [],
    "itemOutputs": [],
    "fluidOutputs": []
  },
  {
    "machine": "gt.recipe.plasmageneratorfuels",
    "recipeType": "gt_machine",
    "specialValue": 188416,
    "itemInputs": [
      {
        "id": "gregtech:gt.metaitem.01:31026",
        "displayName": "Calcium Plasma Cell",
        "amount": 1
      }
    ],
    "fluidInputs": [],
    "itemOutputs": [],
    "fluidOutputs": []
  },
  {
    "machine": "gt.recipe.plasmageneratorfuels",
    "recipeType": "gt_machine",
    "specialValue": 20480,
    "itemInputs": [
      {
        "id": "gregtech:gt.metaitem.01:31001",
        "displayName": "Hydrogen Plasma Cell",
        "amount": 1
      }
    ],
    "fluidInputs": [],
    "itemOutputs": [],
    "fluidOutputs": []
  },
  {
    "machine": "gt.recipe.plasmageneratorfuels",
    "recipeType": "gt_machine",
    "specialValue": 219340,
    "itemInputs": [
      {
        "id": "gregtech:gt.metaitem.01:31035",
        "displayName": "Copper Plasma Cell",
        "amount": 1
      }
    ],
    "fluidInputs": [],
    "itemOutputs": [],
    "fluidOutputs": []
  },
  {
    "machine": "gt.recipe.plasmageneratorfuels",
    "recipeType": "gt_machine",
    "specialValue": 61440,
    "itemInputs": [
      {
        "id": "gregtech:gt.metaitem.01:31003",
        "displayName": "Tritium Plasma Cell",
        "amount": 1
      }
    ],
    "fluidInputs": [],
    "itemOutputs": [],
    "fluidOutputs": []
  },
  {
    "machine": "gt.recipe.plasmageneratorfuels",
    "recipeType": "gt_machine",
    "specialValue": 243712,
    "itemInputs": [
      {
        "id": "gregtech:gt.metaitem.01:31043",
        "displayName": "Rubidium Plasma Cell",
        "amount": 1
      }
    ],
    "fluidInputs": [],
    "itemOutputs": [],
    "fluidOutputs": []
  },
  {
    "machine": "gt.recipe.plasmageneratorfuels",
    "recipeType": "gt_machine",
    "specialValue": 100352,
    "itemInputs": [
      {
        "id": "gregtech:gt.metaitem.01:31147",
        "displayName": "Six-Phased Copper Plasma Cell",
        "amount": 1
      }
    ],
    "fluidInputs": [],
    "itemOutputs": [],
    "fluidOutputs": []
  },
  {
    "machine": "gt.recipe.plasmageneratorfuels",
    "recipeType": "gt_machine",
    "specialValue": 282214,
    "itemInputs": [
      {
        "id": "gregtech:gt.metaitem.01:31052",
        "displayName": "Palladium Plasma Cell",
        "amount": 1
      }
    ],
    "fluidInputs": [],
    "itemOutputs": [],
    "fluidOutputs": []
  },
  {
    "machine": "gt.recipe.plasmageneratorfuels",
    "recipeType": "gt_machine",
    "specialValue": 384000,
    "itemInputs": [
      {
        "id": "gregtech:gt.metaitem.01:31080",
        "displayName": "Tantalum Plasma Cell",
        "amount": 1
      }
    ],
    "fluidInputs": [],
    "itemOutputs": [],
    "fluidOutputs": []
  },
  {
    "machine": "gt.recipe.plasmageneratorfuels",
    "recipeType": "gt_machine",
    "specialValue": 229376,
    "itemInputs": [
      {
        "id": "gregtech:gt.metaitem.01:31037",
        "displayName": "Gallium Plasma Cell",
        "amount": 1
      }
    ],
    "fluidInputs": [],
    "itemOutputs": [],
    "fluidOutputs": []
  },
  {
    "machine": "gt.recipe.plasmageneratorfuels",
    "recipeType": "gt_machine",
    "specialValue": 399360,
    "itemInputs": [
      {
        "id": "gregtech:gt.metaitem.01:31085",
        "displayName": "Platinum Plasma Cell",
        "amount": 1
      }
    ],
    "fluidInputs": [],
    "itemOutputs": [],
    "fluidOutputs": []
  },
  {
    "machine": "gt.recipe.plasmageneratorfuels",
    "recipeType": "gt_machine",
    "specialValue": 471040,
    "itemInputs": [
      {
        "id": "gregtech:gt.metaitem.01:31096",
        "displayName": "Thorium Plasma Cell",
        "amount": 1
      }
    ],
    "fluidInputs": [],
    "itemOutputs": [],
    "fluidOutputs": []
  },
  {
    "machine": "gt.recipe.plasmageneratorfuels",
    "recipeType": "gt_machine",
    "specialValue": 272384,
    "itemInputs": [
      {
        "id": "gregtech:gt.metaitem.01:31048",
        "displayName": "Molybdenum Plasma Cell",
        "amount": 1
      }
    ],
    "fluidInputs": [],
    "itemOutputs": [],
    "fluidOutputs": []
  },
  {
    "machine": "gt.recipe.plasmageneratorfuels",
    "recipeType": "gt_machine",
    "specialValue": 206438,
    "itemInputs": [
      {
        "id": "gregtech:gt.metaitem.01:31032",
        "displayName": "Iron Plasma Cell",
        "amount": 1
      }
    ],
    "fluidInputs": [],
    "itemOutputs": [],
    "fluidOutputs": []
  },
  {
    "machine": "gt.recipe.plasmageneratorfuels",
    "recipeType": "gt_machine",
    "specialValue": 100352,
    "itemInputs": [
      {
        "id": "gregtech:gt.metaitem.01:31587",
        "displayName": "Tachyon Rich Temporal Fluid Plasma Cell",
        "amount": 1
      }
    ],
    "fluidInputs": [],
    "itemOutputs": [
      {
        "id": "IC2:itemCellEmpty:0",
        "displayName": "Empty Cell",
        "amount": 1
      }
    ],
    "fluidOutputs": []
  },
  {
    "machine": "gt.recipe.plasmageneratorfuels",
    "recipeType": "gt_machine",
    "specialValue": 202752,
    "itemInputs": [
      {
        "id": "gregtech:gt.metaitem.01:31031",
        "displayName": "Manganese Plasma Cell",
        "amount": 1
      }
    ],
    "fluidInputs": [],
    "itemOutputs": [],
    "fluidOutputs": []
  },
  {
    "machine": "gt.recipe.plasmageneratorfuels",
    "recipeType": "gt_machine",
    "specialValue": 296509,
    "itemInputs": [
      {
        "id": "gregtech:gt.metaitem.01:31056",
        "displayName": "Indium Plasma Cell",
        "amount": 1
      }
    ],
    "fluidInputs": [],
    "itemOutputs": [],
    "fluidOutputs": []
  },
  {
    "machine": "gt.recipe.plasmageneratorfuels",
    "recipeType": "gt_machine",
    "specialValue": 397148,
    "itemInputs": [
      {
        "id": "gregtech:gt.metaitem.01:31084",
        "displayName": "Iridium Plasma Cell",
        "amount": 1
      }
    ],
    "fluidInputs": [],
    "itemOutputs": [],
    "fluidOutputs": []
  },
  {
    "machine": "gt.recipe.plasmageneratorfuels",
    "recipeType": "gt_machine",
    "specialValue": 393659,
    "itemInputs": [
      {
        "id": "gregtech:gt.metaitem.01:31083",
        "displayName": "Osmium Plasma Cell",
        "amount": 1
      }
    ],
    "fluidInputs": [],
    "itemOutputs": [],
    "fluidOutputs": []
  },
  {
    "machine": "gt.recipe.plasmageneratorfuels",
    "recipeType": "gt_machine",
    "specialValue": 159744,
    "itemInputs": [
      {
        "id": "gregtech:gt.metaitem.01:31019",
        "displayName": "Aluminium Plasma Cell",
        "amount": 1
      }
    ],
    "fluidInputs": [],
    "itemOutputs": [],
    "fluidOutputs": []
  },
  {
    "machine": "gt.recipe.plasmageneratorfuels",
    "recipeType": "gt_machine",
    "specialValue": 497664,
    "itemInputs": [
      {
        "id": "gregtech:gt.metaitem.01:31101",
        "displayName": "Plutonium 241 Plasma Cell",
        "amount": 1
      }
    ],
    "fluidInputs": [],
    "itemOutputs": [],
    "fluidOutputs": []
  },
  {
    "machine": "gt.recipe.plasmageneratorfuels",
    "recipeType": "gt_machine",
    "specialValue": 353280,
    "itemInputs": [
      {
        "id": "gregtech:gt.metaitem.01:31069",
        "displayName": "Samarium Plasma Cell",
        "amount": 1
      }
    ],
    "fluidInputs": [],
    "itemOutputs": [],
    "fluidOutputs": []
  },
  {
    "machine": "gt.recipe.plasmageneratorfuels",
    "recipeType": "gt_machine",
    "specialValue": 450560,
    "itemInputs": [
      {
        "id": "gregtech:gt.metaitem.01:31093",
        "displayName": "Radon Plasma Cell",
        "amount": 1
      }
    ],
    "fluidInputs": [],
    "itemOutputs": [],
    "fluidOutputs": []
  },
  {
    "machine": "gt.recipe.plasmageneratorfuels",
    "recipeType": "gt_machine",
    "specialValue": 381296,
    "itemInputs": [
      {
        "id": "gregtech:gt.metaitem.01:31078",
        "displayName": "Lutetium Plasma Cell",
        "amount": 1
      }
    ],
    "fluidInputs": [],
    "itemOutputs": [],
    "fluidOutputs": []
  },
  {
    "machine": "gt.recipe.plasmageneratorfuels",
    "recipeType": "gt_machine",
    "specialValue": 130048,
    "itemInputs": [
      {
        "id": "gregtech:gt.metaitem.01:31059",
        "displayName": "Tellurium Plasma Cell",
        "amount": 1
      }
    ],
    "fluidInputs": [],
    "itemOutputs": [],
    "fluidOutputs": []
  },
  {
    "machine": "gt.recipe.plasmageneratorfuels",
    "recipeType": "gt_machine",
    "specialValue": 14336,
    "itemInputs": [
      {
        "id": "gregtech:gt.metaitem.01:31494",
        "displayName": "Liquid Nitrogen Plasma Cell",
        "amount": 1
      }
    ],
    "fluidInputs": [],
    "itemOutputs": [
      {
        "id": "IC2:itemCellEmpty:0",
        "displayName": "Empty Cell",
        "amount": 1
      }
    ],
    "fluidOutputs": []
  },
  {
    "machine": "gt.recipe.plasmageneratorfuels",
    "recipeType": "gt_machine",
    "specialValue": 147456,
    "itemInputs": [
      {
        "id": "gregtech:gt.metaitem.01:31014",
        "displayName": "Fluorine Plasma Cell",
        "amount": 1
      }
    ],
    "fluidInputs": [],
    "itemOutputs": [],
    "fluidOutputs": []
  },
  {
    "machine": "gt.recipe.plasmageneratorfuels",
    "recipeType": "gt_machine",
    "specialValue": 344801,
    "itemInputs": [
      {
        "id": "gregtech:gt.metaitem.01:31064",
        "displayName": "Lanthanum Plasma Cell",
        "amount": 1
      }
    ],
    "fluidInputs": [],
    "itemOutputs": [],
    "fluidOutputs": []
  },
  {
    "machine": "gt.recipe.plasmageneratorfuels",
    "recipeType": "gt_machine",
    "specialValue": 81920,
    "itemInputs": [
      {
        "id": "gregtech:gt.metaitem.01:31004",
        "displayName": "Helium Plasma Cell",
        "amount": 1
      }
    ],
    "fluidInputs": [],
    "itemOutputs": [],
    "fluidOutputs": []
  },
  {
    "machine": "gt.recipe.plasmageneratorfuels",
    "recipeType": "gt_machine",
    "specialValue": 100352,
    "itemInputs": [
      {
        "id": "gregtech:gt.metaitem.01:31584",
        "displayName": "Condensed Raw Stellar Plasma Mixture Plasma Cell",
        "amount": 1
      }
    ],
    "fluidInputs": [],
    "itemOutputs": [
      {
        "id": "IC2:itemCellEmpty:0",
        "displayName": "Empty Cell",
        "amount": 1
      }
    ],
    "fluidOutputs": []
  },
  {
    "machine": "gt.recipe.plasmageneratorfuels",
    "recipeType": "gt_machine",
    "specialValue": 100352,
    "itemInputs": [
      {
        "id": "gregtech:gt.metaitem.01:31397",
        "displayName": "Infinity Plasma Cell",
        "amount": 1
      }
    ],
    "fluidInputs": [],
    "itemOutputs": [],
    "fluidOutputs": []
  },
  {
    "machine": "gt.recipe.plasmageneratorfuels",
    "recipeType": "gt_machine",
    "specialValue": 170393,
    "itemInputs": [
      {
        "id": "gregtech:gt.metaitem.01:31022",
        "displayName": "Sulfur Plasma Cell",
        "amount": 1
      }
    ],
    "fluidInputs": [],
    "itemOutputs": [],
    "fluidOutputs": []
  },
  {
    "machine": "gt.recipe.plasmageneratorfuels",
    "recipeType": "gt_machine",
    "specialValue": 347996,
    "itemInputs": [
      {
        "id": "gregtech:gt.metaitem.01:31068",
        "displayName": "Promethium Plasma Cell",
        "amount": 1
      }
    ],
    "fluidInputs": [],
    "itemOutputs": [],
    "fluidOutputs": []
  },
  {
    "machine": "gt.recipe.plasmageneratorfuels",
    "recipeType": "gt_machine",
    "specialValue": 378470,
    "itemInputs": [
      {
        "id": "gregtech:gt.metaitem.01:31076",
        "displayName": "Thulium Plasma Cell",
        "amount": 1
      }
    ],
    "fluidInputs": [],
    "itemOutputs": [],
    "fluidOutputs": []
  },
  {
    "machine": "gt.recipe.plasmageneratorfuels",
    "recipeType": "gt_machine",
    "specialValue": 330752,
    "itemInputs": [
      {
        "id": "gregtech:gt.metaitem.01:31329",
        "displayName": "Tritanium Plasma Cell",
        "amount": 1
      }
    ],
    "fluidInputs": [],
    "itemOutputs": [],
    "fluidOutputs": []
  },
  {
    "machine": "gt.recipe.plasmageneratorfuels",
    "recipeType": "gt_machine",
    "specialValue": 423936,
    "itemInputs": [
      {
        "id": "gregtech:gt.metaitem.01:31089",
        "displayName": "Lead Plasma Cell",
        "amount": 1
      }
    ],
    "fluidInputs": [],
    "itemOutputs": [],
    "fluidOutputs": []
  },
  {
    "machine": "gt.recipe.plasmageneratorfuels",
    "recipeType": "gt_machine",
    "specialValue": 198451,
    "itemInputs": [
      {
        "id": "gregtech:gt.metaitem.01:31029",
        "displayName": "Vanadium Plasma Cell",
        "amount": 1
      }
    ],
    "fluidInputs": [],
    "itemOutputs": [],
    "fluidOutputs": []
  },
  {
    "machine": "gt.recipe.plasmageneratorfuels",
    "recipeType": "gt_machine",
    "specialValue": 129024,
    "itemInputs": [
      {
        "id": "gregtech:gt.metaitem.01:31012",
        "displayName": "Nitrogen Plasma Cell",
        "amount": 1
      }
    ],
    "fluidInputs": [],
    "itemOutputs": [],
    "fluidOutputs": []
  },
  {
    "machine": "gt.recipe.plasmageneratorfuels",
    "recipeType": "gt_machine",
    "specialValue": 384778,
    "itemInputs": [
      {
        "id": "gregtech:gt.metaitem.01:31081",
        "displayName": "Tungsten Plasma Cell",
        "amount": 1
      }
    ],
    "fluidInputs": [],
    "itemOutputs": [],
    "fluidOutputs": []
  },
  {
    "machine": "gt.recipe.plasmageneratorfuels",
    "recipeType": "gt_machine",
    "specialValue": 309760,
    "itemInputs": [
      {
        "id": "gregtech:gt.metaitem.01:31058",
        "displayName": "Antimony Plasma Cell",
        "amount": 1
      }
    ],
    "fluidInputs": [],
    "itemOutputs": [],
    "fluidOutputs": []
  },
  {
    "machine": "gt.recipe.plasmageneratorfuels",
    "recipeType": "gt_machine",
    "specialValue": 152371,
    "itemInputs": [
      {
        "id": "gregtech:gt.metaitem.01:31018",
        "displayName": "Magnesium Plasma Cell",
        "amount": 1
      }
    ],
    "fluidInputs": [],
    "itemOutputs": [],
    "fluidOutputs": []
  },
  {
    "machine": "gt.recipe.plasmageneratorfuels",
    "recipeType": "gt_machine",
    "specialValue": 10240,
    "itemInputs": [
      {
        "id": "gregtech:gt.metaitem.01:31496",
        "displayName": "Noble Gases Plasma Cell",
        "amount": 1
      }
    ],
    "fluidInputs": [],
    "itemOutputs": [
      {
        "id": "IC2:itemCellEmpty:0",
        "displayName": "Empty Cell",
        "amount": 1
      }
    ],
    "fluidOutputs": []
  },
  {
    "machine": "gt.recipe.plasmageneratorfuels",
    "recipeType": "gt_machine",
    "specialValue": 40960,
    "itemInputs": [
      {
        "id": "gregtech:gt.metaitem.01:31002",
        "displayName": "Deuterium Plasma Cell",
        "amount": 1
      }
    ],
    "fluidInputs": [],
    "itemOutputs": [],
    "fluidOutputs": []
  },
  {
    "machine": "gt.recipe.plasmageneratorfuels",
    "recipeType": "gt_machine",
    "specialValue": 12288,
    "itemInputs": [
      {
        "id": "gregtech:gt.metaitem.01:31010",
        "displayName": "Carbon Plasma Cell",
        "amount": 1
      }
    ],
    "fluidInputs": [],
    "itemOutputs": [],
    "fluidOutputs": []
  },
  {
    "machine": "gt.recipe.plasmageneratorfuels",
    "recipeType": "gt_machine",
    "specialValue": 347996,
    "itemInputs": [
      {
        "id": "gregtech:gt.metaitem.01:31067",
        "displayName": "Neodymium Plasma Cell",
        "amount": 1
      }
    ],
    "fluidInputs": [],
    "itemOutputs": [],
    "fluidOutputs": []
  },
  {
    "machine": "gt.recipe.plasmageneratorfuels",
    "recipeType": "gt_machine",
    "specialValue": 131072,
    "itemInputs": [
      {
        "id": "gregtech:gt.metaitem.01:31013",
        "displayName": "Oxygen Plasma Cell",
        "amount": 1
      }
    ],
    "fluidInputs": [],
    "itemOutputs": [],
    "fluidOutputs": []
  },
  {
    "machine": "gt.recipe.plasmageneratorfuels",
    "recipeType": "gt_machine",
    "specialValue": 332513,
    "itemInputs": [
      {
        "id": "gregtech:gt.metaitem.01:31062",
        "displayName": "Caesium Plasma Cell",
        "amount": 1
      }
    ],
    "fluidInputs": [],
    "itemOutputs": [],
    "fluidOutputs": []
  },
  {
    "machine": "gt.recipe.plasmageneratorfuels",
    "recipeType": "gt_machine",
    "specialValue": 355635,
    "itemInputs": [
      {
        "id": "gregtech:gt.metaitem.01:31070",
        "displayName": "Europium Plasma Cell",
        "amount": 1
      }
    ],
    "fluidInputs": [],
    "itemOutputs": [],
    "fluidOutputs": []
  },
  {
    "machine": "gt.recipe.plasmageneratorfuels",
    "recipeType": "gt_machine",
    "specialValue": 425984,
    "itemInputs": [
      {
        "id": "gregtech:gt.metaitem.01:31090",
        "displayName": "Bismuth Plasma Cell",
        "amount": 1
      }
    ],
    "fluidInputs": [],
    "itemOutputs": [],
    "fluidOutputs": []
  },
  {
    "machine": "gt.recipe.plasmageneratorfuels",
    "recipeType": "gt_machine",
    "specialValue": 337920,
    "itemInputs": [
      {
        "id": "gregtech:gt.metaitem.01:31324",
        "displayName": "Naquadah Plasma Cell",
        "amount": 1
      }
    ],
    "fluidInputs": [],
    "itemOutputs": [],
    "fluidOutputs": []
  }
]