[
  {
    "machine": "gt.recipe.hugenaquadahreactor",
    "recipeType": "gt_machine",
    "specialValue": 250000,
    "itemInputs": [
      {
        "id": "gregtech:gt.metaitem.01:26327",
        "displayName": "Naquadria Bolt",
        "amount": 1
      }
    ],
    "fluidInputs": [],
    "itemOutputs": [
      {
        "id": "gregtech:gt.metaitem.01:26324",
        "displayName": "Naquadah Bolt",
        "amount": 1
      }
    ],
    "fluidOutputs": []
  },
  {
    "machine": "gt.recipe.hugenaquadahreactor",
    "recipeType": "gt_machine",
    "specialValue": 31250,
    "itemInputs": [
      {
        "id": "bartworks:gt.bwMetaGeneratedstick:89",
        "displayName": "Tiberium Rod",
        "amount": 1
      }
    ],
    "fluidInputs": [],
    "itemOutputs": [],
    "fluidOutputs": []
  }
]