[
  {
    "machine": "gt.recipe.fusionreactor",
    "recipeType": "gt_machine",
    "euPerTick": 491520,
    "duration": 600,
    "specialValue": 1000000000,
    "itemInputs": [],
    "fluidInputs": [
      {
        "id": "molten.enriched naquadah alloy",
        "displayName": "Molten Enriched Naquadah Alloy",
        "amount": 144
      },
      {
        "id": "oganesson",
        "displayName": "Oganesson",
        "amount": 250
      }
    ],
    "itemOutputs": [],
    "fluidOutputs": [
      {
        "id": "molten.metastable oganesson",
        "displayName": "Molten Metastable Oganesson",
        "amount": 36
      }
    ]
  },
  {
    "machine": "gt.recipe.fusionreactor",
    "recipeType": "gt_machine",
    "euPerTick": 7864320,
    "duration": 100,
    "specialValue": 1000000000,
    "itemInputs": [],
    "fluidInputs": [
      {
        "id": "plasma.copper",
        "displayName": "Copper Plasma",
        "amount": 288
      },
      {
        "id": "oganesson",
        "displayName": "Oganesson",
        "amount": 500
      }
    ],
    "itemOutputs": [],
    "fluidOutputs": [
      {
        "id": "molten.metastable oganesson",
        "displayName": "Molten Metastable Oganesson",
        "amount": 288
      }
    ]
  },
  {
    "machine": "gt.recipe.fusionreactor",
    "recipeType": "gt_machine",
    "euPerTick": 49152,
    "duration": 160,
    "specialValue": 100000000,
    "itemInputs": [],
    "fluidInputs": [
      {
        "id": "molten.aluminium",
        "displayName": "Molten Aluminium",
        "amount": 144
      },
      {
        "id": "fluorine",
        "displayName": "Fluorine",
        "amount": 144
      }
    ],
    "itemOutputs": [],
    "fluidOutputs": [
      {
        "id": "plasma.titanium",
        "displayName": "Titanium Plasma",
        "amount": 144
      }
    ]
  },
  {
    "machine": "gt.recipe.fusionreactor",
    "recipeType": "gt_machine",
    "euPerTick": 10240,
    "duration": 240,
    "specialValue": 50000000,
    "itemInputs": [],
    "fluidInputs": [
      {
        "id": "plasma.helium",
        "displayName": "Helium Plasma",
        "amount": 144
      },
      {
        "id": "molten.lithium",
        "displayName": "Molten Lithium",
        "amount": 144
      }
    ],
    "itemOutputs": [],
    "fluidOutputs": [
      {
        "id": "plasma.boron",
        "displayName": "Boron Plasma",
        "amount": 144
      }
    ]
  },
  {
    "machine": "gt.recipe.fusionreactor",
    "recipeType": "gt_machine",
    "euPerTick": 49152,
    "duration": 240,
    "specialValue": 100000000,
    "itemInputs": [],
    "fluidInputs": [
      {
        "id": "plasma.boron",
        "displayName": "Boron Plasma",
        "amount": 144
      },
      {
        "id": "molten.lithium",
        "displayName": "Molten Lithium",
        "amount": 144
      }
    ],
    "itemOutputs": [],
    "fluidOutputs": [
      {
        "id": "plasma.oxygen",
        "displayName": "Oxygen Plasma",
        "amount": 144
      }
    ]
  },
  {
    "machine": "gt.recipe.fusionreactor",
    "recipeType": "gt_machine",
    "euPerTick": 49152,
    "duration": 240,
    "specialValue": 480000000,
    "itemInputs": [],
    "fluidInputs": [
      {
        "id": "molten.plutonium",
        "displayName": "Molten Plutonium 239",
        "amount": 48
      },
      {
        "id": "molten.beryllium",
        "displayName": "Molten Beryllium",
        "amount": 48
      }
    ],
    "itemOutputs": [],
    "fluidOutputs": [
      {
        "id": "molten.californium",
        "displayName": "Molten Californium",
        "amount": 48
      }
    ]
  },
  {
    "machine": "gt.recipe.fusionreactor",
    "recipeType": "gt_machine",
    "euPerTick": 49152,
    "duration": 480,
    "specialValue": 600000000,
    "itemInputs": [],
    "fluidInputs": [
      {
        "id": "molten.californium",
        "displayName": "Molten Californium",
        "amount": 32
      },
      {
        "id": "molten.calcium",
        "displayName": "Molten Calcium",
        "amount": 720
      }
    ],
    "itemOutputs": [],
    "fluidOutputs": [
      {
        "id": "oganesson",
        "displayName": "Oganesson",
        "amount": 720
      }
    ]
  },
  {
    "machine": "gt.recipe.fusionreactor",
    "recipeType": "gt_machine",
    "euPerTick": 7680,
    "duration": 40,
    "specialValue": 200000000,
    "itemInputs": [],
    "fluidInputs": [
      {
        "id": "uranium based liquid fuel",
        "displayName": "Uranium Based Liquid Fuel",
        "amount": 10
      },
      {
        "id": "hydrogen",
        "displayName": "Hydrogen Gas",
        "amount": 100
      }
    ],
    "itemOutputs": [],
    "fluidOutputs": [
      {
        "id": "uranium based liquid fuel (excited state)",
        "displayName": "Uranium Based Liquid Fuel (Excited State)",
        "amount": 10
      }
    ]
  },
  {
    "machine": "gt.recipe.fusionreactor",
    "recipeType": "gt_machine",
    "euPerTick": 15360,
    "duration": 20,
    "specialValue": 220000000,
    "itemInputs": [],
    "fluidInputs": [
      {
        "id": "molten.lutetium",
        "displayName": "Molten Lutetium",
        "amount": 16
      },
      {
        "id": "plutonium based liquid fuel",
        "displayName": "Plutonium Based Liquid Fuel",
        "amount": 20
      }
    ],
    "itemOutputs": [],
    "fluidOutputs": [
      {
        "id": "plutonium based liquid fuel (excited state)",
        "displayName": "Plutonium Based Liquid Fuel (Excited State)",
        "amount": 20
      }
    ]
  },
  {
    "machine": "gt.recipe.fusionreactor",
    "recipeType": "gt_machine",
    "euPerTick": 30720,
    "duration": 500,
    "specialValue": 320000000,
    "itemInputs": [],
    "fluidInputs": [
      {
        "id": "light naquadah fuel",
        "displayName": "Light Naquadah Fuel",
        "amount": 780
      },
      {
        "id": "heavy naquadah fuel",
        "displayName": "Heavy Naquadah Fuel",
        "amount": 360
      }
    ],
    "itemOutputs": [],
    "fluidOutputs": [
      {
        "id": "naquadah based liquid fuel mki",
        "displayName": "Naquadah Based Liquid Fuel MkI",
        "amount": 100
      }
    ]
  },
  {
    "machine": "gt.recipe.fusionreactor",
    "recipeType": "gt_machine",
    "euPerTick": 1966080,
    "duration": 8192,
    "specialValue": 1200000000,
    "itemInputs": [],
    "fluidInputs": [
      {
        "id": "molten.dragonblood",
        "displayName": "Molten Dragonblood",
        "amount": 144
      },
      {
        "id": "molten.rhugnor",
        "displayName": "Molten Rhugnor",
        "amount": 288
      }
    ],
    "itemOutputs": [],
    "fluidOutputs": [
      {
        "id": "molten.hypogen",
        "displayName": "Molten Hypogen",
        "amount": 36
      }
    ]
  },
  {
    "machine": "gt.recipe.fusionreactor",
    "recipeType": "gt_machine",
    "euPerTick": 491520,
    "duration": 512,
    "specialValue": 2000000000,
    "itemInputs": [],
    "fluidInputs": [
      {
        "id": "molten.infinity",
        "displayName": "Molten Infinity",
        "amount": 144
      },
      {
        "id": "molten.quantum",
        "displayName": "Molten Quantum",
        "amount": 288
      }
    ],
    "itemOutputs": [],
    "fluidOutputs": [
      {
        "id": "molten.rhugnor",
        "displayName": "Molten Rhugnor",
        "amount": 144
      }
    ]
  },
  {
    "machine": "gt.recipe.fusionreactor",
    "recipeType": "gt_machine",
    "euPerTick": 98304,
    "duration": 96,
    "specialValue": 500000000,
    "itemInputs": [],
    "fluidInputs": [
      {
        "id": "molten.plutonium241",
        "displayName": "Molten Plutonium 241",
        "amount": 144
      },
      {
        "id": "helium",
        "displayName": "Helium Gas",
        "amount": 1000
      }
    ],
    "itemOutputs": [],
    "fluidOutputs": [
      {
        "id": "molten.curium",
        "displayName": "Molten Curium",
        "amount": 144
      }
    ]
  },
  {
    "machine": "gt.recipe.fusionreactor",
    "recipeType": "gt_machine",
    "euPerTick": 196608,
    "duration": 128,
    "specialValue": 750000000,
    "itemInputs": [],
    "fluidInputs": [
      {
        "id": "molten.curium",
        "displayName": "Molten Curium",
        "amount": 144
      },
      {
        "id": "plasma.helium",
        "displayName": "Helium Plasma",
        "amount": 144
      }
    ],
    "itemOutputs": [],
    "fluidOutputs": [
      {
        "id": "molten.californium",
        "displayName": "Molten Californium",
        "amount": 144
      }
    ]
  },
  {
    "machine": "gt.recipe.fusionreactor",
    "recipeType": "gt_machine",
    "euPerTick": 196608,
    "duration": 160,
    "specialValue": 1000000000,
    "itemInputs": [],
    "fluidInputs": [
      {
        "id": "molten.plutonium241",
        "displayName": "Molten Plutonium 241",
        "amount": 144
      },
      {
        "id": "plasma.calcium",
        "displayName": "Calcium Plasma",
        "amount": 144
      }
    ],
    "itemOutputs": [],
    "fluidOutputs": [
      {
        "id": "molten.flerovium_gt5u",
        "displayName": "Molten Flerovium",
        "amount": 144
      }
    ]
  },
  {
    "machine": "gt.recipe.fusionreactor",
    "recipeType": "gt_machine",
    "euPerTick": 30720,
    "duration": 64,
    "specialValue": 100000000,
    "itemInputs": [],
    "fluidInputs": [
      {
        "id": "plasma.boron",
        "displayName": "Boron Plasma",
        "amount": 144
      },
      {
        "id": "plasma.calcium",
        "displayName": "Calcium Plasma",
        "amount": 16
      }
    ],
    "itemOutputs": [],
    "fluidOutputs": [
      {
        "id": "plasma.neon",
        "displayName": "Neon Plasma",
        "amount": 1000
      }
    ]
  },
  {
    "machine": "gt.recipe.fusionreactor",
    "recipeType": "gt_machine",
    "euPerTick": 30720,
    "duration": 32,
    "specialValue": 100000000,
    "itemInputs": [],
    "fluidInputs": [
      {
        "id": "plasma.neon",
        "displayName": "Neon Plasma",
        "amount": 144
      },
      {
        "id": "molten.arcanite",
        "displayName": "Molten Arcanite",
        "amount": 2
      }
    ],
    "itemOutputs": [],
    "fluidOutputs": [
      {
        "id": "plasma.force",
        "displayName": "Force Plasma",
        "amount": 1000
      }
    ]
  },
  {
    "machine": "gt.recipe.fusionreactor",
    "recipeType": "gt_machine",
    "euPerTick": 122880,
    "duration": 32,
    "specialValue": 300000000,
    "itemInputs": [],
    "fluidInputs": [
      {
        "id": "plasma.niobium",
        "displayName": "Niobium Plasma",
        "amount": 144
      },
      {
        "id": "plasma.zinc",
        "displayName": "Zinc Plasma",
        "amount": 144
      }
    ],
    "itemOutputs": [],
    "fluidOutputs": [
      {
        "id": "plasma.krypton",
        "displayName": "Krypton Plasma",
        "amount": 144
      }
    ]
  },
  {
    "machine": "gt.recipe.fusionreactor",
    "recipeType": "gt_machine",
    "euPerTick": 122880,
    "duration": 32,
    "specialValue": 300000000,
    "itemInputs": [],
    "fluidInputs": [
      {
        "id": "plasma.krypton",
        "displayName": "Krypton Plasma",
        "amount": 144
      },
      {
        "id": "plasma.force",
        "displayName": "Force Plasma",
        "amount": 1000
      }
    ],
    "itemOutputs": [],
    "fluidOutputs": [
      {
        "id": "plasma.astraltitanium",
        "displayName": "Astral Titanium Plasma",
        "amount": 1000
      }
    ]
  },
  {
    "machine": "gt.recipe.fusionreactor",
    "recipeType": "gt_machine",
    "euPerTick": 122880,
    "duration": 32,
    "specialValue": 300000000,
    "itemInputs": [],
    "fluidInputs": [
      {
        "id": "plasma.astraltitanium",
        "displayName": "Astral Titanium Plasma",
        "amount": 144
      },
      {
        "id": "molten.titansteel",
        "displayName": "Molten Titansteel",
        "amount": 2
      }
    ],
    "itemOutputs": [],
    "fluidOutputs": [
      {
        "id": "plasma.runite",
        "displayName": "Runite Plasma",
        "amount": 1000
      }
    ]
  },
  {
    "machine": "gt.recipe.fusionreactor",
    "recipeType": "gt_machine",
    "euPerTick": 491520,
    "duration": 16,
    "specialValue": 500000000,
    "itemInputs": [],
    "fluidInputs": [
      {
        "id": "molten.curium",
        "displayName": "Molten Curium",
        "amount": 144
      },
      {
        "id": "plasma.americium",
        "displayName": "Americium Plasma",
        "amount": 144
      }
    ],
    "itemOutputs": [],
    "fluidOutputs": [
      {
        "id": "plasma.xenon",
        "displayName": "Xenon Plasma",
        "amount": 144
      }
    ]
  },
  {
    "machine": "gt.recipe.fusionreactor",
    "recipeType": "gt_machine",
    "euPerTick": 491520,
    "duration": 16,
    "specialValue": 500000000,
    "itemInputs": [],
    "fluidInputs": [
      {
        "id": "plasma.xenon",
        "displayName": "Xenon Plasma",
        "amount": 144
      },
      {
        "id": "plasma.runite",
        "displayName": "Runite Plasma",
        "amount": 1000
      }
    ],
    "itemOutputs": [],
    "fluidOutputs": [
      {
        "id": "plasma.advancednitinol",
        "displayName": "Advanced Nitinol Plasma",
        "amount": 1000
      }
    ]
  },
  {
    "machine": "gt.recipe.fusionreactor",
    "recipeType": "gt_machine",
    "euPerTick": 491520,
    "duration": 8,
    "specialValue": 500000000,
    "itemInputs": [],
    "fluidInputs": [
      {
        "id": "plasma.advancednitinol",
        "displayName": "Advanced Nitinol Plasma",
        "amount": 72
      },
      {
        "id": "molten.tartarite",
        "displayName": "Molten Tartarite",
        "amount": 2
      }
    ],
    "itemOutputs": [],
    "fluidOutputs": [
      {
        "id": "plasma.celestialtungsten",
        "displayName": "Celestial Tungsten Plasma",
        "amount": 1000
      }
    ]
  },
  {
    "machine": "gt.recipe.fusionreactor",
    "recipeType": "gt_machine",
    "euPerTick": 1966080,
    "duration": 600,
    "specialValue": 1000000000,
    "itemInputs": [],
    "fluidInputs": [
      {
        "id": "plasma.radon",
        "displayName": "Radon Plasma",
        "amount": 100
      },
      {
        "id": "plasma.nitrogen",
        "displayName": "Nitrogen Plasma",
        "amount": 100
      }
    ],
    "itemOutputs": [],
    "fluidOutputs": [
      {
        "id": "plasma.neptunium",
        "displayName": "Neptunium Plasma",
        "amount": 100
      }
    ]
  },
  {
    "machine": "gt.recipe.fusionreactor",
    "recipeType": "gt_machine",
    "euPerTick": 1966080,
    "duration": 600,
    "specialValue": 1000000000,
    "itemInputs": [],
    "fluidInputs": [
      {
        "id": "plasma.americium",
        "displayName": "Americium Plasma",
        "amount": 100
      },
      {
        "id": "plasma.boron",
        "displayName": "Boron Plasma",
        "amount": 100
      }
    ],
    "itemOutputs": [],
    "fluidOutputs": [
      {
        "id": "plasma.fermium",
        "displayName": "Fermium Plasma",
        "amount": 100
      }
    ]
  },
  {
    "machine": "gt.recipe.fusionreactor",
    "recipeType": "gt_machine",
    "euPerTick": 7864320,
    "duration": 32,
    "specialValue": 1000000000,
    "itemInputs": [],
    "fluidInputs": [
      {
        "id": "plasma.xenon",
        "displayName": "Xenon Plasma",
        "amount": 288
      },
      {
        "id": "molten.yttrium",
        "displayName": "Molten Yttrium",
        "amount": 288
      }
    ],
    "itemOutputs": [],
    "fluidOutputs": [
      {
        "id": "plasma.neptunium",
        "displayName": "Neptunium Plasma",
        "amount": 288
      }
    ]
  },
  {
    "machine": "gt.recipe.fusionreactor",
    "recipeType": "gt_machine",
    "euPerTick": 7864320,
    "duration": 32,
    "specialValue": 1000000000,
    "itemInputs": [],
    "fluidInputs": [
      {
        "id": "plasma.force",
        "displayName": "Force Plasma",
        "amount": 288
      },
      {
        "id": "molten.rubidium",
        "displayName": "Molten Rubidium",
        "amount": 288
      }
    ],
    "itemOutputs": [],
    "fluidOutputs": [
      {
        "id": "plasma.fermium",
        "displayName": "Fermium Plasma",
        "amount": 288
      }
    ]
  },
  {
    "machine": "gt.recipe.fusionreactor",
    "recipeType": "gt_machine",
    "euPerTick": 30720,
    "duration": 64,
    "specialValue": 300000000,
    "itemInputs": [],
    "fluidInputs": [
      {
        "id": "molten.lithium",
        "displayName": "Molten Lithium",
        "amount": 16
      },
      {
        "id": "molten.tungsten",
        "displayName": "Molten Tungsten",
        "amount": 16
      }
    ],
    "itemOutputs": [],
    "fluidOutputs": [
      {
        "id": "molten.iridium",
        "displayName": "Molten Iridium",
        "amount": 16
      }
    ]
  },
  {
    "machine": "gt.recipe.fusionreactor",
    "recipeType": "gt_machine",
    "euPerTick": 4096,
    "duration": 16,
    "specialValue": 40000000,
    "itemInputs": [],
    "fluidInputs": [
      {
        "id": "deuterium",
        "displayName": "Deuterium",
        "amount": 125
      },
      {
        "id": "tritium",
        "displayName": "Tritium",
        "amount": 125
      }
    ],
    "itemOutputs": [],
    "fluidOutputs": [
      {
        "id": "plasma.helium",
        "displayName": "Helium Plasma",
        "amount": 125
      }
    ]
  },
  {
    "machine": "gt.recipe.fusionreactor",
    "recipeType": "gt_machine",
    "euPerTick": 1920,
    "duration": 16,
    "specialValue": 60000000,
    "itemInputs": [],
    "fluidInputs": [
      {
        "id": "deuterium",
        "displayName": "Deuterium",
        "amount": 125
      },
      {
        "id": "helium-3",
        "displayName": "Helium-3",
        "amount": 125
      }
    ],
    "itemOutputs": [],
    "fluidOutputs": [
      {
        "id": "plasma.helium",
        "displayName": "Helium Plasma",
        "amount": 125
      }
    ]
  },
  {
    "machine": "gt.recipe.fusionreactor",
    "recipeType": "gt_machine",
    "euPerTick": 10240,
    "duration": 32,
    "specialValue": 240000000,
    "itemInputs": [],
    "fluidInputs": [
      {
        "id": "molten.aluminium",
        "displayName": "Molten Aluminium",
        "amount": 16
      },
      {
        "id": "molten.lithium",
        "displayName": "Molten Lithium",
        "amount": 16
      }
    ],
    "itemOutputs": [],
    "fluidOutputs": [
      {
        "id": "plasma.sulfur",
        "displayName": "Sulfur Plasma",
        "amount": 144
      }
    ]
  },
  {
    "machine": "gt.recipe.fusionreactor",
    "recipeType": "gt_machine",
    "euPerTick": 16384,
    "duration": 16,
    "specialValue": 180000000,
    "itemInputs": [],
    "fluidInputs": [
      {
        "id": "molten.beryllium",
        "displayName": "Molten Beryllium",
        "amount": 16
      },
      {
        "id": "deuterium",
        "displayName": "Deuterium",
        "amount": 375
      }
    ],
    "itemOutputs": [],
    "fluidOutputs": [
      {
        "id": "plasma.nitrogen",
        "displayName": "Nitrogen Plasma",
        "amount": 125
      }
    ]
  },
  {
    "machine": "gt.recipe.fusionreactor",
    "recipeType": "gt_machine",
    "euPerTick": 7680,
    "duration": 32,
    "specialValue": 360000000,
    "itemInputs": [],
    "fluidInputs": [
      {
        "id": "molten.silicon",
        "displayName": "Molten Raw Silicon",
        "amount": 16
      },
      {
        "id": "molten.magnesium",
        "displayName": "Molten Magnesium",
        "amount": 16
      }
    ],
    "itemOutputs": [],
    "fluidOutputs": [
      {
        "id": "plasma.iron",
        "displayName": "Iron Plasma",
        "amount": 144
      }
    ]
  },
  {
    "machine": "gt.recipe.fusionreactor",
    "recipeType": "gt_machine",
    "euPerTick": 30720,
    "duration": 16,
    "specialValue": 480000000,
    "itemInputs": [],
    "fluidInputs": [
      {
        "id": "molten.potassium",
        "displayName": "Molten Potassium",
        "amount": 16
      },
      {
        "id": "fluorine",
        "displayName": "Fluorine",
        "amount": 144
      }
    ],
    "itemOutputs": [],
    "fluidOutputs": [
      {
        "id": "plasma.nickel",
        "displayName": "Nickel Plasma",
        "amount": 144
      }
    ]
  },
  {
    "machine": "gt.recipe.fusionreactor",
    "recipeType": "gt_machine",
    "euPerTick": 30720,
    "duration": 32,
    "specialValue": 150000000,
    "itemInputs": [],
    "fluidInputs": [
      {
        "id": "molten.beryllium",
        "displayName": "Molten Beryllium",
        "amount": 16
      },
      {
        "id": "molten.tungsten",
        "displayName": "Molten Tungsten",
        "amount": 16
      }
    ],
    "itemOutputs": [],
    "fluidOutputs": [
      {
        "id": "molten.platinum",
        "displayName": "Molten Platinum",
        "amount": 16
      }
    ]
  },
  {
    "machine": "gt.recipe.fusionreactor",
    "recipeType": "gt_machine",
    "euPerTick": 24576,
    "duration": 32,
    "specialValue": 150000000,
    "itemInputs": [],
    "fluidInputs": [
      {
        "id": "molten.neodymium",
        "displayName": "Molten Neodymium",
        "amount": 16
      },
      {
        "id": "hydrogen",
        "displayName": "Hydrogen Gas",
        "amount": 48
      }
    ],
    "itemOutputs": [],
    "fluidOutputs": [
      {
        "id": "molten.europium",
        "displayName": "Molten Europium",
        "amount": 16
      }
    ]
  },
  {
    "machine": "gt.recipe.fusionreactor",
    "recipeType": "gt_machine",
    "euPerTick": 49152,
    "duration": 96,
    "specialValue": 200000000,
    "itemInputs": [],
    "fluidInputs": [
      {
        "id": "molten.lutetium",
        "displayName": "Molten Lutetium",
        "amount": 16
      },
      {
        "id": "molten.chrome",
        "displayName": "Molten Chrome",
        "amount": 16
      }
    ],
    "itemOutputs": [],
    "fluidOutputs": [
      {
        "id": "molten.americium",
        "displayName": "Molten Americium",
        "amount": 16
      }
    ]
  },
  {
    "machine": "gt.recipe.fusionreactor",
    "recipeType": "gt_machine",
    "euPerTick": 30720,
    "duration": 64,
    "specialValue": 300000000,
    "itemInputs": [],
    "fluidInputs": [
      {
        "id": "molten.plutonium",
        "displayName": "Molten Plutonium 239",
        "amount": 16
      },
      {
        "id": "molten.thorium",
        "displayName": "Molten Thorium",
        "amount": 16
      }
    ],
    "itemOutputs": [],
    "fluidOutputs": [
      {
        "id": "molten.naquadah",
        "displayName": "Molten Naquadah",
        "amount": 16
      }
    ]
  },
  {
    "machine": "gt.recipe.fusionreactor",
    "recipeType": "gt_machine",
    "euPerTick": 122880,
    "duration": 240,
    "specialValue": 640000000,
    "itemInputs": [],
    "fluidInputs": [
      {
        "id": "molten.americium",
        "displayName": "Molten Americium",
        "amount": 144
      },
      {
        "id": "molten.naquadria",
        "displayName": "Molten Naquadria",
        "amount": 144
      }
    ],
    "itemOutputs": [],
    "fluidOutputs": [
      {
        "id": "molten.neutronium",
        "displayName": "Molten Neutronium",
        "amount": 144
      }
    ]
  },
  {
    "machine": "gt.recipe.fusionreactor",
    "recipeType": "gt_machine",
    "euPerTick": 7680,
    "duration": 32,
    "specialValue": 40000000,
    "itemInputs": [],
    "fluidInputs": [
      {
        "id": "molten.glowstone",
        "displayName": "Molten Glowstone",
        "amount": 16
      },
      {
        "id": "plasma.helium",
        "displayName": "Helium Plasma",
        "amount": 4
      }
    ],
    "itemOutputs": [],
    "fluidOutputs": [
      {
        "id": "molten.sunnarium",
        "displayName": "Molten Sunnarium",
        "amount": 16
      }
    ]
  },
  {
    "machine": "gt.recipe.fusionreactor",
    "recipeType": "gt_machine",
    "euPerTick": 24578,
    "duration": 256,
    "specialValue": 150000000,
    "itemInputs": [],
    "fluidInputs": [
      {
        "id": "molten.tungsten",
        "displayName": "Molten Tungsten",
        "amount": 16
      },
      {
        "id": "helium",
        "displayName": "Helium Gas",
        "amount": 16
      }
    ],
    "itemOutputs": [],
    "fluidOutputs": [
      {
        "id": "molten.osmium",
        "displayName": "Molten Osmium",
        "amount": 16
      }
    ]
  },
  {
    "machine": "gt.recipe.fusionreactor",
    "recipeType": "gt_machine",
    "euPerTick": 7680,
    "duration": 64,
    "specialValue": 120000000,
    "itemInputs": [],
    "fluidInputs": [
      {
        "id": "molten.manganese",
        "displayName": "Molten Manganese",
        "amount": 16
      },
      {
        "id": "hydrogen",
        "displayName": "Hydrogen Gas",
        "amount": 16
      }
    ],
    "itemOutputs": [],
    "fluidOutputs": [
      {
        "id": "molten.iron",
        "displayName": "Molten Iron",
        "amount": 16
      }
    ]
  },
  {
    "machine": "gt.recipe.fusionreactor",
    "recipeType": "gt_machine",
    "euPerTick": 7680,
    "duration": 128,
    "specialValue": 120000000,
    "itemInputs": [],
    "fluidInputs": [
      {
        "id": "molten.magnesium",
        "displayName": "Molten Magnesium",
        "amount": 128
      },
      {
        "id": "oxygen",
        "displayName": "Oxygen Gas",
        "amount": 128
      }
    ],
    "itemOutputs": [],
    "fluidOutputs": [
      {
        "id": "plasma.calcium",
        "displayName": "Calcium Plasma",
        "amount": 16
      }
    ]
  },
  {
    "machine": "gt.recipe.fusionreactor",
    "recipeType": "gt_machine",
    "euPerTick": 49152,
    "duration": 64,
    "specialValue": 240000000,
    "itemInputs": [],
    "fluidInputs": [
      {
        "id": "mercury",
        "displayName": "Mercury",
        "amount": 16
      },
      {
        "id": "molten.magnesium",
        "displayName": "Molten Magnesium",
        "amount": 16
      }
    ],
    "itemOutputs": [],
    "fluidOutputs": [
      {
        "id": "molten.uranium",
        "displayName": "Molten Uranium 238",
        "amount": 16
      }
    ]
  },
  {
    "machine": "gt.recipe.fusionreactor",
    "recipeType": "gt_machine",
    "euPerTick": 49152,
    "duration": 64,
    "specialValue": 240000000,
    "itemInputs": [],
    "fluidInputs": [
      {
        "id": "molten.gold",
        "displayName": "Molten Gold",
        "amount": 16
      },
      {
        "id": "molten.aluminium",
        "displayName": "Molten Aluminium",
        "amount": 16
      }
    ],
    "itemOutputs": [],
    "fluidOutputs": [
      {
        "id": "molten.uranium",
        "displayName": "Molten Uranium 238",
        "amount": 16
      }
    ]
  },
  {
    "machine": "gt.recipe.fusionreactor",
    "recipeType": "gt_machine",
    "euPerTick": 49152,
    "duration": 128,
    "specialValue": 480000000,
    "itemInputs": [],
    "fluidInputs": [
      {
        "id": "molten.uranium",
        "displayName": "Molten Uranium 238",
        "amount": 16
      },
      {
        "id": "helium",
        "displayName": "Helium Gas",
        "amount": 16
      }
    ],
    "itemOutputs": [],
    "fluidOutputs": [
      {
        "id": "molten.plutonium",
        "displayName": "Molten Plutonium 239",
        "amount": 16
      }
    ]
  },
  {
    "machine": "gt.recipe.fusionreactor",
    "recipeType": "gt_machine",
    "euPerTick": 24576,
    "duration": 64,
    "specialValue": 140000000,
    "itemInputs": [],
    "fluidInputs": [
      {
        "id": "molten.vanadium",
        "displayName": "Molten Vanadium",
        "amount": 16
      },
      {
        "id": "hydrogen",
        "displayName": "Hydrogen Gas",
        "amount": 125
      }
    ],
    "itemOutputs": [],
    "fluidOutputs": [
      {
        "id": "molten.chrome",
        "displayName": "Molten Chrome",
        "amount": 16
      }
    ]
  },
  {
    "machine": "gt.recipe.fusionreactor",
    "recipeType": "gt_machine",
    "euPerTick": 16384,
    "duration": 64,
    "specialValue": 140000000,
    "itemInputs": [],
    "fluidInputs": [
      {
        "id": "molten.gallium",
        "displayName": "Molten Gallium",
        "amount": 16
      },
      {
        "id": "radon",
        "displayName": "Radon",
        "amount": 125
      }
    ],
    "itemOutputs": [],
    "fluidOutputs": [
      {
        "id": "molten.duranium",
        "displayName": "Molten Duranium",
        "amount": 16
      }
    ]
  },
  {
    "machine": "gt.recipe.fusionreactor",
    "recipeType": "gt_machine",
    "euPerTick": 30720,
    "duration": 64,
    "specialValue": 200000000,
    "itemInputs": [],
    "fluidInputs": [
      {
        "id": "molten.titanium",
        "displayName": "Molten Titanium",
        "amount": 48
      },
      {
        "id": "molten.duranium",
        "displayName": "Molten Duranium",
        "amount": 32
      }
    ],
    "itemOutputs": [],
    "fluidOutputs": [
      {
        "id": "molten.tritanium",
        "displayName": "Molten Tritanium",
        "amount": 16
      }
    ]
  },
  {
    "machine": "gt.recipe.fusionreactor",
    "recipeType": "gt_machine",
    "euPerTick": 24576,
    "duration": 16,
    "specialValue": 200000000,
    "itemInputs": [],
    "fluidInputs": [
      {
        "id": "molten.tantalum",
        "displayName": "Molten Tantalum",
        "amount": 16
      },
      {
        "id": "tritium",
        "displayName": "Tritium",
        "amount": 16
      }
    ],
    "itemOutputs": [],
    "fluidOutputs": [
      {
        "id": "molten.tungsten",
        "displayName": "Molten Tungsten",
        "amount": 16
      }
    ]
  },
  {
    "machine": "gt.recipe.fusionreactor",
    "recipeType": "gt_machine",
    "euPerTick": 24576,
    "duration": 32,
    "specialValue": 380000000,
    "itemInputs": [],
    "fluidInputs": [
      {
        "id": "molten.silver",
        "displayName": "Molten Silver",
        "amount": 16
      },
      {
        "id": "molten.lithium",
        "displayName": "Molten Lithium",
        "amount": 16
      }
    ],
    "itemOutputs": [],
    "fluidOutputs": [
      {
        "id": "molten.indium",
        "displayName": "Molten Indium",
        "amount": 16
      }
    ]
  },
  {
    "machine": "gt.recipe.fusionreactor",
    "recipeType": "gt_machine",
    "euPerTick": 49152,
    "duration": 16,
    "specialValue": 180000000,
    "itemInputs": [],
    "fluidInputs": [
      {
        "id": "molten.copper",
        "displayName": "Molten Copper",
        "amount": 72
      },
      {
        "id": "tritium",
        "displayName": "Tritium",
        "amount": 250
      }
    ],
    "itemOutputs": [],
    "fluidOutputs": [
      {
        "id": "plasma.zinc",
        "displayName": "Zinc Plasma",
        "amount": 72
      }
    ]
  },
  {
    "machine": "gt.recipe.fusionreactor",
    "recipeType": "gt_machine",
    "euPerTick": 49152,
    "duration": 16,
    "specialValue": 200000000,
    "itemInputs": [],
    "fluidInputs": [
      {
        "id": "molten.cobalt",
        "displayName": "Molten Cobalt",
        "amount": 144
      },
      {
        "id": "molten.silicon",
        "displayName": "Molten Raw Silicon",
        "amount": 144
      }
    ],
    "itemOutputs": [],
    "fluidOutputs": [
      {
        "id": "plasma.niobium",
        "displayName": "Niobium Plasma",
        "amount": 144
      }
    ]
  },
  {
    "machine": "gt.recipe.fusionreactor",
    "recipeType": "gt_machine",
    "euPerTick": 49152,
    "duration": 16,
    "specialValue": 350000000,
    "itemInputs": [],
    "fluidInputs": [
      {
        "id": "molten.gold",
        "displayName": "Molten Gold",
        "amount": 144
      },
      {
        "id": "molten.arsenic",
        "displayName": "Molten Arsenic",
        "amount": 144
      }
    ],
    "itemOutputs": [],
    "fluidOutputs": [
      {
        "id": "plasma.silver",
        "displayName": "Silver Plasma",
        "amount": 144
      }
    ]
  },
  {
    "machine": "gt.recipe.fusionreactor",
    "recipeType": "gt_machine",
    "euPerTick": 49152,
    "duration": 16,
    "specialValue": 280000000,
    "itemInputs": [],
    "fluidInputs": [
      {
        "id": "molten.silver",
        "displayName": "Molten Silver",
        "amount": 144
      },
      {
        "id": "helium-3",
        "displayName": "Helium-3",
        "amount": 375
      }
    ],
    "itemOutputs": [],
    "fluidOutputs": [
      {
        "id": "plasma.tin",
        "displayName": "Tin Plasma",
        "amount": 288
      }
    ]
  },
  {
    "machine": "gt.recipe.fusionreactor",
    "recipeType": "gt_machine",
    "euPerTick": 98304,
    "duration": 16,
    "specialValue": 350000000,
    "itemInputs": [],
    "fluidInputs": [
      {
        "id": "molten.tantalum",
        "displayName": "Molten Tantalum",
        "amount": 144
      },
      {
        "id": "plasma.zinc",
        "displayName": "Zinc Plasma",
        "amount": 72
      }
    ],
    "itemOutputs": [],
    "fluidOutputs": [
      {
        "id": "plasma.bismuth",
        "displayName": "Bismuth Plasma",
        "amount": 144
      }
    ]
  },
  {
    "machine": "gt.recipe.fusionreactor",
    "recipeType": "gt_machine",
    "euPerTick": 98304,
    "duration": 32,
    "specialValue": 450000000,
    "itemInputs": [],
    "fluidInputs": [
      {
        "id": "molten.iridium",
        "displayName": "Molten Iridium",
        "amount": 144
      },
      {
        "id": "fluorine",
        "displayName": "Fluorine",
        "amount": 500
      }
    ],
    "itemOutputs": [],
    "fluidOutputs": [
      {
        "id": "plasma.radon",
        "displayName": "Radon Plasma",
        "amount": 144
      }
    ]
  },
  {
    "machine": "gt.recipe.fusionreactor",
    "recipeType": "gt_machine",
    "euPerTick": 98304,
    "duration": 64,
    "specialValue": 500000000,
    "itemInputs": [],
    "fluidInputs": [
      {
        "id": "molten.plutonium241",
        "displayName": "Molten Plutonium 241",
        "amount": 144
      },
      {
        "id": "hydrogen",
        "displayName": "Hydrogen Gas",
        "amount": 2000
      }
    ],
    "itemOutputs": [],
    "fluidOutputs": [
      {
        "id": "plasma.americium",
        "displayName": "Americium Plasma",
        "amount": 144
      }
    ]
  },
  {
    "machine": "gt.recipe.fusionreactor",
    "recipeType": "gt_machine",
    "euPerTick": 98304,
    "duration": 24,
    "specialValue": 500000000,
    "itemInputs": [],
    "fluidInputs": [
      {
        "id": "molten.cobalt",
        "displayName": "Molten Cobalt",
        "amount": 144
      },
      {
        "id": "neon",
        "displayName": "Neon",
        "amount": 144
      }
    ],
    "itemOutputs": [],
    "fluidOutputs": [
      {
        "id": "molten.rubidium",
        "displayName": "Molten Rubidium",
        "amount": 144
      }
    ]
  },
  {
    "machine": "gt.recipe.fusionreactor",
    "recipeType": "gt_machine",
    "euPerTick": 3932160,
    "duration": 4,
    "specialValue": 1000000000,
    "itemInputs": [],
    "fluidInputs": [
      {
        "id": "molten.lutetium",
        "displayName": "Molten Lutetium",
        "amount": 288
      },
      {
        "id": "molten.vanadium",
        "displayName": "Molten Vanadium",
        "amount": 288
      }
    ],
    "itemOutputs": [],
    "fluidOutputs": [
      {
        "id": "plasma.plutonium241",
        "displayName": "Plutonium 241 Plasma",
        "amount": 288
      }
    ]
  },
  {
    "machine": "gt.recipe.fusionreactor",
    "recipeType": "gt_machine",
    "euPerTick": 3932160,
    "duration": 4,
    "specialValue": 1000000000,
    "itemInputs": [],
    "fluidInputs": [
      {
        "id": "molten.tellurium",
        "displayName": "Molten Tellurium",
        "amount": 288
      },
      {
        "id": "molten.zinc",
        "displayName": "Molten Zinc",
        "amount": 288
      }
    ],
    "itemOutputs": [],
    "fluidOutputs": [
      {
        "id": "plasma.lead",
        "displayName": "Lead Plasma",
        "amount": 288
      }
    ]
  },
  {
    "machine": "gt.recipe.fusionreactor",
    "recipeType": "gt_machine",
    "euPerTick": 3932160,
    "duration": 4,
    "specialValue": 1000000000,
    "itemInputs": [],
    "fluidInputs": [
      {
        "id": "molten.osmium",
        "displayName": "Molten Osmium",
        "amount": 288
      },
      {
        "id": "molten.silicon",
        "displayName": "Molten Raw Silicon",
        "amount": 288
      }
    ],
    "itemOutputs": [],
    "fluidOutputs": [
      {
        "id": "plasma.thorium",
        "displayName": "Thorium Plasma",
        "amount": 288
      }
    ]
  }
]