[
  {
    "machine": "gt.recipe.semifluidboilerfuels",
    "recipeType": "gt_machine",
    "specialValue": 40,
    "itemInputs": [
      {
        "id": "gregtech:gt.metaitem.01:30738",
        "displayName": "Sulfuric Heavy Fuel Cell",
        "amount": 1
      }
    ],
    "fluidInputs": [],
    "itemOutputs": [],
    "fluidOutputs": []
  },
  {
    "machine": "gt.recipe.semifluidboilerfuels",
    "recipeType": "gt_machine",
    "specialValue": 2,
    "itemInputs": [
      {
        "id": "gregtech:gt.metaitem.01:30711",
        "displayName": "Fish Oil Cell",
        "amount": 1
      }
    ],
    "fluidInputs": [],
    "itemOutputs": [],
    "fluidOutputs": []
  },
  {
    "machine": "gt.recipe.semifluidboilerfuels",
    "recipeType": "gt_machine",
    "specialValue": 8,
    "itemInputs": [
      {
        "id": "Railcraft:fluid.creosote.cell:0",
        "displayName": "Creosote Cell",
        "amount": 1
      }
    ],
    "fluidInputs": [],
    "itemOutputs": [],
    "fluidOutputs": []
  },
  {
    "machine": "gt.recipe.semifluidboilerfuels",
    "recipeType": "gt_machine",
    "specialValue": 8,
    "itemInputs": [
      {
        "id": "gregtech:gt.metaitem.01:30712",
        "displayName": "Creosote Cell",
        "amount": 1
      }
    ],
    "fluidInputs": [],
    "itemOutputs": [],
    "fluidOutputs": []
  },
  {
    "machine": "gt.recipe.semifluidboilerfuels",
    "recipeType": "gt_machine",
    "specialValue": 164,
    "itemInputs": [
      {
        "id": "gregtech:gt.metaitem.01:30629",
        "displayName": "Glycerol Cell",
        "amount": 1
      }
    ],
    "fluidInputs": [],
    "itemOutputs": [],
    "fluidOutputs": []
  },
  {
    "machine": "gt.recipe.semifluidboilerfuels",
    "recipeType": "gt_machine",
    "specialValue": 2,
    "itemInputs": [
      {
        "id": "gregtech:gt.metaitem.01:30722",
        "displayName": "Hemp Seed Oil Cell",
        "amount": 1
      }
    ],
    "fluidInputs": [],
    "itemOutputs": [
      {
        "id": "IC2:itemCellEmpty:0",
        "displayName": "Empty Cell",
        "amount": 1
      }
    ],
    "fluidOutputs": []
  },
  {
    "machine": "gt.recipe.semifluidboilerfuels",
    "recipeType": "gt_machine",
    "specialValue": 8,
    "itemInputs": [
      {
        "id": "gregtech:gt.metaitem.01:30704",
        "displayName": "Forestry Biomass Cell",
        "amount": 1
      }
    ],
    "fluidInputs": [],
    "itemOutputs": [],
    "fluidOutputs": []
  },
  {
    "machine": "gt.recipe.semifluidboilerfuels",
    "recipeType": "gt_machine",
    "specialValue": 20,
    "itemInputs": [
      {
        "id": "gregtech:gt.metaitem.01:30707",
        "displayName": "Oil Cell",
        "amount": 1
      }
    ],
    "fluidInputs": [],
    "itemOutputs": [],
    "fluidOutputs": []
  },
  {
    "machine": "gt.recipe.semifluidboilerfuels",
    "recipeType": "gt_machine",
    "specialValue": 80,
    "itemInputs": [
      {
        "id": "gregtech:gt.metaitem.01:30760",
        "displayName": "Naphthenic Acid Cell",
        "amount": 1
      }
    ],
    "fluidInputs": [],
    "itemOutputs": [],
    "fluidOutputs": []
  },
  {
    "machine": "gt.recipe.semifluidboilerfuels",
    "recipeType": "gt_machine",
    "specialValue": 2,
    "itemInputs": [
      {
        "id": "gregtech:gt.metaitem.01:30723",
        "displayName": "Lin Seed Oil Cell",
        "amount": 1
      }
    ],
    "fluidInputs": [],
    "itemOutputs": [
      {
        "id": "IC2:itemCellEmpty:0",
        "displayName": "Empty Cell",
        "amount": 1
      }
    ],
    "fluidOutputs": []
  },
  {
    "machine": "gt.recipe.semifluidboilerfuels",
    "recipeType": "gt_machine",
    "specialValue": 240,
    "itemInputs": [
      {
        "id": "gregtech:gt.metaitem.01:30741",
        "displayName": "Heavy Fuel Cell",
        "amount": 1
      }
    ],
    "fluidInputs": [],
    "itemOutputs": [],
    "fluidOutputs": []
  },
  {
    "machine": "gt.recipe.semifluidboilerfuels",
    "recipeType": "gt_machine",
    "specialValue": 2,
    "itemInputs": [
      {
        "id": "gregtech:gt.metaitem.01:30713",
        "displayName": "Seed Oil Cell",
        "amount": 1
      }
    ],
    "fluidInputs": [],
    "itemOutputs": [],
    "fluidOutputs": []
  },
  {
    "machine": "gt.recipe.semifluidboilerfuels",
    "recipeType": "gt_machine",
    "specialValue": 20,
    "itemInputs": [
      {
        "id": "gregtech:gt.metaitem.01:30732",
        "displayName": "Light Oil Cell",
        "amount": 1
      }
    ],
    "fluidInputs": [],
    "itemOutputs": [],
    "fluidOutputs": []
  },
  {
    "machine": "gt.recipe.semifluidboilerfuels",
    "recipeType": "gt_machine",
    "specialValue": 30,
    "itemInputs": [
      {
        "id": "gregtech:gt.metaitem.01:30731",
        "displayName": "Raw Oil Cell",
        "amount": 1
      }
    ],
    "fluidInputs": [],
    "itemOutputs": [],
    "fluidOutputs": []
  },
  {
    "machine": "gt.recipe.semifluidboilerfuels",
    "recipeType": "gt_machine",
    "specialValue": 40,
    "itemInputs": [
      {
        "id": "gregtech:gt.metaitem.01:30730",
        "displayName": "Heavy Oil Cell",
        "amount": 1
      }
    ],
    "fluidInputs": [],
    "itemOutputs": [],
    "fluidOutputs": []
  },
  {
    "machine": "gt.recipe.semifluidboilerfuels",
    "recipeType": "gt_machine",
    "specialValue": 45,
    "itemInputs": [
      {
        "id": "gregtech:gt.metaitem.01:30570",
        "displayName": "Very Heavy Oil Cell",
        "amount": 1
      }
    ],
    "fluidInputs": [],
    "itemOutputs": [],
    "fluidOutputs": []
  }
]