[
  {
    "machine": "gt.recipe.ic2nuke",
    "recipeType": "gt_machine",
    "itemInputs": [
      {
        "id": "gregtech:gt.Thoriumcell:0",
        "displayName": "Fuel Rod (Thorium)",
        "amount": 1
      }
    ],
    "fluidInputs": [],
    "itemOutputs": [
      {
        "id": "gregtech:gt.ThoriumcellDep:0",
        "displayName": "Fuel Rod (Depleted Thorium)",
        "amount": 1
      }
    ],
    "fluidOutputs": []
  },
  {
    "machine": "gt.recipe.ic2nuke",
    "recipeType": "gt_machine",
    "itemInputs": [
      {
        "id": "gregtech:gt.Double_Thoriumcell:0",
        "displayName": "Dual Fuel Rod (Thorium)",
        "amount": 1
      }
    ],
    "fluidInputs": [],
    "itemOutputs": [
      {
        "id": "gregtech:gt.Double_ThoriumcellDep:0",
        "displayName": "Dual Fuel Rod (Depleted Thorium)",
        "amount": 1
      }
    ],
    "fluidOutputs": []
  },
  {
    "machine": "gt.recipe.ic2nuke",
    "recipeType": "gt_machine",
    "itemInputs": [
      {
        "id": "gregtech:gt.Quad_Thoriumcell:0",
        "displayName": "Quad Fuel Rod (Thorium)",
        "amount": 1
      }
    ],
    "fluidInputs": [],
    "itemOutputs": [
      {
        "id": "gregtech:gt.Quad_ThoriumcellDep:0",
        "displayName": "Quad Fuel Rod (Depleted Thorium)",
        "amount": 1
      }
    ],
    "fluidOutputs": []
  },
  {
    "machine": "gt.recipe.ic2nuke",
    "recipeType": "gt_machine",
    "itemInputs": [
      {
        "id": "gregtech:gt.Naquadahcell:0",
        "displayName": "Fuel Rod (Naquadah)",
        "amount": 1
      }
    ],
    "fluidInputs": [],
    "itemOutputs": [
      {
        "id": "gregtech:gt.NaquadahcellDep:0",
        "displayName": "Fuel Rod (Depleted Naquadah)",
        "amount": 1
      }
    ],
    "fluidOutputs": []
  },
  {
    "machine": "gt.recipe.ic2nuke",
    "recipeType": "gt_machine",
    "itemInputs": [
      {
        "id": "gregtech:gt.Double_Naquadahcell:0",
        "displayName": "Dual Fuel Rod (Naquadah)",
        "amount": 1
      }
    ],
    "fluidInputs": [],
    "itemOutputs": [
      {
        "id": "gregtech:gt.Double_NaquadahcellDep:0",
        "displayName": "Dual Fuel Rod (Depleted Naquadah)",
        "amount": 1
      }
    ],
    "fluidOutputs": []
  },
  {
    "machine": "gt.recipe.ic2nuke",
    "recipeType": "gt_machine",
    "itemInputs": [
      {
        "id": "gregtech:gt.Quad_Naquadahcell:0",
        "displayName": "Quad Fuel Rod (Naquadah)",
        "amount": 1
      }
    ],
    "fluidInputs": [],
    "itemOutputs": [
      {
        "id": "gregtech:gt.Quad_NaquadahcellDep:0",
        "displayName": "Quad Fuel Rod (Depleted Naquadah)",
        "amount": 1
      }
    ],
    "fluidOutputs": []
  },
  {
    "machine": "gt.recipe.ic2nuke",
    "recipeType": "gt_machine",
    "itemInputs": [
      {
        "id": "gregtech:gt.MNqCell:0",
        "displayName": "Fuel Rod (Nq* - MOX like behaviour)",
        "amount": 1
      }
    ],
    "fluidInputs": [],
    "itemOutputs": [
      {
        "id": "gregtech:gt.MNqCellDep:0",
        "displayName": "Fuel Rod (Depleted Nq*)",
        "amount": 1
      }
    ],
    "fluidOutputs": []
  },
  {
    "machine": "gt.recipe.ic2nuke",
    "recipeType": "gt_machine",
    "itemInputs": [
      {
        "id": "gregtech:gt.Double_MNqCell:0",
        "displayName": "Dual Fuel Rod (Nq* - MOX like behaviour)",
        "amount": 1
      }
    ],
    "fluidInputs": [],
    "itemOutputs": [
      {
        "id": "gregtech:gt.Double_MNqCellDep:0",
        "displayName": "Dual Fuel Rod (Depleted Nq*)",
        "amount": 1
      }
    ],
    "fluidOutputs": []
  },
  {
    "machine": "gt.recipe.ic2nuke",
    "recipeType": "gt_machine",
    "itemInputs": [
      {
        "id": "gregtech:gt.Quad_MNqCell:0",
        "displayName": "Quad Fuel Rod (Nq* - MOX like behaviour)",
        "amount": 1
      }
    ],
    "fluidInputs": [],
    "itemOutputs": [
      {
        "id": "gregtech:gt.Quad_MNqCellDep:0",
        "displayName": "Quad Fuel Rod (Depleted Nq*)",
        "amount": 1
      }
    ],
    "fluidOutputs": []
  },
  {
    "machine": "gt.recipe.ic2nuke",
    "recipeType": "gt_machine",
    "itemInputs": [
      {
        "id": "gregtech:gt.reactorUraniumSimple:0",
        "displayName": "Fuel Rod (Uranium)",
        "amount": 1
      }
    ],
    "fluidInputs": [],
    "itemOutputs": [
      {
        "id": "IC2:reactorUraniumSimpledepleted:0",
        "displayName": "Fuel Rod (Depleted Uranium)",
        "amount": 1
      }
    ],
    "fluidOutputs": []
  },
  {
    "machine": "gt.recipe.ic2nuke",
    "recipeType": "gt_machine",
    "itemInputs": [
      {
        "id": "gregtech:gt.reactorUraniumDual:0",
        "displayName": "Dual Fuel Rod (Uranium)",
        "amount": 1
      }
    ],
    "fluidInputs": [],
    "itemOutputs": [
      {
        "id": "IC2:reactorUraniumDualdepleted:0",
        "displayName": "Dual Fuel Rod (Depleted Uranium)",
        "amount": 1
      }
    ],
    "fluidOutputs": []
  },
  {
    "machine": "gt.recipe.ic2nuke",
    "recipeType": "gt_machine",
    "itemInputs": [
      {
        "id": "gregtech:gt.reactorUraniumQuad:0",
        "displayName": "Quad Fuel Rod (Uranium)",
        "amount": 1
      }
    ],
    "fluidInputs": [],
    "itemOutputs": [
      {
        "id": "IC2:reactorUraniumQuaddepleted:0",
        "displayName": "Quad Fuel Rod (Depleted Uranium)",
        "amount": 1
      }
    ],
    "fluidOutputs": []
  },
  {
    "machine": "gt.recipe.ic2nuke",
    "recipeType": "gt_machine",
    "itemInputs": [
      {
        "id": "gregtech:gt.reactorMOXSimple:0",
        "displayName": "Fuel Rod (Mox)",
        "amount": 1
      }
    ],
    "fluidInputs": [],
    "itemOutputs": [
      {
        "id": "IC2:reactorMOXSimpledepleted:0",
        "displayName": "Fuel Rod (Depleted MOX)",
        "amount": 1
      }
    ],
    "fluidOutputs": []
  },
  {
    "machine": "gt.recipe.ic2nuke",
    "recipeType": "gt_machine",
    "itemInputs": [
      {
        "id": "gregtech:gt.reactorMOXDual:0",
        "displayName": "Dual Fuel Rod (Mox)",
        "amount": 1
      }
    ],
    "fluidInputs": [],
    "itemOutputs": [
      {
        "id": "IC2:reactorMOXDualdepleted:0",
        "displayName": "Dual Fuel Rod (Depleted MOX)",
        "amount": 1
      }
    ],
    "fluidOutputs": []
  },
  {
    "machine": "gt.recipe.ic2nuke",
    "recipeType": "gt_machine",
    "itemInputs": [
      {
        "id": "gregtech:gt.reactorMOXQuad:0",
        "displayName": "Quad Fuel Rod (Mox)",
        "amount": 1
      }
    ],
    "fluidInputs": [],
    "itemOutputs": [
      {
        "id": "IC2:reactorMOXQuaddepleted:0",
        "displayName": "Quad Fuel Rod (Depleted MOX)",
        "amount": 1
      }
    ],
    "fluidOutputs": []
  },
  {
    "machine": "gt.recipe.ic2nuke",
    "recipeType": "gt_machine",
    "itemInputs": [
      {
        "id": "bartworks:gt.Tiberiumcell:0",
        "displayName": "Fuel Rod (Tiberium)",
        "amount": 1
      }
    ],
    "fluidInputs": [],
    "itemOutputs": [
      {
        "id": "bartworks:gt.TiberiumcellDep:0",
        "displayName": "Fuel Rod (Depleted Tiberium)",
        "amount": 1
      }
    ],
    "fluidOutputs": []
  },
  {
    "machine": "gt.recipe.ic2nuke",
    "recipeType": "gt_machine",
    "itemInputs": [
      {
        "id": "bartworks:gt.Double_Tiberiumcell:0",
        "displayName": "Dual Fuel Rod (Tiberium)",
        "amount": 1
      }
    ],
    "fluidInputs": [],
    "itemOutputs": [
      {
        "id": "bartworks:gt.Double_TiberiumcellDep:0",
        "displayName": "Dual Fuel Rod (Depleted Tiberium)",
        "amount": 1
      }
    ],
    "fluidOutputs": []
  },
  {
    "machine": "gt.recipe.ic2nuke",
    "recipeType": "gt_machine",
    "itemInputs": [
      {
        "id": "bartworks:gt.Quad_Tiberiumcell:0",
        "displayName": "Quad Fuel Rod (Tiberium)",
        "amount": 1
      }
    ],
    "fluidInputs": [],
    "itemOutputs": [
      {
        "id": "bartworks:gt.Quad_TiberiumcellDep:0",
        "displayName": "Quad Fuel Rod (Depleted Tiberium)",
        "amount": 1
      }
    ],
    "fluidOutputs": []
  },
  {
    "machine": "gt.recipe.ic2nuke",
    "recipeType": "gt_machine",
    "itemInputs": [
      {
        "id": "bartworks:gt.Core_Reactor_Cell:0",
        "displayName": "\"The Core\" Cell",
        "amount": 1
      }
    ],
    "fluidInputs": [],
    "itemOutputs": [
      {
        "id": "bartworks:gt.Core_Reactor_CellDep:0",
        "displayName": "Depleted \"The Core\" Cell",
        "amount": 1
      }
    ],
    "fluidOutputs": []
  },
  {
    "machine": "gt.recipe.ic2nuke",
    "recipeType": "gt_machine",
    "itemInputs": [
      {
        "id": "IC2:reactorLithiumCell:0",
        "displayName": "Fuel Rod (Lithium)",
        "amount": 1
      }
    ],
    "fluidInputs": [],
    "itemOutputs": [
      {
        "id": "IC2:itemTritiumCell:0",
        "displayName": "Fuel Rod (Tritium)",
        "amount": 1
      }
    ],
    "fluidOutputs": []
  },
  {
    "machine": "gt.recipe.ic2nuke",
    "recipeType": "gt_machine",
    "itemInputs": [
      {
        "id": "gregtech:gt.glowstoneCell:0",
        "displayName": "Glowstone Fuel Rod",
        "amount": 1
      }
    ],
    "fluidInputs": [],
    "itemOutputs": [
      {
        "id": "gregtech:gt.sunnariumCell:0",
        "displayName": "Sunnarium Fuel Rod",
        "amount": 1
      }
    ],
    "fluidOutputs": []
  }
]