[
  {
    "machine": "gt.recipe.purificationplantdegasifier",
    "recipeType": "gt_machine",
    "euPerTick": 1966080,
    "duration": 2400,
    "itemInputs": [],
    "fluidInputs": [
      {
        "id": "grade6purifiedwater",
        "displayName": "Ultraviolet Treated Electrically Neutral Water (Grade 6)",
        "amount": 1000
      }
    ],
    "itemOutputs": [],
    "fluidOutputs": [
      {
        "id": "grade7purifiedwater",
        "displayName": "Degassed Decontaminant-Free Water (Grade 7)",
        "amount": 900
      }
    ]
  }
]