[
  {
    "machine": "gt.recipe.thermalgeneratorfuel",
    "recipeType": "gt_machine",
    "specialValue": 32,
    "itemInputs": [
      {
        "id": "minecraft:lava_bucket:0",
        "displayName": "Lava Bucket",
        "amount": 1
      }
    ],
    "fluidInputs": [],
    "itemOutputs": [],
    "fluidOutputs": []
  },
  {
    "machine": "gt.recipe.thermalgeneratorfuel",
    "recipeType": "gt_machine",
    "specialValue": 32,
    "itemInputs": [
      {
        "id": "IC2:itemCellEmpty:2",
        "displayName": "Lava Cell",
        "amount": 1
      }
    ],
    "fluidInputs": [],
    "itemOutputs": [],
    "fluidOutputs": []
  },
  {
    "machine": "gt.recipe.thermalgeneratorfuel",
    "recipeType": "gt_machine",
    "specialValue": 24,
    "itemInputs": [
      {
        "id": "IC2:itemCellEmpty:11",
        "displayName": "Pahoehoe Lava Cell",
        "amount": 1
      }
    ],
    "fluidInputs": [],
    "itemOutputs": [],
    "fluidOutputs": []
  },
  {
    "machine": "gt.recipe.thermalgeneratorfuel",
    "recipeType": "gt_machine",
    "specialValue": 62,
    "itemInputs": [
      {
        "id": "gregtech:gt.metaitem.01:2843",
        "displayName": "Pyrotheum Dust",
        "amount": 1
      }
    ],
    "fluidInputs": [],
    "itemOutputs": [],
    "fluidOutputs": []
  },
  {
    "machine": "gt.recipe.thermalgeneratorfuel",
    "recipeType": "gt_machine",
    "specialValue": 62,
    "itemInputs": [
      {
        "id": "gregtech:gt.metaitem.01:2898",
        "displayName": "Cryotheum Dust",
        "amount": 1
      }
    ],
    "fluidInputs": [],
    "itemOutputs": [],
    "fluidOutputs": []
  },
  {
    "machine": "gt.recipe.thermalgeneratorfuel",
    "recipeType": "gt_machine",
    "specialValue": 62,
    "itemInputs": [
      {
        "id": "gregtech:gt.metaitem.01:2898",
        "displayName": "Cryotheum Dust",
        "amount": 1
      }
    ],
    "fluidInputs": [],
    "itemOutputs": [],
    "fluidOutputs": []
  },
  {
    "machine": "gt.recipe.thermalgeneratorfuel",
    "recipeType": "gt_machine",
    "specialValue": 62,
    "itemInputs": [
      {
        "id": "gregtech:gt.metaitem.01:2843",
        "displayName": "Pyrotheum Dust",
        "amount": 1
      }
    ],
    "fluidInputs": [],
    "itemOutputs": [],
    "fluidOutputs": []
  }
]