[
  {
    "machine": "gt.recipe.neutroniumcompressor",
    "recipeType": "gt_machine",
    "euPerTick": 480,
    "duration": 60,
    "itemInputs": [
      {
        "id": "minecraft:iron_block:0",
        "displayName": "Block of Iron",
        "amount": 7296
      }
    ],
    "fluidInputs": [],
    "itemOutputs": [
      {
        "id": "Avaritia:Singularity:0",
        "displayName": "Iron Singularity",
        "amount": 1
      }
    ],
    "fluidOutputs": []
  },
  {
    "machine": "gt.recipe.neutroniumcompressor",
    "recipeType": "gt_machine",
    "euPerTick": 480,
    "duration": 60,
    "itemInputs": [
      {
        "id": "minecraft:gold_block:0",
        "displayName": "Block of Gold",
        "amount": 1215
      }
    ],
    "fluidInputs": [],
    "itemOutputs": [
      {
        "id": "Avaritia:Singularity:1",
        "displayName": "Golden Singularity",
        "amount": 1
      }
    ],
    "fluidOutputs": []
  },
  {
    "machine": "gt.recipe.neutroniumcompressor",
    "recipeType": "gt_machine",
    "euPerTick": 480,
    "duration": 60,
    "itemInputs": [
      {
        "id": "minecraft:lapis_block:0",
        "displayName": "Lapis Lazuli Block",
        "amount": 1215
      }
    ],
    "fluidInputs": [],
    "itemOutputs": [
      {
        "id": "Avaritia:Singularity:2",
        "displayName": "Lapis Singularity",
        "amount": 1
      }
    ],
    "fluidOutputs": []
  },
  {
    "machine": "gt.recipe.neutroniumcompressor",
    "recipeType": "gt_machine",
    "euPerTick": 480,
    "duration": 60,
    "itemInputs": [
      {
        "id": "minecraft:redstone_block:0",
        "displayName": "Block of Redstone",
        "amount": 7296
      }
    ],
    "fluidInputs": [],
    "itemOutputs": [
      {
        "id": "Avaritia:Singularity:3",
        "displayName": "Redstone Singularity",
        "amount": 1
      }
    ],
    "fluidOutputs": []
  },
  {
    "machine": "gt.recipe.neutroniumcompressor",
    "recipeType": "gt_machine",
    "euPerTick": 480,
    "duration": 60,
    "itemInputs": [
      {
        "id": "minecraft:quartz_block:0",
        "displayName": "Block of Quartz",
        "amount": 1215
      }
    ],
    "fluidInputs": [],
    "itemOutputs": [
      {
        "id": "Avaritia:Singularity:4",
        "displayName": "Nether Quartz Singularity",
        "amount": 1
      }
    ],
    "fluidOutputs": []
  },
  {
    "machine": "gt.recipe.neutroniumcompressor",
    "recipeType": "gt_machine",
    "euPerTick": 480,
    "duration": 60,
    "itemInputs": [
      {
        "id": "gregtech:gt.blockmetal2:7",
        "displayName": "Block of Copper",
        "amount": 3648
      }
    ],
    "fluidInputs": [],
    "itemOutputs": [
      {
        "id": "Avaritia:Singularity:5",
        "displayName": "Copper Singularity",
        "amount": 1
      }
    ],
    "fluidOutputs": []
  },
  {
    "machine": "gt.recipe.neutroniumcompressor",
    "recipeType": "gt_machine",
    "euPerTick": 480,
    "duration": 60,
    "itemInputs": [
      {
        "id": "gregtech:gt.blockmetal7:7",
        "displayName": "Block of Tin",
        "amount": 3648
      }
    ],
    "fluidInputs": [],
    "itemOutputs": [
      {
        "id": "Avaritia:Singularity:6",
        "displayName": "Tin Singularity",
        "amount": 1
      }
    ],
    "fluidOutputs": []
  },
  {
    "machine": "gt.recipe.neutroniumcompressor",
    "recipeType": "gt_machine",
    "euPerTick": 480,
    "duration": 60,
    "itemInputs": [
      {
        "id": "gregtech:gt.blockmetal4:2",
        "displayName": "Block of Lead",
        "amount": 3648
      }
    ],
    "fluidInputs": [],
    "itemOutputs": [
      {
        "id": "Avaritia:Singularity:7",
        "displayName": "Leaden Singularity",
        "amount": 1
      }
    ],
    "fluidOutputs": []
  },
  {
    "machine": "gt.recipe.neutroniumcompressor",
    "recipeType": "gt_machine",
    "euPerTick": 480,
    "duration": 60,
    "itemInputs": [
      {
        "id": "gregtech:gt.blockmetal6:10",
        "displayName": "Block of Silver",
        "amount": 7296
      }
    ],
    "fluidInputs": [],
    "itemOutputs": [
      {
        "id": "Avaritia:Singularity:8",
        "displayName": "Silver Singularity",
        "amount": 1
      }
    ],
    "fluidOutputs": []
  },
  {
    "machine": "gt.recipe.neutroniumcompressor",
    "recipeType": "gt_machine",
    "euPerTick": 480,
    "duration": 60,
    "itemInputs": [
      {
        "id": "gregtech:gt.blockmetal5:4",
        "displayName": "Block of Nickel",
        "amount": 3648
      }
    ],
    "fluidInputs": [],
    "itemOutputs": [
      {
        "id": "Avaritia:Singularity:9",
        "displayName": "Nickel Singularity",
        "amount": 1
      }
    ],
    "fluidOutputs": []
  },
  {
    "machine": "gt.recipe.neutroniumcompressor",
    "recipeType": "gt_machine",
    "euPerTick": 480,
    "duration": 60,
    "itemInputs": [
      {
        "id": "gregtech:gt.blockmetal3:1",
        "displayName": "Block of Enderium",
        "amount": 608
      }
    ],
    "fluidInputs": [],
    "itemOutputs": [
      {
        "id": "Avaritia:Singularity:10",
        "displayName": "Enderium Singularity",
        "amount": 1
      }
    ],
    "fluidOutputs": []
  },
  {
    "machine": "gt.recipe.neutroniumcompressor",
    "recipeType": "gt_machine",
    "euPerTick": 480,
    "duration": 60,
    "itemInputs": [
      {
        "id": "minecraft:coal_block:0",
        "displayName": "Block of Coal",
        "amount": 3648
      }
    ],
    "fluidInputs": [],
    "itemOutputs": [
      {
        "id": "universalsingularities:universal.vanilla.singularity:0",
        "displayName": "Coal Singularity",
        "amount": 1
      }
    ],
    "fluidOutputs": []
  },
  {
    "machine": "gt.recipe.neutroniumcompressor",
    "recipeType": "gt_machine",
    "euPerTick": 480,
    "duration": 60,
    "itemInputs": [
      {
        "id": "minecraft:emerald_block:0",
        "displayName": "Block of Emerald",
        "amount": 729
      }
    ],
    "fluidInputs": [],
    "itemOutputs": [
      {
        "id": "universalsingularities:universal.vanilla.singularity:1",
        "displayName": "Emerald Singularity",
        "amount": 1
      }
    ],
    "fluidOutputs": []
  },
  {
    "machine": "gt.recipe.neutroniumcompressor",
    "recipeType": "gt_machine",
    "euPerTick": 480,
    "duration": 60,
    "itemInputs": [
      {
        "id": "minecraft:diamond_block:0",
        "displayName": "Block of Diamond",
        "amount": 729
      }
    ],
    "fluidInputs": [],
    "itemOutputs": [
      {
        "id": "universalsingularities:universal.vanilla.singularity:2",
        "displayName": "Diamond Singularity",
        "amount": 1
      }
    ],
    "fluidOutputs": []
  },
  {
    "machine": "gt.recipe.neutroniumcompressor",
    "recipeType": "gt_machine",
    "euPerTick": 480,
    "duration": 60,
    "itemInputs": [
      {
        "id": "gregtech:gt.blockmetal1:1",
        "displayName": "Block of Aluminium",
        "amount": 1824
      }
    ],
    "fluidInputs": [],
    "itemOutputs": [
      {
        "id": "universalsingularities:universal.general.singularity:0",
        "displayName": "Aluminum Singularity",
        "amount": 1
      }
    ],
    "fluidOutputs": []
  },
  {
    "machine": "gt.recipe.neutroniumcompressor",
    "recipeType": "gt_machine",
    "euPerTick": 480,
    "duration": 60,
    "itemInputs": [
      {
        "id": "gregtech:gt.blockmetal1:15",
        "displayName": "Block of Brass",
        "amount": 1824
      }
    ],
    "fluidInputs": [],
    "itemOutputs": [
      {
        "id": "universalsingularities:universal.general.singularity:1",
        "displayName": "Brass Singularity",
        "amount": 1
      }
    ],
    "fluidOutputs": []
  },
  {
    "machine": "gt.recipe.neutroniumcompressor",
    "recipeType": "gt_machine",
    "euPerTick": 480,
    "duration": 60,
    "itemInputs": [
      {
        "id": "gregtech:gt.blockmetal2:0",
        "displayName": "Block of Bronze",
        "amount": 1824
      }
    ],
    "fluidInputs": [],
    "itemOutputs": [
      {
        "id": "universalsingularities:universal.general.singularity:2",
        "displayName": "Bronze Singularity",
        "amount": 1
      }
    ],
    "fluidOutputs": []
  },
  {
    "machine": "gt.recipe.neutroniumcompressor",
    "recipeType": "gt_machine",
    "euPerTick": 480,
    "duration": 60,
    "itemInputs": [
      {
        "id": "gregtech:gt.blockgem3:4",
        "displayName": "Block of Charcoal",
        "amount": 7296
      }
    ],
    "fluidInputs": [],
    "itemOutputs": [
      {
        "id": "universalsingularities:universal.general.singularity:3",
        "displayName": "Charcoal Singularity",
        "amount": 1
      }
    ],
    "fluidOutputs": []
  },
  {
    "machine": "gt.recipe.neutroniumcompressor",
    "recipeType": "gt_machine",
    "euPerTick": 480,
    "duration": 60,
    "itemInputs": [
      {
        "id": "gregtech:gt.blockmetal2:15",
        "displayName": "Block of Electrum",
        "amount": 912
      }
    ],
    "fluidInputs": [],
    "itemOutputs": [
      {
        "id": "universalsingularities:universal.general.singularity:4",
        "displayName": "Electrum Singularity",
        "amount": 1
      }
    ],
    "fluidOutputs": []
  },
  {
    "machine": "gt.recipe.neutroniumcompressor",
    "recipeType": "gt_machine",
    "euPerTick": 480,
    "duration": 60,
    "itemInputs": [
      {
        "id": "gregtech:gt.blockmetal3:11",
        "displayName": "Block of Invar",
        "amount": 1824
      }
    ],
    "fluidInputs": [],
    "itemOutputs": [
      {
        "id": "universalsingularities:universal.general.singularity:5",
        "displayName": "Invar Singularity",
        "amount": 1
      }
    ],
    "fluidOutputs": []
  },
  {
    "machine": "gt.recipe.neutroniumcompressor",
    "recipeType": "gt_machine",
    "euPerTick": 480,
    "duration": 60,
    "itemInputs": [
      {
        "id": "gregtech:gt.blockmetal4:5",
        "displayName": "Block of Magnesium",
        "amount": 3648
      }
    ],
    "fluidInputs": [],
    "itemOutputs": [
      {
        "id": "universalsingularities:universal.general.singularity:6",
        "displayName": "Magnesium Singularity",
        "amount": 1
      }
    ],
    "fluidOutputs": []
  },
  {
    "machine": "gt.recipe.neutroniumcompressor",
    "recipeType": "gt_machine",
    "euPerTick": 480,
    "duration": 60,
    "itemInputs": [
      {
        "id": "gregtech:gt.blockmetal5:9",
        "displayName": "Block of Osmium",
        "amount": 406
      }
    ],
    "fluidInputs": [],
    "itemOutputs": [
      {
        "id": "universalsingularities:universal.general.singularity:7",
        "displayName": "Osmium Singularity",
        "amount": 1
      }
    ],
    "fluidOutputs": []
  },
  {
    "machine": "gt.recipe.neutroniumcompressor",
    "recipeType": "gt_machine",
    "euPerTick": 480,
    "duration": 60,
    "itemInputs": [
      {
        "id": "gregtech:gt.blockgem2:4",
        "displayName": "Block of Olivine",
        "amount": 608
      }
    ],
    "fluidInputs": [],
    "itemOutputs": [
      {
        "id": "universalsingularities:universal.general.singularity:8",
        "displayName": "Peridot Singularity",
        "amount": 1
      }
    ],
    "fluidOutputs": []
  },
  {
    "machine": "gt.recipe.neutroniumcompressor",
    "recipeType": "gt_machine",
    "euPerTick": 480,
    "duration": 60,
    "itemInputs": [
      {
        "id": "gregtech:gt.blockgem2:11",
        "displayName": "Block of Ruby",
        "amount": 608
      }
    ],
    "fluidInputs": [],
    "itemOutputs": [
      {
        "id": "universalsingularities:universal.general.singularity:9",
        "displayName": "Ruby Singularity",
        "amount": 1
      }
    ],
    "fluidOutputs": []
  },
  {
    "machine": "gt.recipe.neutroniumcompressor",
    "recipeType": "gt_machine",
    "euPerTick": 480,
    "duration": 60,
    "itemInputs": [
      {
        "id": "gregtech:gt.blockgem2:12",
        "displayName": "Block of Sapphire",
        "amount": 608
      }
    ],
    "fluidInputs": [],
    "itemOutputs": [
      {
        "id": "universalsingularities:universal.general.singularity:10",
        "displayName": "Sapphire Singularity",
        "amount": 1
      }
    ],
    "fluidOutputs": []
  },
  {
    "machine": "gt.recipe.neutroniumcompressor",
    "recipeType": "gt_machine",
    "euPerTick": 480,
    "duration": 60,
    "itemInputs": [
      {
        "id": "gregtech:gt.blockmetal6:13",
        "displayName": "Block of Steel",
        "amount": 912
      }
    ],
    "fluidInputs": [],
    "itemOutputs": [
      {
        "id": "universalsingularities:universal.general.singularity:11",
        "displayName": "Steel Singularity",
        "amount": 1
      }
    ],
    "fluidOutputs": []
  },
  {
    "machine": "gt.recipe.neutroniumcompressor",
    "recipeType": "gt_machine",
    "euPerTick": 480,
    "duration": 60,
    "itemInputs": [
      {
        "id": "gregtech:gt.blockmetal7:9",
        "displayName": "Block of Titanium",
        "amount": 2024
      }
    ],
    "fluidInputs": [],
    "itemOutputs": [
      {
        "id": "universalsingularities:universal.general.singularity:12",
        "displayName": "Titanium Singularity",
        "amount": 1
      }
    ],
    "fluidOutputs": []
  },
  {
    "machine": "gt.recipe.neutroniumcompressor",
    "recipeType": "gt_machine",
    "euPerTick": 480,
    "duration": 60,
    "itemInputs": [
      {
        "id": "gregtech:gt.blockmetal7:11",
        "displayName": "Block of Tungsten",
        "amount": 244
      }
    ],
    "fluidInputs": [],
    "itemOutputs": [
      {
        "id": "universalsingularities:universal.general.singularity:13",
        "displayName": "Tungsten Singularity",
        "amount": 1
      }
    ],
    "fluidOutputs": []
  },
  {
    "machine": "gt.recipe.neutroniumcompressor",
    "recipeType": "gt_machine",
    "euPerTick": 480,
    "duration": 60,
    "itemInputs": [
      {
        "id": "gregtech:gt.blockmetal7:14",
        "displayName": "Block of Uranium 238",
        "amount": 507
      }
    ],
    "fluidInputs": [],
    "itemOutputs": [
      {
        "id": "universalsingularities:universal.general.singularity:14",
        "displayName": "Uranium Singularity",
        "amount": 1
      }
    ],
    "fluidOutputs": []
  },
  {
    "machine": "gt.recipe.neutroniumcompressor",
    "recipeType": "gt_machine",
    "euPerTick": 480,
    "duration": 60,
    "itemInputs": [
      {
        "id": "gregtech:gt.blockmetal8:6",
        "displayName": "Block of Zinc",
        "amount": 3648
      }
    ],
    "fluidInputs": [],
    "itemOutputs": [
      {
        "id": "universalsingularities:universal.general.singularity:15",
        "displayName": "Zinc Singularity",
        "amount": 1
      }
    ],
    "fluidOutputs": []
  },
  {
    "machine": "gt.recipe.neutroniumcompressor",
    "recipeType": "gt_machine",
    "euPerTick": 480,
    "duration": 60,
    "itemInputs": [
      {
        "id": "gregtech:gt.blockgem2:8",
        "displayName": "Block of Tricalcium Phosphate",
        "amount": 365
      }
    ],
    "fluidInputs": [],
    "itemOutputs": [
      {
        "id": "universalsingularities:universal.general.singularity:16",
        "displayName": "Tricalcium Phosphate Singularity",
        "amount": 1
      }
    ],
    "fluidOutputs": []
  },
  {
    "machine": "gt.recipe.neutroniumcompressor",
    "recipeType": "gt_machine",
    "euPerTick": 480,
    "duration": 60,
    "itemInputs": [
      {
        "id": "gregtech:gt.blockmetal5:10",
        "displayName": "Block of Palladium",
        "amount": 136
      }
    ],
    "fluidInputs": [],
    "itemOutputs": [
      {
        "id": "universalsingularities:universal.general.singularity:17",
        "displayName": "Palladium Singularity",
        "amount": 1
      }
    ],
    "fluidOutputs": []
  },
  {
    "machine": "gt.recipe.neutroniumcompressor",
    "recipeType": "gt_machine",
    "euPerTick": 480,
    "duration": 60,
    "itemInputs": [
      {
        "id": "gregtech:gt.blockmetal2:9",
        "displayName": "Block of Damascus Steel",
        "amount": 153
      }
    ],
    "fluidInputs": [],
    "itemOutputs": [
      {
        "id": "universalsingularities:universal.general.singularity:18",
        "displayName": "Damascus Steel Singularity",
        "amount": 1
      }
    ],
    "fluidOutputs": []
  },
  {
    "machine": "gt.recipe.neutroniumcompressor",
    "recipeType": "gt_machine",
    "euPerTick": 480,
    "duration": 60,
    "itemInputs": [
      {
        "id": "gregtech:gt.blockmetal1:12",
        "displayName": "Block of Black Steel",
        "amount": 304
      }
    ],
    "fluidInputs": [],
    "itemOutputs": [
      {
        "id": "universalsingularities:universal.general.singularity:19",
        "displayName": "Black Steel Singularity",
        "amount": 1
      }
    ],
    "fluidOutputs": []
  },
  {
    "machine": "gt.recipe.neutroniumcompressor",
    "recipeType": "gt_machine",
    "euPerTick": 480,
    "duration": 60,
    "itemInputs": [
      {
        "id": "gregtech:gt.blockmetal3:0",
        "displayName": "Block of Fluxed Electrum",
        "amount": 16
      }
    ],
    "fluidInputs": [],
    "itemOutputs": [
      {
        "id": "universalsingularities:universal.general.singularity:20",
        "displayName": "Fluxed Electrum Singularity",
        "amount": 1
      }
    ],
    "fluidOutputs": []
  },
  {
    "machine": "gt.recipe.neutroniumcompressor",
    "recipeType": "gt_machine",
    "euPerTick": 480,
    "duration": 60,
    "itemInputs": [
      {
        "id": "thaumicbases:quicksilverBlock:0",
        "displayName": "Quicksilver Block",
        "amount": 1824
      }
    ],
    "fluidInputs": [],
    "itemOutputs": [
      {
        "id": "universalsingularities:universal.general.singularity:21",
        "displayName": "Quicksilver Singularity",
        "amount": 1
      }
    ],
    "fluidOutputs": []
  },
  {
    "machine": "gt.recipe.neutroniumcompressor",
    "recipeType": "gt_machine",
    "euPerTick": 480,
    "duration": 60,
    "itemInputs": [
      {
        "id": "gregtech:gt.blockmetal6:8",
        "displayName": "Block of Shadow Steel",
        "amount": 406
      }
    ],
    "fluidInputs": [],
    "itemOutputs": [
      {
        "id": "universalsingularities:universal.general.singularity:22",
        "displayName": "Shadow Steel Singularity",
        "amount": 1
      }
    ],
    "fluidOutputs": []
  },
  {
    "machine": "gt.recipe.neutroniumcompressor",
    "recipeType": "gt_machine",
    "euPerTick": 480,
    "duration": 60,
    "itemInputs": [
      {
        "id": "gregtech:gt.blockmetal3:12",
        "displayName": "Block of Iridium",
        "amount": 62
      }
    ],
    "fluidInputs": [],
    "itemOutputs": [
      {
        "id": "universalsingularities:universal.general.singularity:23",
        "displayName": "Iridium Singularity",
        "amount": 1
      }
    ],
    "fluidOutputs": []
  },
  {
    "machine": "gt.recipe.neutroniumcompressor",
    "recipeType": "gt_machine",
    "euPerTick": 480,
    "duration": 60,
    "itemInputs": [
      {
        "id": "gregtech:gt.blockgem3:3",
        "displayName": "Block of Nether Star",
        "amount": 512
      }
    ],
    "fluidInputs": [],
    "itemOutputs": [
      {
        "id": "universalsingularities:universal.general.singularity:24",
        "displayName": "Nether Star Singularity",
        "amount": 1
      }
    ],
    "fluidOutputs": []
  },
  {
    "machine": "gt.recipe.neutroniumcompressor",
    "recipeType": "gt_machine",
    "euPerTick": 480,
    "duration": 60,
    "itemInputs": [
      {
        "id": "gregtech:gt.blockmetal5:12",
        "displayName": "Block of Platinum",
        "amount": 406
      }
    ],
    "fluidInputs": [],
    "itemOutputs": [
      {
        "id": "universalsingularities:universal.general.singularity:25",
        "displayName": "Platinum Singularity",
        "amount": 1
      }
    ],
    "fluidOutputs": []
  },
  {
    "machine": "gt.recipe.neutroniumcompressor",
    "recipeType": "gt_machine",
    "euPerTick": 480,
    "duration": 60,
    "itemInputs": [
      {
        "id": "gregtech:gt.blockmetal4:15",
        "displayName": "Block of Naquadria",
        "amount": 66
      }
    ],
    "fluidInputs": [],
    "itemOutputs": [
      {
        "id": "universalsingularities:universal.general.singularity:26",
        "displayName": "Naquadria Singularity",
        "amount": 1
      }
    ],
    "fluidOutputs": []
  },
  {
    "machine": "gt.recipe.neutroniumcompressor",
    "recipeType": "gt_machine",
    "euPerTick": 480,
    "duration": 60,
    "itemInputs": [
      {
        "id": "gregtech:gt.blockmetal5:13",
        "displayName": "Block of Plutonium 239",
        "amount": 244
      }
    ],
    "fluidInputs": [],
    "itemOutputs": [
      {
        "id": "universalsingularities:universal.general.singularity:27",
        "displayName": "Plutonium Singularity",
        "amount": 1
      }
    ],
    "fluidOutputs": []
  },
  {
    "machine": "gt.recipe.neutroniumcompressor",
    "recipeType": "gt_machine",
    "euPerTick": 480,
    "duration": 60,
    "itemInputs": [
      {
        "id": "gregtech:gt.blockmetal4:7",
        "displayName": "Block of Meteoric Iron",
        "amount": 912
      }
    ],
    "fluidInputs": [],
    "itemOutputs": [
      {
        "id": "universalsingularities:universal.general.singularity:28",
        "displayName": "Meteoric Iron Singularity",
        "amount": 1
      }
    ],
    "fluidOutputs": []
  },
  {
    "machine": "gt.recipe.neutroniumcompressor",
    "recipeType": "gt_machine",
    "euPerTick": 480,
    "duration": 60,
    "itemInputs": [
      {
        "id": "gregtech:gt.blockmetal2:12",
        "displayName": "Block of Desh",
        "amount": 203
      }
    ],
    "fluidInputs": [],
    "itemOutputs": [
      {
        "id": "universalsingularities:universal.general.singularity:29",
        "displayName": "Desh Singularity",
        "amount": 1
      }
    ],
    "fluidOutputs": []
  },
  {
    "machine": "gt.recipe.neutroniumcompressor",
    "recipeType": "gt_machine",
    "euPerTick": 480,
    "duration": 60,
    "itemInputs": [
      {
        "id": "gregtech:gt.blockmetal3:3",
        "displayName": "Block of Europium",
        "amount": 62
      }
    ],
    "fluidInputs": [],
    "itemOutputs": [
      {
        "id": "universalsingularities:universal.general.singularity:30",
        "displayName": "Europium Singularity",
        "amount": 1
      }
    ],
    "fluidOutputs": []
  },
  {
    "machine": "gt.recipe.neutroniumcompressor",
    "recipeType": "gt_machine",
    "euPerTick": 480,
    "duration": 60,
    "itemInputs": [
      {
        "id": "DraconicEvolution:draconium:0",
        "displayName": "Draconium Block",
        "amount": 1296
      }
    ],
    "fluidInputs": [],
    "itemOutputs": [
      {
        "id": "universalsingularities:universal.draconicEvolution.singularity:0",
        "displayName": "Draconium Singularity",
        "amount": 1
      }
    ],
    "fluidOutputs": []
  },
  {
    "machine": "gt.recipe.neutroniumcompressor",
    "recipeType": "gt_machine",
    "euPerTick": 480,
    "duration": 60,
    "itemInputs": [
      {
        "id": "DraconicEvolution:draconicBlock:0",
        "displayName": "Awakened Draconium Block",
        "amount": 760
      }
    ],
    "fluidInputs": [],
    "itemOutputs": [
      {
        "id": "universalsingularities:universal.draconicEvolution.singularity:1",
        "displayName": "Awakened Draconium Singularity",
        "amount": 1
      }
    ],
    "fluidOutputs": []
  },
  {
    "machine": "gt.recipe.neutroniumcompressor",
    "recipeType": "gt_machine",
    "euPerTick": 480,
    "duration": 60,
    "itemInputs": [
      {
        "id": "EnderIO:blockIngotStorage:4",
        "displayName": "Conductive Iron Block",
        "amount": 912
      }
    ],
    "fluidInputs": [],
    "itemOutputs": [
      {
        "id": "universalsingularities:universal.enderIO.singularity:0",
        "displayName": "Conductive Iron Singularity",
        "amount": 1
      }
    ],
    "fluidOutputs": []
  },
  {
    "machine": "gt.recipe.neutroniumcompressor",
    "recipeType": "gt_machine",
    "euPerTick": 480,
    "duration": 60,
    "itemInputs": [
      {
        "id": "EnderIO:blockIngotStorage:0",
        "displayName": "Electrical Steel Block",
        "amount": 912
      }
    ],
    "fluidInputs": [],
    "itemOutputs": [
      {
        "id": "universalsingularities:universal.enderIO.singularity:1",
        "displayName": "Electrical Steel Singularity",
        "amount": 1
      }
    ],
    "fluidOutputs": []
  },
  {
    "machine": "gt.recipe.neutroniumcompressor",
    "recipeType": "gt_machine",
    "euPerTick": 480,
    "duration": 60,
    "itemInputs": [
      {
        "id": "EnderIO:blockIngotStorage:1",
        "displayName": "Energetic Alloy Block",
        "amount": 191
      }
    ],
    "fluidInputs": [],
    "itemOutputs": [
      {
        "id": "universalsingularities:universal.enderIO.singularity:2",
        "displayName": "Energetic Alloy Singularity",
        "amount": 1
      }
    ],
    "fluidOutputs": []
  },
  {
    "machine": "gt.recipe.neutroniumcompressor",
    "recipeType": "gt_machine",
    "euPerTick": 480,
    "duration": 60,
    "itemInputs": [
      {
        "id": "EnderIO:blockIngotStorage:6",
        "displayName": "Dark Steel Block",
        "amount": 912
      }
    ],
    "fluidInputs": [],
    "itemOutputs": [
      {
        "id": "universalsingularities:universal.enderIO.singularity:3",
        "displayName": "Dark Steel Singularity",
        "amount": 1
      }
    ],
    "fluidOutputs": []
  },
  {
    "machine": "gt.recipe.neutroniumcompressor",
    "recipeType": "gt_machine",
    "euPerTick": 480,
    "duration": 60,
    "itemInputs": [
      {
        "id": "EnderIO:blockIngotStorage:5",
        "displayName": "Pulsating Iron Block",
        "amount": 912
      }
    ],
    "fluidInputs": [],
    "itemOutputs": [
      {
        "id": "universalsingularities:universal.enderIO.singularity:4",
        "displayName": "Pulsating Iron Singularity",
        "amount": 1
      }
    ],
    "fluidOutputs": []
  },
  {
    "machine": "gt.recipe.neutroniumcompressor",
    "recipeType": "gt_machine",
    "euPerTick": 480,
    "duration": 60,
    "itemInputs": [
      {
        "id": "EnderIO:blockIngotStorage:3",
        "displayName": "Redstone Alloy Block",
        "amount": 912
      }
    ],
    "fluidInputs": [],
    "itemOutputs": [
      {
        "id": "universalsingularities:universal.enderIO.singularity:5",
        "displayName": "Redstone Alloy Singularity",
        "amount": 1
      }
    ],
    "fluidOutputs": []
  },
  {
    "machine": "gt.recipe.neutroniumcompressor",
    "recipeType": "gt_machine",
    "euPerTick": 480,
    "duration": 60,
    "itemInputs": [
      {
        "id": "EnderIO:blockIngotStorage:7",
        "displayName": "Soularium Block",
        "amount": 456
      }
    ],
    "fluidInputs": [],
    "itemOutputs": [
      {
        "id": "universalsingularities:universal.enderIO.singularity:6",
        "displayName": "Soularium Singularity",
        "amount": 1
      }
    ],
    "fluidOutputs": []
  },
  {
    "machine": "gt.recipe.neutroniumcompressor",
    "recipeType": "gt_machine",
    "euPerTick": 480,
    "duration": 60,
    "itemInputs": [
      {
        "id": "EnderIO:blockIngotStorage:2",
        "displayName": "Vibrant Alloy Block",
        "amount": 145
      }
    ],
    "fluidInputs": [],
    "itemOutputs": [
      {
        "id": "universalsingularities:universal.enderIO.singularity:7",
        "displayName": "Vibrant Alloy Singularity",
        "amount": 1
      }
    ],
    "fluidOutputs": []
  },
  {
    "machine": "gt.recipe.neutroniumcompressor",
    "recipeType": "gt_machine",
    "euPerTick": 480,
    "duration": 60,
    "itemInputs": [
      {
        "id": "ExtraUtilities:decorativeBlock1:5",
        "displayName": "Unstable Ingot Block",
        "amount": 66
      }
    ],
    "fluidInputs": [],
    "itemOutputs": [
      {
        "id": "universalsingularities:universal.extraUtilities.singularity:0",
        "displayName": "Unstable Ingot Singularity",
        "amount": 1
      }
    ],
    "fluidOutputs": []
  },
  {
    "machine": "gt.recipe.neutroniumcompressor",
    "recipeType": "gt_machine",
    "euPerTick": 480,
    "duration": 60,
    "itemInputs": [
      {
        "id": "ProjRed|Exploration:projectred.exploration.stone:11",
        "displayName": "Block of Electrotine",
        "amount": 1215
      }
    ],
    "fluidInputs": [],
    "itemOutputs": [
      {
        "id": "universalsingularities:universal.projectRed.singularity:0",
        "displayName": "Electrotine Singularity",
        "amount": 1
      }
    ],
    "fluidOutputs": []
  },
  {
    "machine": "gt.recipe.neutroniumcompressor",
    "recipeType": "gt_machine",
    "euPerTick": 480,
    "duration": 60,
    "itemInputs": [
      {
        "id": "TConstruct:MetalBlock:7",
        "displayName": "Block of Aluminum Brass",
        "amount": 1824
      }
    ],
    "fluidInputs": [],
    "itemOutputs": [
      {
        "id": "universalsingularities:universal.tinkersConstruct.singularity:0",
        "displayName": "Aluminum Brass Singularity",
        "amount": 1
      }
    ],
    "fluidOutputs": []
  },
  {
    "machine": "gt.recipe.neutroniumcompressor",
    "recipeType": "gt_machine",
    "euPerTick": 480,
    "duration": 60,
    "itemInputs": [
      {
        "id": "TConstruct:MetalBlock:8",
        "displayName": "Block of Alumite",
        "amount": 229
      }
    ],
    "fluidInputs": [],
    "itemOutputs": [
      {
        "id": "universalsingularities:universal.tinkersConstruct.singularity:1",
        "displayName": "Alumite Singularity",
        "amount": 1
      }
    ],
    "fluidOutputs": []
  },
  {
    "machine": "gt.recipe.neutroniumcompressor",
    "recipeType": "gt_machine",
    "euPerTick": 480,
    "duration": 60,
    "itemInputs": [
      {
        "id": "TConstruct:MetalBlock:1",
        "displayName": "Block of Ardite",
        "amount": 304
      }
    ],
    "fluidInputs": [],
    "itemOutputs": [
      {
        "id": "universalsingularities:universal.tinkersConstruct.singularity:2",
        "displayName": "Ardite Singularity",
        "amount": 1
      }
    ],
    "fluidOutputs": []
  },
  {
    "machine": "gt.recipe.neutroniumcompressor",
    "recipeType": "gt_machine",
    "euPerTick": 480,
    "duration": 60,
    "itemInputs": [
      {
        "id": "gregtech:gt.blockmetal2:5",
        "displayName": "Block of Cobalt",
        "amount": 1824
      }
    ],
    "fluidInputs": [],
    "itemOutputs": [
      {
        "id": "universalsingularities:universal.tinkersConstruct.singularity:3",
        "displayName": "Cobalt Singularity",
        "amount": 1
      }
    ],
    "fluidOutputs": []
  },
  {
    "machine": "gt.recipe.neutroniumcompressor",
    "recipeType": "gt_machine",
    "euPerTick": 480,
    "duration": 60,
    "itemInputs": [
      {
        "id": "gregtech:gt.blockgem1:8",
        "displayName": "Block of Enderpearl",
        "amount": 608
      }
    ],
    "fluidInputs": [],
    "itemOutputs": [
      {
        "id": "universalsingularities:universal.tinkersConstruct.singularity:4",
        "displayName": "Ender Singularity",
        "amount": 1
      }
    ],
    "fluidOutputs": []
  },
  {
    "machine": "gt.recipe.neutroniumcompressor",
    "recipeType": "gt_machine",
    "euPerTick": 480,
    "duration": 60,
    "itemInputs": [
      {
        "id": "TConstruct:MetalBlock:2",
        "displayName": "Block of Manyullyn",
        "amount": 308
      }
    ],
    "fluidInputs": [],
    "itemOutputs": [
      {
        "id": "universalsingularities:universal.tinkersConstruct.singularity:6",
        "displayName": "Manyullyn Singularity",
        "amount": 1
      }
    ],
    "fluidOutputs": []
  },
  {
    "machine": "gt.recipe.neutroniumcompressor",
    "recipeType": "gt_machine",
    "euPerTick": 480,
    "duration": 60,
    "itemInputs": [
      {
        "id": "gregtech:gt.metaitem.01:2394",
        "displayName": "Infinity Catalyst Dust",
        "amount": 64
      }
    ],
    "fluidInputs": [],
    "itemOutputs": [
      {
        "id": "Avaritia:Resource:5",
        "displayName": "Infinity Catalyst",
        "amount": 1
      }
    ],
    "fluidOutputs": []
  },
  {
    "machine": "gt.recipe.neutroniumcompressor",
    "recipeType": "gt_machine",
    "euPerTick": 125829120,
    "duration": 2000,
    "itemInputs": [],
    "fluidInputs": [
      {
        "id": "molten.spacetime",
        "displayName": "Molten SpaceTime",
        "amount": 72
      }
    ],
    "itemOutputs": [
      {
        "id": "eternalsingularity:eternal_singularity:0",
        "displayName": "Eternal Singularity",
        "amount": 1
      }
    ],
    "fluidOutputs": []
  },
  {
    "machine": "gt.recipe.neutroniumcompressor",
    "recipeType": "gt_machine",
    "euPerTick": 31457280,
    "duration": 1,
    "itemInputs": [],
    "fluidInputs": [
      {
        "id": "molten.iron",
        "displayName": "Molten Iron",
        "amount": 9455616
      }
    ],
    "itemOutputs": [
      {
        "id": "Avaritia:Singularity:0",
        "displayName": "Iron Singularity",
        "amount": 1
      }
    ],
    "fluidOutputs": []
  },
  {
    "machine": "gt.recipe.neutroniumcompressor",
    "recipeType": "gt_machine",
    "euPerTick": 7864320,
    "duration": 2400,
    "itemInputs": [
      {
        "id": "bartworks:bw.werkstoffblocks.01:11109",
        "displayName": "Block of Gangue",
        "amount": 444444
      }
    ],
    "fluidInputs": [],
    "itemOutputs": [
      {
        "id": "universalsingularities:universal.general.singularity:31",
        "displayName": "Gangue Singularity",
        "amount": 1
      }
    ],
    "fluidOutputs": []
  },
  {
    "machine": "gt.recipe.neutroniumcompressor",
    "recipeType": "gt_machine",
    "euPerTick": 31457280,
    "duration": 1,
    "itemInputs": [],
    "fluidInputs": [
      {
        "id": "molten.copper",
        "displayName": "Molten Copper",
        "amount": 4727808
      }
    ],
    "itemOutputs": [
      {
        "id": "Avaritia:Singularity:5",
        "displayName": "Copper Singularity",
        "amount": 1
      }
    ],
    "fluidOutputs": []
  },
  {
    "machine": "gt.recipe.neutroniumcompressor",
    "recipeType": "gt_machine",
    "euPerTick": 125829120,
    "duration": 20,
    "itemInputs": [
      {
        "id": "universalsingularities:universal.general.singularity:20",
        "displayName": "Fluxed Electrum Singularity",
        "amount": 1
      }
    ],
    "fluidInputs": [
      {
        "id": "molten.mellion",
        "displayName": "Molten Mellion",
        "amount": 576
      }
    ],
    "itemOutputs": [
      {
        "id": "eternalsingularity:combined_singularity:2",
        "displayName": "Sphaghettic Singularity",
        "amount": 1
      }
    ],
    "fluidOutputs": []
  },
  {
    "machine": "gt.recipe.neutroniumcompressor",
    "recipeType": "gt_machine",
    "euPerTick": 125829120,
    "duration": 20,
    "itemInputs": [
      {
        "id": "Avaritia:Singularity:0",
        "displayName": "Iron Singularity",
        "amount": 1
      }
    ],
    "fluidInputs": [
      {
        "id": "molten.creon",
        "displayName": "Molten Creon",
        "amount": 576
      }
    ],
    "itemOutputs": [
      {
        "id": "eternalsingularity:combined_singularity:4",
        "displayName": "Cryptic Singularity",
        "amount": 1
      }
    ],
    "fluidOutputs": []
  }
]