[
  {
    "machine": "gt.recipe.plasmaforge",
    "recipeType": "gt_machine",
    "euPerTick": 1500000000,
    "duration": 200,
    "specialValue": 13500,
    "itemInputs": [
      {
        "id": "GoodGenerator:huiCircuit:4",
        "displayName": "Hi-Computation Station MK-V Finaltype",
        "amount": 0
      }
    ],
    "fluidInputs": [
      {
        "id": "molten.metastable oganesson",
        "displayName": "Molten Metastable Oganesson",
        "amount": 1152
      },
      {
        "id": "molten.precious metals alloy",
        "displayName": "Molten Precious Metals Alloy",
        "amount": 2304
      },
      {
        "id": "molten.spacetime",
        "displayName": "Molten SpaceTime",
        "amount": 288
      },
      {
        "id": "dimensionallytranscendentresidue",
        "displayName": "Dimensionally Transcendent Residue",
        "amount": 5000
      }
    ],
    "itemOutputs": [],
    "fluidOutputs": [
      {
        "id": "molten.shirabon",
        "displayName": "Molten Shirabon",
        "amount": 144
      }
    ]
  },
  {
    "machine": "gt.recipe.plasmaforge",
    "recipeType": "gt_machine",
    "euPerTick": 2000000000,
    "duration": 3456000,
    "specialValue": 13500,
    "itemInputs": [
      {
        "id": "gregtech:gt.metaitem.01:32679",
        "displayName": "Field Generator (UEV)",
        "amount": 64
      },
      {
        "id": "gregtech:gt.metaitem.01:32045",
        "displayName": "Field Generator (UIV)",
        "amount": 64
      },
      {
        "id": "gregtech:gt.metaitem.01:32046",
        "displayName": "Field Generator (UMV)",
        "amount": 64
      }
    ],
    "fluidInputs": [
      {
        "id": "exciteddtec",
        "displayName": "Excited Dimensionally Transcendent Exotic Catalyst",
        "amount": 100000000
      },
      {
        "id": "molten.spacetime",
        "displayName": "Molten SpaceTime",
        "amount": 165888
      }
    ],
    "itemOutputs": [
      {
        "id": "gregtech:gt.metaitem.01:32416",
        "displayName": "Giga Chad Token",
        "amount": 1
      }
    ],
    "fluidOutputs": []
  },
  {
    "machine": "gt.recipe.plasmaforge",
    "recipeType": "gt_machine",
    "euPerTick": 7864320,
    "duration": 1200,
    "specialValue": 10800,
    "itemInputs": [
      {
        "id": "miscutils:particleBase:24",
        "displayName": "Unknown Particle",
        "amount": 1
      },
      {
        "id": "dreamcraft:item.ChromaticLens:0",
        "displayName": "Chromatic Lens",
        "amount": 0
      },
      {
        "id": "GoodGenerator:huiCircuit:4",
        "displayName": "Hi-Computation Station MK-V Finaltype",
        "amount": 0
      }
    ],
    "fluidInputs": [
      {
        "id": "exciteddtrc",
        "displayName": "Excited Dimensionally Transcendent Resplendent Catalyst",
        "amount": 92
      },
      {
        "id": "molten.duranium",
        "displayName": "Molten Duranium",
        "amount": 144
      }
    ],
    "itemOutputs": [
      {
        "id": "miscutils:MU-metaitem.01:32105",
        "displayName": "Quantum Anomaly",
        "amount": 1
      }
    ],
    "fluidOutputs": [
      {
        "id": "dimensionallytranscendentresidue",
        "displayName": "Dimensionally Transcendent Residue",
        "amount": 46
      }
    ]
  },
  {
    "machine": "gt.recipe.plasmaforge",
    "recipeType": "gt_machine",
    "euPerTick": 125829120,
    "duration": 1200,
    "specialValue": 12600,
    "itemInputs": [
      {
        "id": "Avaritia:Singularity:5",
        "displayName": "Copper Singularity",
        "amount": 8
      }
    ],
    "fluidInputs": [
      {
        "id": "molten.celestialtungsten",
        "displayName": "Molten Celestial Tungsten",
        "amount": 10368
      },
      {
        "id": "molten.astraltitanium",
        "displayName": "Molten Astral Titanium",
        "amount": 41472
      },
      {
        "id": "molten.hypogen",
        "displayName": "Molten Hypogen",
        "amount": 5184
      },
      {
        "id": "molten.chromaticglass",
        "displayName": "Molten Chromatic Glass",
        "amount": 82944
      },
      {
        "id": "molten.rhugnor",
        "displayName": "Molten Rhugnor",
        "amount": 2592
      },
      {
        "id": "molten.mellion",
        "displayName": "Molten Mellion",
        "amount": 10368
      }
    ],
    "itemOutputs": [],
    "fluidOutputs": [
      {
        "id": "molten.sixphasedcopper",
        "displayName": "Molten Six-Phased Copper",
        "amount": 10368
      }
    ]
  },
  {
    "machine": "gt.recipe.plasmaforge",
    "recipeType": "gt_machine",
    "euPerTick": 31457280,
    "duration": 600,
    "specialValue": 10800,
    "itemInputs": [],
    "fluidInputs": [
      {
        "id": "stablebaryonicmatter",
        "displayName": "Stabilised Baryonic Matter",
        "amount": 250
      },
      {
        "id": "molten.metastable oganesson",
        "displayName": "Molten Metastable Oganesson",
        "amount": 144
      },
      {
        "id": "grade8purifiedwater",
        "displayName": "Subatomically Perfect Water (Grade 8)",
        "amount": 400
      },
      {
        "id": "plasma.celestialtungsten",
        "displayName": "Celestial Tungsten Plasma",
        "amount": 3456
      },
      {
        "id": "superheavyradox",
        "displayName": "Super Heavy Radox",
        "amount": 2000
      },
      {
        "id": "exciteddtpc",
        "displayName": "Excited Dimensionally Transcendent Prosaic Catalyst",
        "amount": 1000
      }
    ],
    "itemOutputs": [],
    "fluidOutputs": [
      {
        "id": "dimensionallyshiftedsuperfluid",
        "displayName": "Dimensionally Shifted Superfluid",
        "amount": 7500
      },
      {
        "id": "dimensionallytranscendentresidue",
        "displayName": "Dimensionally Transcendent Residue",
        "amount": 250
      }
    ]
  },
  {
    "machine": "gt.recipe.plasmaforge",
    "recipeType": "gt_machine",
    "euPerTick": 125829120,
    "duration": 600,
    "specialValue": 12600,
    "itemInputs": [],
    "fluidInputs": [
      {
        "id": "stablebaryonicmatter",
        "displayName": "Stabilised Baryonic Matter",
        "amount": 1000
      },
      {
        "id": "molten.metastable oganesson",
        "displayName": "Molten Metastable Oganesson",
        "amount": 144
      },
      {
        "id": "grade8purifiedwater",
        "displayName": "Subatomically Perfect Water (Grade 8)",
        "amount": 1600
      },
      {
        "id": "plasma.celestialtungsten",
        "displayName": "Celestial Tungsten Plasma",
        "amount": 3456
      },
      {
        "id": "superheavyradox",
        "displayName": "Super Heavy Radox",
        "amount": 2000
      },
      {
        "id": "exciteddtrc",
        "displayName": "Excited Dimensionally Transcendent Resplendent Catalyst",
        "amount": 2000
      }
    ],
    "itemOutputs": [],
    "fluidOutputs": [
      {
        "id": "dimensionallyshiftedsuperfluid",
        "displayName": "Dimensionally Shifted Superfluid",
        "amount": 30000
      },
      {
        "id": "dimensionallytranscendentresidue",
        "displayName": "Dimensionally Transcendent Residue",
        "amount": 1000
      }
    ]
  },
  {
    "machine": "gt.recipe.plasmaforge",
    "recipeType": "gt_machine",
    "euPerTick": 125829120,
    "duration": 600,
    "specialValue": 13500,
    "itemInputs": [],
    "fluidInputs": [
      {
        "id": "stablebaryonicmatter",
        "displayName": "Stabilised Baryonic Matter",
        "amount": 2000
      },
      {
        "id": "molten.metastable oganesson",
        "displayName": "Molten Metastable Oganesson",
        "amount": 288
      },
      {
        "id": "grade8purifiedwater",
        "displayName": "Subatomically Perfect Water (Grade 8)",
        "amount": 3200
      },
      {
        "id": "plasma.celestialtungsten",
        "displayName": "Celestial Tungsten Plasma",
        "amount": 6912
      },
      {
        "id": "heavyradox",
        "displayName": "Heavy Radox",
        "amount": 4000
      },
      {
        "id": "exciteddtec",
        "displayName": "Excited Dimensionally Transcendent Exotic Catalyst",
        "amount": 2000
      }
    ],
    "itemOutputs": [],
    "fluidOutputs": [
      {
        "id": "dimensionallyshiftedsuperfluid",
        "displayName": "Dimensionally Shifted Superfluid",
        "amount": 90000
      },
      {
        "id": "dimensionallytranscendentresidue",
        "displayName": "Dimensionally Transcendent Residue",
        "amount": 2000
      }
    ]
  },
  {
    "machine": "gt.recipe.plasmaforge",
    "recipeType": "gt_machine",
    "euPerTick": 503316480,
    "duration": 150,
    "specialValue": 13500,
    "itemInputs": [],
    "fluidInputs": [
      {
        "id": "stablebaryonicmatter",
        "displayName": "Stabilised Baryonic Matter",
        "amount": 8000
      },
      {
        "id": "molten.metastable oganesson",
        "displayName": "Molten Metastable Oganesson",
        "amount": 576
      },
      {
        "id": "grade8purifiedwater",
        "displayName": "Subatomically Perfect Water (Grade 8)",
        "amount": 12800
      },
      {
        "id": "plasma.celestialtungsten",
        "displayName": "Celestial Tungsten Plasma",
        "amount": 13824
      },
      {
        "id": "heavyradox",
        "displayName": "Heavy Radox",
        "amount": 32000
      },
      {
        "id": "exciteddtsc",
        "displayName": "Excited Dimensionally Transcendent Stellar Catalyst",
        "amount": 2000
      }
    ],
    "itemOutputs": [],
    "fluidOutputs": [
      {
        "id": "dimensionallyshiftedsuperfluid",
        "displayName": "Dimensionally Shifted Superfluid",
        "amount": 360000
      },
      {
        "id": "dimensionallytranscendentresidue",
        "displayName": "Dimensionally Transcendent Residue",
        "amount": 4000
      }
    ]
  },
  {
    "machine": "gt.recipe.plasmaforge",
    "recipeType": "gt_machine",
    "euPerTick": 125829120,
    "duration": 6000,
    "specialValue": 10800,
    "itemInputs": [
      {
        "id": "gregtech:gt.metaitem.03:32234",
        "displayName": "Empty Quark Release Catalyst Housing",
        "amount": 1
      },
      {
        "id": "miscutils:particleBase:1",
        "displayName": "Up Quark",
        "amount": 1
      }
    ],
    "fluidInputs": [
      {
        "id": "exciteddtrc",
        "displayName": "Excited Dimensionally Transcendent Resplendent Catalyst",
        "amount": 10000
      }
    ],
    "itemOutputs": [
      {
        "id": "gregtech:gt.metaitem.03:32235",
        "displayName": "Up-Quark Releasing Catalyst",
        "amount": 1
      }
    ],
    "fluidOutputs": []
  },
  {
    "machine": "gt.recipe.plasmaforge",
    "recipeType": "gt_machine",
    "euPerTick": 125829120,
    "duration": 6000,
    "specialValue": 10800,
    "itemInputs": [
      {
        "id": "gregtech:gt.metaitem.03:32234",
        "displayName": "Empty Quark Release Catalyst Housing",
        "amount": 1
      },
      {
        "id": "miscutils:particleBase:2",
        "displayName": "Down Quark",
        "amount": 1
      }
    ],
    "fluidInputs": [
      {
        "id": "exciteddtrc",
        "displayName": "Excited Dimensionally Transcendent Resplendent Catalyst",
        "amount": 10000
      }
    ],
    "itemOutputs": [
      {
        "id": "gregtech:gt.metaitem.03:32236",
        "displayName": "Down-Quark Releasing Catalyst",
        "amount": 1
      }
    ],
    "fluidOutputs": []
  },
  {
    "machine": "gt.recipe.plasmaforge",
    "recipeType": "gt_machine",
    "euPerTick": 125829120,
    "duration": 6000,
    "specialValue": 10800,
    "itemInputs": [
      {
        "id": "gregtech:gt.metaitem.03:32234",
        "displayName": "Empty Quark Release Catalyst Housing",
        "amount": 1
      },
      {
        "id": "miscutils:particleBase:6",
        "displayName": "Bottom Quark",
        "amount": 1
      }
    ],
    "fluidInputs": [
      {
        "id": "exciteddtrc",
        "displayName": "Excited Dimensionally Transcendent Resplendent Catalyst",
        "amount": 10000
      }
    ],
    "itemOutputs": [
      {
        "id": "gregtech:gt.metaitem.03:32239",
        "displayName": "Bottom-Quark Releasing Catalyst",
        "amount": 1
      }
    ],
    "fluidOutputs": []
  },
  {
    "machine": "gt.recipe.plasmaforge",
    "recipeType": "gt_machine",
    "euPerTick": 125829120,
    "duration": 6000,
    "specialValue": 10800,
    "itemInputs": [
      {
        "id": "gregtech:gt.metaitem.03:32234",
        "displayName": "Empty Quark Release Catalyst Housing",
        "amount": 1
      },
      {
        "id": "miscutils:particleBase:5",
        "displayName": "Top Quark",
        "amount": 1
      }
    ],
    "fluidInputs": [
      {
        "id": "exciteddtrc",
        "displayName": "Excited Dimensionally Transcendent Resplendent Catalyst",
        "amount": 10000
      }
    ],
    "itemOutputs": [
      {
        "id": "gregtech:gt.metaitem.03:32240",
        "displayName": "Top-Quark Releasing Catalyst",
        "amount": 1
      }
    ],
    "fluidOutputs": []
  },
  {
    "machine": "gt.recipe.plasmaforge",
    "recipeType": "gt_machine",
    "euPerTick": 125829120,
    "duration": 6000,
    "specialValue": 10800,
    "itemInputs": [
      {
        "id": "gregtech:gt.metaitem.03:32234",
        "displayName": "Empty Quark Release Catalyst Housing",
        "amount": 1
      },
      {
        "id": "miscutils:particleBase:4",
        "displayName": "Strange Quark",
        "amount": 1
      }
    ],
    "fluidInputs": [
      {
        "id": "exciteddtrc",
        "displayName": "Excited Dimensionally Transcendent Resplendent Catalyst",
        "amount": 10000
      }
    ],
    "itemOutputs": [
      {
        "id": "gregtech:gt.metaitem.03:32237",
        "displayName": "Strange-Quark Releasing Catalyst",
        "amount": 1
      }
    ],
    "fluidOutputs": []
  },
  {
    "machine": "gt.recipe.plasmaforge",
    "recipeType": "gt_machine",
    "euPerTick": 125829120,
    "duration": 6000,
    "specialValue": 10800,
    "itemInputs": [
      {
        "id": "gregtech:gt.metaitem.03:32234",
        "displayName": "Empty Quark Release Catalyst Housing",
        "amount": 1
      },
      {
        "id": "miscutils:particleBase:3",
        "displayName": "Charm Quark",
        "amount": 1
      }
    ],
    "fluidInputs": [
      {
        "id": "exciteddtrc",
        "displayName": "Excited Dimensionally Transcendent Resplendent Catalyst",
        "amount": 10000
      }
    ],
    "itemOutputs": [
      {
        "id": "gregtech:gt.metaitem.03:32238",
        "displayName": "Charm-Quark Releasing Catalyst",
        "amount": 1
      }
    ],
    "fluidOutputs": []
  },
  {
    "machine": "gt.recipe.plasmaforge",
    "recipeType": "gt_machine",
    "euPerTick": 25379528,
    "duration": 1150,
    "specialValue": 10800,
    "itemInputs": [],
    "fluidInputs": [
      {
        "id": "exciteddtcc",
        "displayName": "Excited Dimensionally Transcendent Crude Catalyst",
        "amount": 30161
      },
      {
        "id": "molten.iron",
        "displayName": "Molten Iron",
        "amount": 73728
      }
    ],
    "itemOutputs": [],
    "fluidOutputs": [
      {
        "id": "dimensionallytranscendentresidue",
        "displayName": "Dimensionally Transcendent Residue",
        "amount": 3770
      },
      {
        "id": "molten.neutronium",
        "displayName": "Molten Neutronium",
        "amount": 73728
      }
    ]
  },
  {
    "machine": "gt.recipe.plasmaforge",
    "recipeType": "gt_machine",
    "euPerTick": 50759056,
    "duration": 575,
    "specialValue": 11700,
    "itemInputs": [],
    "fluidInputs": [
      {
        "id": "exciteddtpc",
        "displayName": "Excited Dimensionally Transcendent Prosaic Catalyst",
        "amount": 11802
      },
      {
        "id": "molten.iron",
        "displayName": "Molten Iron",
        "amount": 147456
      }
    ],
    "itemOutputs": [],
    "fluidOutputs": [
      {
        "id": "dimensionallytranscendentresidue",
        "displayName": "Dimensionally Transcendent Residue",
        "amount": 2950
      },
      {
        "id": "molten.neutronium",
        "displayName": "Molten Neutronium",
        "amount": 147456
      }
    ]
  },
  {
    "machine": "gt.recipe.plasmaforge",
    "recipeType": "gt_machine",
    "euPerTick": 101518112,
    "duration": 287,
    "specialValue": 12600,
    "itemInputs": [],
    "fluidInputs": [
      {
        "id": "exciteddtrc",
        "displayName": "Excited Dimensionally Transcendent Resplendent Catalyst",
        "amount": 5093
      },
      {
        "id": "molten.iron",
        "displayName": "Molten Iron",
        "amount": 294912
      }
    ],
    "itemOutputs": [],
    "fluidOutputs": [
      {
        "id": "dimensionallytranscendentresidue",
        "displayName": "Dimensionally Transcendent Residue",
        "amount": 2546
      },
      {
        "id": "molten.neutronium",
        "displayName": "Molten Neutronium",
        "amount": 294912
      }
    ]
  },
  {
    "machine": "gt.recipe.plasmaforge",
    "recipeType": "gt_machine",
    "euPerTick": 203036224,
    "duration": 143,
    "specialValue": 13500,
    "itemInputs": [],
    "fluidInputs": [
      {
        "id": "exciteddtec",
        "displayName": "Excited Dimensionally Transcendent Exotic Catalyst",
        "amount": 2148
      },
      {
        "id": "molten.iron",
        "displayName": "Molten Iron",
        "amount": 589824
      }
    ],
    "itemOutputs": [],
    "fluidOutputs": [
      {
        "id": "dimensionallytranscendentresidue",
        "displayName": "Dimensionally Transcendent Residue",
        "amount": 2148
      },
      {
        "id": "molten.neutronium",
        "displayName": "Molten Neutronium",
        "amount": 589824
      }
    ]
  },
  {
    "machine": "gt.recipe.plasmaforge",
    "recipeType": "gt_machine",
    "euPerTick": 8310301,
    "duration": 857,
    "specialValue": 10800,
    "itemInputs": [
      {
        "id": "gregtech:gt.comb:117",
        "displayName": "Cosmic Neutronium Comb",
        "amount": 1
      },
      {
        "id": "gregtech:gt.integrated_circuit:1",
        "displayName": "Programmed Circuit",
        "amount": 0
      }
    ],
    "fluidInputs": [
      {
        "id": "exciteddtcc",
        "displayName": "Excited Dimensionally Transcendent Crude Catalyst",
        "amount": 12511
      },
      {
        "id": "molten.copper",
        "displayName": "Molten Copper",
        "amount": 73728
      }
    ],
    "itemOutputs": [],
    "fluidOutputs": [
      {
        "id": "dimensionallytranscendentresidue",
        "displayName": "Dimensionally Transcendent Residue",
        "amount": 1563
      },
      {
        "id": "molten.cosmicneutronium",
        "displayName": "Molten Cosmic Neutronium",
        "amount": 73728
      }
    ]
  },
  {
    "machine": "gt.recipe.plasmaforge",
    "recipeType": "gt_machine",
    "euPerTick": 16620602,
    "duration": 428,
    "specialValue": 11700,
    "itemInputs": [
      {
        "id": "gregtech:gt.comb:117",
        "displayName": "Cosmic Neutronium Comb",
        "amount": 1
      },
      {
        "id": "gregtech:gt.integrated_circuit:1",
        "displayName": "Programmed Circuit",
        "amount": 0
      }
    ],
    "fluidInputs": [
      {
        "id": "exciteddtpc",
        "displayName": "Excited Dimensionally Transcendent Prosaic Catalyst",
        "amount": 4895
      },
      {
        "id": "molten.copper",
        "displayName": "Molten Copper",
        "amount": 147456
      }
    ],
    "itemOutputs": [],
    "fluidOutputs": [
      {
        "id": "dimensionallytranscendentresidue",
        "displayName": "Dimensionally Transcendent Residue",
        "amount": 1223
      },
      {
        "id": "molten.cosmicneutronium",
        "displayName": "Molten Cosmic Neutronium",
        "amount": 147456
      }
    ]
  },
  {
    "machine": "gt.recipe.plasmaforge",
    "recipeType": "gt_machine",
    "euPerTick": 33241204,
    "duration": 214,
    "specialValue": 12600,
    "itemInputs": [
      {
        "id": "gregtech:gt.comb:117",
        "displayName": "Cosmic Neutronium Comb",
        "amount": 1
      },
      {
        "id": "gregtech:gt.integrated_circuit:1",
        "displayName": "Programmed Circuit",
        "amount": 0
      }
    ],
    "fluidInputs": [
      {
        "id": "exciteddtrc",
        "displayName": "Excited Dimensionally Transcendent Resplendent Catalyst",
        "amount": 2112
      },
      {
        "id": "molten.copper",
        "displayName": "Molten Copper",
        "amount": 294912
      }
    ],
    "itemOutputs": [],
    "fluidOutputs": [
      {
        "id": "dimensionallytranscendentresidue",
        "displayName": "Dimensionally Transcendent Residue",
        "amount": 1056
      },
      {
        "id": "molten.cosmicneutronium",
        "displayName": "Molten Cosmic Neutronium",
        "amount": 294912
      }
    ]
  },
  {
    "machine": "gt.recipe.plasmaforge",
    "recipeType": "gt_machine",
    "euPerTick": 66482408,
    "duration": 107,
    "specialValue": 13500,
    "itemInputs": [
      {
        "id": "gregtech:gt.comb:117",
        "displayName": "Cosmic Neutronium Comb",
        "amount": 1
      },
      {
        "id": "gregtech:gt.integrated_circuit:1",
        "displayName": "Programmed Circuit",
        "amount": 0
      }
    ],
    "fluidInputs": [
      {
        "id": "exciteddtec",
        "displayName": "Excited Dimensionally Transcendent Exotic Catalyst",
        "amount": 891
      },
      {
        "id": "molten.copper",
        "displayName": "Molten Copper",
        "amount": 589824
      }
    ],
    "itemOutputs": [],
    "fluidOutputs": [
      {
        "id": "dimensionallytranscendentresidue",
        "displayName": "Dimensionally Transcendent Residue",
        "amount": 891
      },
      {
        "id": "molten.cosmicneutronium",
        "displayName": "Molten Cosmic Neutronium",
        "amount": 589824
      }
    ]
  },
  {
    "machine": "gt.recipe.plasmaforge",
    "recipeType": "gt_machine",
    "euPerTick": 8310301,
    "duration": 1714,
    "specialValue": 10800,
    "itemInputs": [
      {
        "id": "gregtech:gt.integrated_circuit:4",
        "displayName": "Programmed Circuit",
        "amount": 0
      }
    ],
    "fluidInputs": [
      {
        "id": "exciteddtcc",
        "displayName": "Excited Dimensionally Transcendent Crude Catalyst",
        "amount": 14719
      },
      {
        "id": "molten.copper",
        "displayName": "Molten Copper",
        "amount": 73728
      }
    ],
    "itemOutputs": [],
    "fluidOutputs": [
      {
        "id": "dimensionallytranscendentresidue",
        "displayName": "Dimensionally Transcendent Residue",
        "amount": 1839
      },
      {
        "id": "molten.cosmicneutronium",
        "displayName": "Molten Cosmic Neutronium",
        "amount": 73728
      }
    ]
  },
  {
    "machine": "gt.recipe.plasmaforge",
    "recipeType": "gt_machine",
    "euPerTick": 16620602,
    "duration": 857,
    "specialValue": 11700,
    "itemInputs": [
      {
        "id": "gregtech:gt.integrated_circuit:4",
        "displayName": "Programmed Circuit",
        "amount": 0
      }
    ],
    "fluidInputs": [
      {
        "id": "exciteddtpc",
        "displayName": "Excited Dimensionally Transcendent Prosaic Catalyst",
        "amount": 5759
      },
      {
        "id": "molten.copper",
        "displayName": "Molten Copper",
        "amount": 147456
      }
    ],
    "itemOutputs": [],
    "fluidOutputs": [
      {
        "id": "dimensionallytranscendentresidue",
        "displayName": "Dimensionally Transcendent Residue",
        "amount": 1439
      },
      {
        "id": "molten.cosmicneutronium",
        "displayName": "Molten Cosmic Neutronium",
        "amount": 147456
      }
    ]
  },
  {
    "machine": "gt.recipe.plasmaforge",
    "recipeType": "gt_machine",
    "euPerTick": 33241204,
    "duration": 428,
    "specialValue": 12600,
    "itemInputs": [
      {
        "id": "gregtech:gt.integrated_circuit:4",
        "displayName": "Programmed Circuit",
        "amount": 0
      }
    ],
    "fluidInputs": [
      {
        "id": "exciteddtrc",
        "displayName": "Excited Dimensionally Transcendent Resplendent Catalyst",
        "amount": 2485
      },
      {
        "id": "molten.copper",
        "displayName": "Molten Copper",
        "amount": 294912
      }
    ],
    "itemOutputs": [],
    "fluidOutputs": [
      {
        "id": "dimensionallytranscendentresidue",
        "displayName": "Dimensionally Transcendent Residue",
        "amount": 1242
      },
      {
        "id": "molten.cosmicneutronium",
        "displayName": "Molten Cosmic Neutronium",
        "amount": 294912
      }
    ]
  },
  {
    "machine": "gt.recipe.plasmaforge",
    "recipeType": "gt_machine",
    "euPerTick": 66482408,
    "duration": 214,
    "specialValue": 13500,
    "itemInputs": [
      {
        "id": "gregtech:gt.integrated_circuit:4",
        "displayName": "Programmed Circuit",
        "amount": 0
      }
    ],
    "fluidInputs": [
      {
        "id": "exciteddtec",
        "displayName": "Excited Dimensionally Transcendent Exotic Catalyst",
        "amount": 1048
      },
      {
        "id": "molten.copper",
        "displayName": "Molten Copper",
        "amount": 589824
      }
    ],
    "itemOutputs": [],
    "fluidOutputs": [
      {
        "id": "dimensionallytranscendentresidue",
        "displayName": "Dimensionally Transcendent Residue",
        "amount": 1048
      },
      {
        "id": "molten.cosmicneutronium",
        "displayName": "Molten Cosmic Neutronium",
        "amount": 589824
      }
    ]
  },
  {
    "machine": "gt.recipe.plasmaforge",
    "recipeType": "gt_machine",
    "euPerTick": 33975330,
    "duration": 1714,
    "specialValue": 10800,
    "itemInputs": [],
    "fluidInputs": [
      {
        "id": "exciteddtcc",
        "displayName": "Excited Dimensionally Transcendent Crude Catalyst",
        "amount": 60179
      },
      {
        "id": "molten.steel",
        "displayName": "Molten Steel",
        "amount": 294912
      }
    ],
    "itemOutputs": [],
    "fluidOutputs": [
      {
        "id": "dimensionallytranscendentresidue",
        "displayName": "Dimensionally Transcendent Residue",
        "amount": 7522
      },
      {
        "id": "molten.bedrockium",
        "displayName": "Molten Bedrockium",
        "amount": 294912
      }
    ]
  },
  {
    "machine": "gt.recipe.plasmaforge",
    "recipeType": "gt_machine",
    "euPerTick": 67950660,
    "duration": 857,
    "specialValue": 11700,
    "itemInputs": [],
    "fluidInputs": [
      {
        "id": "exciteddtpc",
        "displayName": "Excited Dimensionally Transcendent Prosaic Catalyst",
        "amount": 23548
      },
      {
        "id": "molten.steel",
        "displayName": "Molten Steel",
        "amount": 589824
      }
    ],
    "itemOutputs": [],
    "fluidOutputs": [
      {
        "id": "dimensionallytranscendentresidue",
        "displayName": "Dimensionally Transcendent Residue",
        "amount": 5887
      },
      {
        "id": "molten.bedrockium",
        "displayName": "Molten Bedrockium",
        "amount": 589824
      }
    ]
  },
  {
    "machine": "gt.recipe.plasmaforge",
    "recipeType": "gt_machine",
    "euPerTick": 135901320,
    "duration": 428,
    "specialValue": 12600,
    "itemInputs": [],
    "fluidInputs": [
      {
        "id": "exciteddtrc",
        "displayName": "Excited Dimensionally Transcendent Resplendent Catalyst",
        "amount": 10162
      },
      {
        "id": "molten.steel",
        "displayName": "Molten Steel",
        "amount": 1179648
      }
    ],
    "itemOutputs": [],
    "fluidOutputs": [
      {
        "id": "dimensionallytranscendentresidue",
        "displayName": "Dimensionally Transcendent Residue",
        "amount": 5081
      },
      {
        "id": "molten.bedrockium",
        "displayName": "Molten Bedrockium",
        "amount": 1179648
      }
    ]
  },
  {
    "machine": "gt.recipe.plasmaforge",
    "recipeType": "gt_machine",
    "euPerTick": 271802640,
    "duration": 214,
    "specialValue": 13500,
    "itemInputs": [],
    "fluidInputs": [
      {
        "id": "exciteddtec",
        "displayName": "Excited Dimensionally Transcendent Exotic Catalyst",
        "amount": 4287
      },
      {
        "id": "molten.steel",
        "displayName": "Molten Steel",
        "amount": 2359296
      }
    ],
    "itemOutputs": [],
    "fluidOutputs": [
      {
        "id": "dimensionallytranscendentresidue",
        "displayName": "Dimensionally Transcendent Residue",
        "amount": 4287
      },
      {
        "id": "molten.bedrockium",
        "displayName": "Molten Bedrockium",
        "amount": 2359296
      }
    ]
  },
  {
    "machine": "gt.recipe.plasmaforge",
    "recipeType": "gt_machine",
    "euPerTick": 800000000,
    "duration": 1500,
    "specialValue": 11700,
    "itemInputs": [],
    "fluidInputs": [
      {
        "id": "molten.hypogen",
        "displayName": "Molten Hypogen",
        "amount": 144
      },
      {
        "id": "molten.neutronium",
        "displayName": "Molten Neutronium",
        "amount": 5760
      },
      {
        "id": "molten.quantum",
        "displayName": "Molten Quantum",
        "amount": 5760
      },
      {
        "id": "molten.infinity",
        "displayName": "Molten Infinity",
        "amount": 1440
      },
      {
        "id": "exciteddtpc",
        "displayName": "Excited Dimensionally Transcendent Prosaic Catalyst",
        "amount": 1000
      }
    ],
    "itemOutputs": [],
    "fluidOutputs": [
      {
        "id": "molten.hypogen",
        "displayName": "Molten Hypogen",
        "amount": 1584
      },
      {
        "id": "dimensionallytranscendentresidue",
        "displayName": "Dimensionally Transcendent Residue",
        "amount": 250
      }
    ]
  },
  {
    "machine": "gt.recipe.plasmaforge",
    "recipeType": "gt_machine",
    "euPerTick": 1200000000,
    "duration": 1500,
    "specialValue": 12600,
    "itemInputs": [],
    "fluidInputs": [
      {
        "id": "molten.neutronium",
        "displayName": "Molten Neutronium",
        "amount": 5760
      },
      {
        "id": "molten.quantum",
        "displayName": "Molten Quantum",
        "amount": 5760
      },
      {
        "id": "molten.infinity",
        "displayName": "Molten Infinity",
        "amount": 1440
      },
      {
        "id": "exciteddtrc",
        "displayName": "Excited Dimensionally Transcendent Resplendent Catalyst",
        "amount": 1000
      }
    ],
    "itemOutputs": [],
    "fluidOutputs": [
      {
        "id": "molten.hypogen",
        "displayName": "Molten Hypogen",
        "amount": 2880
      },
      {
        "id": "dimensionallytranscendentresidue",
        "displayName": "Dimensionally Transcendent Residue",
        "amount": 500
      }
    ]
  },
  {
    "machine": "gt.recipe.plasmaforge",
    "recipeType": "gt_machine",
    "euPerTick": 1600000000,
    "duration": 1500,
    "specialValue": 13500,
    "itemInputs": [
      {
        "id": "miscutils:MU-metaitem.01:32100",
        "displayName": "Hypervisor Matrix (Fusion)",
        "amount": 0
      }
    ],
    "fluidInputs": [
      {
        "id": "molten.neutronium",
        "displayName": "Molten Neutronium",
        "amount": 5760
      },
      {
        "id": "molten.quantum",
        "displayName": "Molten Quantum",
        "amount": 5760
      },
      {
        "id": "molten.infinity",
        "displayName": "Molten Infinity",
        "amount": 1440
      },
      {
        "id": "exciteddtec",
        "displayName": "Excited Dimensionally Transcendent Exotic Catalyst",
        "amount": 1000
      }
    ],
    "itemOutputs": [],
    "fluidOutputs": [
      {
        "id": "molten.hypogen",
        "displayName": "Molten Hypogen",
        "amount": 5760
      },
      {
        "id": "dimensionallytranscendentresidue",
        "displayName": "Dimensionally Transcendent Residue",
        "amount": 1000
      }
    ]
  },
  {
    "machine": "gt.recipe.plasmaforge",
    "recipeType": "gt_machine",
    "euPerTick": 2000000000,
    "duration": 1500,
    "specialValue": 13500,
    "itemInputs": [
      {
        "id": "miscutils:MU-metaitem.01:32100",
        "displayName": "Hypervisor Matrix (Fusion)",
        "amount": 0
      }
    ],
    "fluidInputs": [
      {
        "id": "molten.neutronium",
        "displayName": "Molten Neutronium",
        "amount": 11520
      },
      {
        "id": "molten.quantum",
        "displayName": "Molten Quantum",
        "amount": 5760
      },
      {
        "id": "molten.infinity",
        "displayName": "Molten Infinity",
        "amount": 1440
      },
      {
        "id": "exciteddtsc",
        "displayName": "Excited Dimensionally Transcendent Stellar Catalyst",
        "amount": 1000
      }
    ],
    "itemOutputs": [],
    "fluidOutputs": [
      {
        "id": "molten.hypogen",
        "displayName": "Molten Hypogen",
        "amount": 11520
      },
      {
        "id": "dimensionallytranscendentresidue",
        "displayName": "Dimensionally Transcendent Residue",
        "amount": 2000
      }
    ]
  },
  {
    "machine": "gt.recipe.plasmaforge",
    "recipeType": "gt_machine",
    "euPerTick": 50331648,
    "duration": 3000,
    "specialValue": 10800,
    "itemInputs": [],
    "fluidInputs": [
      {
        "id": "exciteddtcc",
        "displayName": "Excited Dimensionally Transcendent Crude Catalyst",
        "amount": 156040
      },
      {
        "id": "molten.glass",
        "displayName": "Molten Glass",
        "amount": 36864
      }
    ],
    "itemOutputs": [],
    "fluidOutputs": [
      {
        "id": "dimensionallytranscendentresidue",
        "displayName": "Dimensionally Transcendent Residue",
        "amount": 19505
      },
      {
        "id": "molten.chromaticglass",
        "displayName": "Molten Chromatic Glass",
        "amount": 36864
      }
    ]
  },
  {
    "machine": "gt.recipe.plasmaforge",
    "recipeType": "gt_machine",
    "euPerTick": 100663296,
    "duration": 1500,
    "specialValue": 11700,
    "itemInputs": [],
    "fluidInputs": [
      {
        "id": "exciteddtpc",
        "displayName": "Excited Dimensionally Transcendent Prosaic Catalyst",
        "amount": 61059
      },
      {
        "id": "molten.glass",
        "displayName": "Molten Glass",
        "amount": 73728
      }
    ],
    "itemOutputs": [],
    "fluidOutputs": [
      {
        "id": "dimensionallytranscendentresidue",
        "displayName": "Dimensionally Transcendent Residue",
        "amount": 15264
      },
      {
        "id": "molten.chromaticglass",
        "displayName": "Molten Chromatic Glass",
        "amount": 73728
      }
    ]
  },
  {
    "machine": "gt.recipe.plasmaforge",
    "recipeType": "gt_machine",
    "euPerTick": 201326592,
    "duration": 750,
    "specialValue": 12600,
    "itemInputs": [],
    "fluidInputs": [
      {
        "id": "exciteddtrc",
        "displayName": "Excited Dimensionally Transcendent Resplendent Catalyst",
        "amount": 26350
      },
      {
        "id": "molten.glass",
        "displayName": "Molten Glass",
        "amount": 147456
      }
    ],
    "itemOutputs": [],
    "fluidOutputs": [
      {
        "id": "dimensionallytranscendentresidue",
        "displayName": "Dimensionally Transcendent Residue",
        "amount": 13175
      },
      {
        "id": "molten.chromaticglass",
        "displayName": "Molten Chromatic Glass",
        "amount": 147456
      }
    ]
  },
  {
    "machine": "gt.recipe.plasmaforge",
    "recipeType": "gt_machine",
    "euPerTick": 402653184,
    "duration": 375,
    "specialValue": 13500,
    "itemInputs": [],
    "fluidInputs": [
      {
        "id": "exciteddtec",
        "displayName": "Excited Dimensionally Transcendent Exotic Catalyst",
        "amount": 11116
      },
      {
        "id": "molten.glass",
        "displayName": "Molten Glass",
        "amount": 294912
      }
    ],
    "itemOutputs": [],
    "fluidOutputs": [
      {
        "id": "dimensionallytranscendentresidue",
        "displayName": "Dimensionally Transcendent Residue",
        "amount": 11116
      },
      {
        "id": "molten.chromaticglass",
        "displayName": "Molten Chromatic Glass",
        "amount": 294912
      }
    ]
  },
  {
    "machine": "gt.recipe.plasmaforge",
    "recipeType": "gt_machine",
    "euPerTick": 1000000000,
    "duration": 800,
    "specialValue": 12600,
    "itemInputs": [
      {
        "id": "gregtech:gt.metaitem.01:32417",
        "displayName": "Energised Tesseract",
        "amount": 1
      }
    ],
    "fluidInputs": [
      {
        "id": "dimensionallytranscendentresidue",
        "displayName": "Dimensionally Transcendent Residue",
        "amount": 10000
      },
      {
        "id": "molten.infinity",
        "displayName": "Molten Infinity",
        "amount": 2304
      },
      {
        "id": "molten.hypogen",
        "displayName": "Molten Hypogen",
        "amount": 1152
      }
    ],
    "itemOutputs": [],
    "fluidOutputs": [
      {
        "id": "molten.spacetime",
        "displayName": "Molten SpaceTime",
        "amount": 144
      }
    ]
  },
  {
    "machine": "gt.recipe.plasmaforge",
    "recipeType": "gt_machine",
    "euPerTick": 2000000000,
    "duration": 400,
    "specialValue": 13500,
    "itemInputs": [
      {
        "id": "gregtech:gt.metaitem.01:32417",
        "displayName": "Energised Tesseract",
        "amount": 1
      },
      {
        "id": "miscutils:MU-metaitem.01:32100",
        "displayName": "Hypervisor Matrix (Fusion)",
        "amount": 0
      }
    ],
    "fluidInputs": [
      {
        "id": "dimensionallytranscendentresidue",
        "displayName": "Dimensionally Transcendent Residue",
        "amount": 5000
      },
      {
        "id": "molten.infinity",
        "displayName": "Molten Infinity",
        "amount": 1152
      }
    ],
    "itemOutputs": [],
    "fluidOutputs": [
      {
        "id": "molten.spacetime",
        "displayName": "Molten SpaceTime",
        "amount": 576
      }
    ]
  },
  {
    "machine": "gt.recipe.plasmaforge",
    "recipeType": "gt_machine",
    "euPerTick": 32000000,
    "duration": 800,
    "specialValue": 11700,
    "itemInputs": [
      {
        "id": "gregtech:gt.metaitem.01:23982",
        "displayName": "Cosmic Neutronium Rod",
        "amount": 8
      },
      {
        "id": "miscutils:itemRodOctiron:0",
        "displayName": "Octiron Rod",
        "amount": 8
      },
      {
        "id": "bartworks:gt.bwMetaGeneratedstick:10106",
        "displayName": "Tairitsu Rod",
        "amount": 8
      },
      {
        "id": "gregtech:gt.metaitem.01:23318",
        "displayName": "Sunnarium Rod",
        "amount": 8
      },
      {
        "id": "miscutils:itemPlateAbyssalAlloy:0",
        "displayName": "Abyssal Alloy Plate",
        "amount": 24
      },
      {
        "id": "miscutils:itemScrewBotmium:0",
        "displayName": "Botmium Screw",
        "amount": 16
      },
      {
        "id": "dreamcraft:item.CircuitZPM:0",
        "displayName": "Any ZPM Circuit",
        "amount": 1
      }
    ],
    "fluidInputs": [
      {
        "id": "exciteddtrc",
        "displayName": "Excited Dimensionally Transcendent Resplendent Catalyst",
        "amount": 1000
      }
    ],
    "itemOutputs": [
      {
        "id": "gregtech:gt.metaitem.01:32415",
        "displayName": "Raw Tesseract",
        "amount": 4
      }
    ],
    "fluidOutputs": [
      {
        "id": "dimensionallytranscendentresidue",
        "displayName": "Dimensionally Transcendent Residue",
        "amount": 500
      }
    ]
  },
  {
    "machine": "gt.recipe.plasmaforge",
    "recipeType": "gt_machine",
    "euPerTick": 128000000,
    "duration": 800,
    "specialValue": 13500,
    "itemInputs": [
      {
        "id": "gregtech:gt.metaitem.01:23982",
        "displayName": "Cosmic Neutronium Rod",
        "amount": 12
      },
      {
        "id": "bartworks:gt.bwMetaGeneratedstick:10106",
        "displayName": "Tairitsu Rod",
        "amount": 12
      },
      {
        "id": "gregtech:gt.metaitem.01:23581",
        "displayName": "Transcendent Metal Rod",
        "amount": 8
      },
      {
        "id": "miscutils:itemPlateBotmium:0",
        "displayName": "Botmium Plate",
        "amount": 24
      },
      {
        "id": "miscutils:itemScrewArcanite:0",
        "displayName": "Arcanite Screw",
        "amount": 16
      },
      {
        "id": "supersolarpanel:enderquantumcomponent:0",
        "displayName": "Ender-Quantum Component",
        "amount": 1
      }
    ],
    "fluidInputs": [
      {
        "id": "exciteddtec",
        "displayName": "Excited Dimensionally Transcendent Exotic Catalyst",
        "amount": 1000
      }
    ],
    "itemOutputs": [
      {
        "id": "gregtech:gt.metaitem.01:32415",
        "displayName": "Raw Tesseract",
        "amount": 8
      }
    ],
    "fluidOutputs": [
      {
        "id": "dimensionallytranscendentresidue",
        "displayName": "Dimensionally Transcendent Residue",
        "amount": 1000
      }
    ]
  },
  {
    "machine": "gt.recipe.plasmaforge",
    "recipeType": "gt_machine",
    "euPerTick": 512000000,
    "duration": 800,
    "specialValue": 13500,
    "itemInputs": [
      {
        "id": "gregtech:gt.metaitem.01:23581",
        "displayName": "Transcendent Metal Rod",
        "amount": 32
      },
      {
        "id": "miscutils:itemPlateBlackTitanium:0",
        "displayName": "Black Titanium Plate",
        "amount": 24
      },
      {
        "id": "miscutils:itemScrewZeron100:0",
        "displayName": "Zeron-100 Screw",
        "amount": 16
      },
      {
        "id": "miscutils:MU-metaitem.01:32105",
        "displayName": "Quantum Anomaly",
        "amount": 1
      }
    ],
    "fluidInputs": [
      {
        "id": "exciteddtsc",
        "displayName": "Excited Dimensionally Transcendent Stellar Catalyst",
        "amount": 1000
      }
    ],
    "itemOutputs": [
      {
        "id": "gregtech:gt.metaitem.01:32415",
        "displayName": "Raw Tesseract",
        "amount": 16
      }
    ],
    "fluidOutputs": [
      {
        "id": "dimensionallytranscendentresidue",
        "displayName": "Dimensionally Transcendent Residue",
        "amount": 2000
      }
    ]
  },
  {
    "machine": "gt.recipe.plasmaforge",
    "recipeType": "gt_machine",
    "euPerTick": 1138753512,
    "duration": 450,
    "specialValue": 13500,
    "itemInputs": [
      {
        "id": "gregtech:gt.metaitem.01:32415",
        "displayName": "Raw Tesseract",
        "amount": 32
      },
      {
        "id": "Avaritia:Resource_Block:0",
        "displayName": "Cosmic Neutronium Block",
        "amount": 40
      }
    ],
    "fluidInputs": [
      {
        "id": "molten.titansteel",
        "displayName": "Molten Titansteel",
        "amount": 51840
      },
      {
        "id": "molten.callistoice",
        "displayName": "Molten Callisto Ice",
        "amount": 25920
      },
      {
        "id": "molten.ledox",
        "displayName": "Molten Ledox",
        "amount": 25920
      },
      {
        "id": "molten.tungsten",
        "displayName": "Molten Tungsten",
        "amount": 51840
      },
      {
        "id": "exciteddtsc",
        "displayName": "Excited Dimensionally Transcendent Stellar Catalyst",
        "amount": 7548
      }
    ],
    "itemOutputs": [
      {
        "id": "gregtech:gt.blockmetal9:4",
        "displayName": "Block of Transcendent Metal",
        "amount": 40
      },
      {
        "id": "gregtech:gt.metaitem.01:2581",
        "displayName": "Transcendent Metal Dust",
        "amount": 24
      }
    ],
    "fluidOutputs": [
      {
        "id": "dimensionallytranscendentresidue",
        "displayName": "Dimensionally Transcendent Residue",
        "amount": 15096
      },
      {
        "id": "molten.celestialtungsten",
        "displayName": "Molten Celestial Tungsten",
        "amount": 25920
      }
    ]
  },
  {
    "machine": "gt.recipe.plasmaforge",
    "recipeType": "gt_machine",
    "euPerTick": 267070884,
    "duration": 540,
    "specialValue": 13500,
    "itemInputs": [
      {
        "id": "miscutils:item.itemBufferCore10:0",
        "displayName": "Energy Core [UHV]",
        "amount": 0
      },
      {
        "id": "dreamcraft:tile.Quantinum:0",
        "displayName": "Block of Quantium",
        "amount": 2
      },
      {
        "id": "miscutils:MU-metaitem.01:32105",
        "displayName": "Quantum Anomaly",
        "amount": 2
      }
    ],
    "fluidInputs": [
      {
        "id": "molten.blacktitanium",
        "displayName": "Molten Black Titanium",
        "amount": 32256
      },
      {
        "id": "molten.americium",
        "displayName": "Molten Americium",
        "amount": 4608
      },
      {
        "id": "molten.bismuth",
        "displayName": "Molten Bismuth",
        "amount": 4608
      },
      {
        "id": "molten.hypogen",
        "displayName": "Molten Hypogen",
        "amount": 4608
      },
      {
        "id": "plasma.titanium",
        "displayName": "Titanium Plasma",
        "amount": 5184
      },
      {
        "id": "exciteddtec",
        "displayName": "Excited Dimensionally Transcendent Exotic Catalyst",
        "amount": 2274
      }
    ],
    "itemOutputs": [
      {
        "id": "miscutils:blockBlockAstralTitanium:0",
        "displayName": "Block of Astral Titanium",
        "amount": 2
      }
    ],
    "fluidOutputs": [
      {
        "id": "dimensionallytranscendentresidue",
        "displayName": "Dimensionally Transcendent Residue",
        "amount": 2274
      },
      {
        "id": "molten.quantum",
        "displayName": "Molten Quantum",
        "amount": 46080
      }
    ]
  },
  {
    "machine": "gt.recipe.plasmaforge",
    "recipeType": "gt_machine",
    "euPerTick": 534141769,
    "duration": 270,
    "specialValue": 13500,
    "itemInputs": [
      {
        "id": "miscutils:item.itemBufferCore10:0",
        "displayName": "Energy Core [UHV]",
        "amount": 0
      },
      {
        "id": "dreamcraft:tile.Quantinum:0",
        "displayName": "Block of Quantium",
        "amount": 4
      },
      {
        "id": "miscutils:MU-metaitem.01:32105",
        "displayName": "Quantum Anomaly",
        "amount": 3
      }
    ],
    "fluidInputs": [
      {
        "id": "molten.blacktitanium",
        "displayName": "Molten Black Titanium",
        "amount": 64512
      },
      {
        "id": "molten.americium",
        "displayName": "Molten Americium",
        "amount": 9216
      },
      {
        "id": "molten.bismuth",
        "displayName": "Molten Bismuth",
        "amount": 9216
      },
      {
        "id": "molten.hypogen",
        "displayName": "Molten Hypogen",
        "amount": 9216
      },
      {
        "id": "plasma.titanium",
        "displayName": "Titanium Plasma",
        "amount": 10368
      },
      {
        "id": "exciteddtsc",
        "displayName": "Excited Dimensionally Transcendent Stellar Catalyst",
        "amount": 1023
      }
    ],
    "itemOutputs": [
      {
        "id": "miscutils:blockBlockAstralTitanium:0",
        "displayName": "Block of Astral Titanium",
        "amount": 4
      }
    ],
    "fluidOutputs": [
      {
        "id": "dimensionallytranscendentresidue",
        "displayName": "Dimensionally Transcendent Residue",
        "amount": 2046
      },
      {
        "id": "molten.quantum",
        "displayName": "Molten Quantum",
        "amount": 92160
      }
    ]
  },
  {
    "machine": "gt.recipe.plasmaforge",
    "recipeType": "gt_machine",
    "euPerTick": 2013265912,
    "duration": 1600,
    "specialValue": 13500,
    "itemInputs": [
      {
        "id": "miscutils:gtplusplus.blockcasings.5:14",
        "displayName": "SpaceTime Bending Core",
        "amount": 0
      },
      {
        "id": "gregtech:gt.metaitem.01:22342",
        "displayName": "Dense Deep Dark Iron Plate",
        "amount": 1
      },
      {
        "id": "gregtech:gt.metaitem.01:8515",
        "displayName": "Dilithium",
        "amount": 32
      },
      {
        "id": "gregtech:gt.metaitem.03:4139",
        "displayName": "Universium Nanites",
        "amount": 1
      }
    ],
    "fluidInputs": [
      {
        "id": "temporalfluid",
        "displayName": "Tachyon Rich Temporal Fluid",
        "amount": 147456
      },
      {
        "id": "exciteddtsc",
        "displayName": "Excited Dimensionally Transcendent Stellar Catalyst",
        "amount": 100000
      }
    ],
    "itemOutputs": [
      {
        "id": "gregtech:gt.metaitem.03:32757",
        "displayName": "Timepiece",
        "amount": 3
      }
    ],
    "fluidOutputs": [
      {
        "id": "dimensionallytranscendentresidue",
        "displayName": "Dimensionally Transcendent Residue",
        "amount": 200000
      },
      {
        "id": "spatialfluid",
        "displayName": "Spatially Enlarged Fluid",
        "amount": 147456
      }
    ]
  },
  {
    "machine": "gt.recipe.plasmaforge",
    "recipeType": "gt_machine",
    "euPerTick": 2013265912,
    "duration": 200,
    "specialValue": 13500,
    "itemInputs": [
      {
        "id": "miscutils:gtplusplus.blockcasings.5:10",
        "displayName": "SpaceTime Continuum Ripper",
        "amount": 0
      },
      {
        "id": "gregtech:gt.metaitem.01:32417",
        "displayName": "Energised Tesseract",
        "amount": 2
      },
      {
        "id": "miscutils:MU-metaitem.01:32105",
        "displayName": "Quantum Anomaly",
        "amount": 16
      }
    ],
    "fluidInputs": [
      {
        "id": "temporalfluid",
        "displayName": "Tachyon Rich Temporal Fluid",
        "amount": 589824
      },
      {
        "id": "molten.spacetime",
        "displayName": "Molten SpaceTime",
        "amount": 147456
      },
      {
        "id": "exciteddtsc",
        "displayName": "Excited Dimensionally Transcendent Stellar Catalyst",
        "amount": 1000
      }
    ],
    "itemOutputs": [
      {
        "id": "gregtech:gt.metaitem.01:32415",
        "displayName": "Raw Tesseract",
        "amount": 1
      }
    ],
    "fluidOutputs": [
      {
        "id": "dimensionallytranscendentresidue",
        "displayName": "Dimensionally Transcendent Residue",
        "amount": 2000
      },
      {
        "id": "spatialfluid",
        "displayName": "Spatially Enlarged Fluid",
        "amount": 589824
      }
    ]
  },
  {
    "machine": "gt.recipe.plasmaforge",
    "recipeType": "gt_machine",
    "euPerTick": 2013265912,
    "duration": 200,
    "specialValue": 13500,
    "itemInputs": [
      {
        "id": "miscutils:gtplusplus.blockcasings.5:10",
        "displayName": "SpaceTime Continuum Ripper",
        "amount": 0
      },
      {
        "id": "gregtech:gt.metaitem.01:32417",
        "displayName": "Energised Tesseract",
        "amount": 2
      },
      {
        "id": "gregtech:gt.metaitem.03:32757",
        "displayName": "Timepiece",
        "amount": 16
      }
    ],
    "fluidInputs": [
      {
        "id": "spatialfluid",
        "displayName": "Spatially Enlarged Fluid",
        "amount": 589824
      },
      {
        "id": "molten.spacetime",
        "displayName": "Molten SpaceTime",
        "amount": 147456
      },
      {
        "id": "exciteddtsc",
        "displayName": "Excited Dimensionally Transcendent Stellar Catalyst",
        "amount": 1000
      }
    ],
    "itemOutputs": [
      {
        "id": "gregtech:gt.metaitem.01:32415",
        "displayName": "Raw Tesseract",
        "amount": 1
      }
    ],
    "fluidOutputs": [
      {
        "id": "dimensionallytranscendentresidue",
        "displayName": "Dimensionally Transcendent Residue",
        "amount": 2000
      },
      {
        "id": "temporalfluid",
        "displayName": "Tachyon Rich Temporal Fluid",
        "amount": 589824
      }
    ]
  },
  {
    "machine": "gt.recipe.plasmaforge",
    "recipeType": "gt_machine",
    "euPerTick": 409600000,
    "duration": 625,
    "specialValue": 13500,
    "itemInputs": [
      {
        "id": "Avaritia:Resource:5",
        "displayName": "Infinity Catalyst",
        "amount": 4
      },
      {
        "id": "gregtech:gt.comb:119",
        "displayName": "Infinity Comb",
        "amount": 1
      },
      {
        "id": "gregtech:gt.integrated_circuit:3",
        "displayName": "Programmed Circuit",
        "amount": 0
      }
    ],
    "fluidInputs": [
      {
        "id": "exciteddtsc",
        "displayName": "Excited Dimensionally Transcendent Stellar Catalyst",
        "amount": 9667
      }
    ],
    "itemOutputs": [],
    "fluidOutputs": [
      {
        "id": "dimensionallytranscendentresidue",
        "displayName": "Dimensionally Transcendent Residue",
        "amount": 19334
      },
      {
        "id": "molten.infinity",
        "displayName": "Molten Infinity",
        "amount": 36864
      }
    ]
  },
  {
    "machine": "gt.recipe.plasmaforge",
    "recipeType": "gt_machine",
    "euPerTick": 204800000,
    "duration": 1250,
    "specialValue": 13500,
    "itemInputs": [
      {
        "id": "Avaritia:Resource:5",
        "displayName": "Infinity Catalyst",
        "amount": 2
      },
      {
        "id": "gregtech:gt.comb:119",
        "displayName": "Infinity Comb",
        "amount": 1
      },
      {
        "id": "gregtech:gt.integrated_circuit:3",
        "displayName": "Programmed Circuit",
        "amount": 0
      }
    ],
    "fluidInputs": [
      {
        "id": "exciteddtec",
        "displayName": "Excited Dimensionally Transcendent Exotic Catalyst",
        "amount": 22307
      }
    ],
    "itemOutputs": [],
    "fluidOutputs": [
      {
        "id": "dimensionallytranscendentresidue",
        "displayName": "Dimensionally Transcendent Residue",
        "amount": 22307
      },
      {
        "id": "molten.infinity",
        "displayName": "Molten Infinity",
        "amount": 18432
      }
    ]
  },
  {
    "machine": "gt.recipe.plasmaforge",
    "recipeType": "gt_machine",
    "euPerTick": 102400000,
    "duration": 2500,
    "specialValue": 12600,
    "itemInputs": [
      {
        "id": "Avaritia:Resource:5",
        "displayName": "Infinity Catalyst",
        "amount": 1
      },
      {
        "id": "gregtech:gt.comb:119",
        "displayName": "Infinity Comb",
        "amount": 1
      },
      {
        "id": "gregtech:gt.integrated_circuit:2",
        "displayName": "Programmed Circuit",
        "amount": 0
      }
    ],
    "fluidInputs": [
      {
        "id": "exciteddtrc",
        "displayName": "Excited Dimensionally Transcendent Resplendent Catalyst",
        "amount": 50092
      }
    ],
    "itemOutputs": [],
    "fluidOutputs": [
      {
        "id": "dimensionallytranscendentresidue",
        "displayName": "Dimensionally Transcendent Residue",
        "amount": 25046
      },
      {
        "id": "molten.infinity",
        "displayName": "Molten Infinity",
        "amount": 9216
      }
    ]
  },
  {
    "machine": "gt.recipe.plasmaforge",
    "recipeType": "gt_machine",
    "euPerTick": 1600000,
    "duration": 19,
    "specialValue": 10800,
    "itemInputs": [
      {
        "id": "Avaritia:Resource:5",
        "displayName": "Infinity Catalyst",
        "amount": 1
      },
      {
        "id": "gregtech:gt.comb:119",
        "displayName": "Infinity Comb",
        "amount": 1
      },
      {
        "id": "gregtech:gt.integrated_circuit:3",
        "displayName": "Programmed Circuit",
        "amount": 0
      }
    ],
    "fluidInputs": [
      {
        "id": "exciteddtrc",
        "displayName": "Excited Dimensionally Transcendent Resplendent Catalyst",
        "amount": 782
      }
    ],
    "itemOutputs": [],
    "fluidOutputs": [
      {
        "id": "dimensionallytranscendentresidue",
        "displayName": "Dimensionally Transcendent Residue",
        "amount": 391
      },
      {
        "id": "molten.infinity",
        "displayName": "Molten Infinity",
        "amount": 144
      }
    ]
  },
  {
    "machine": "gt.recipe.plasmaforge",
    "recipeType": "gt_machine",
    "euPerTick": 1600000,
    "duration": 39,
    "specialValue": 10800,
    "itemInputs": [
      {
        "id": "Avaritia:Resource:5",
        "displayName": "Infinity Catalyst",
        "amount": 1
      },
      {
        "id": "gregtech:gt.integrated_circuit:4",
        "displayName": "Programmed Circuit",
        "amount": 0
      }
    ],
    "fluidInputs": [
      {
        "id": "exciteddtrc",
        "displayName": "Excited Dimensionally Transcendent Resplendent Catalyst",
        "amount": 920
      }
    ],
    "itemOutputs": [],
    "fluidOutputs": [
      {
        "id": "dimensionallytranscendentresidue",
        "displayName": "Dimensionally Transcendent Residue",
        "amount": 460
      },
      {
        "id": "molten.infinity",
        "displayName": "Molten Infinity",
        "amount": 144
      }
    ]
  },
  {
    "machine": "gt.recipe.plasmaforge",
    "recipeType": "gt_machine",
    "euPerTick": 102400000,
    "duration": 5000,
    "specialValue": 12600,
    "itemInputs": [
      {
        "id": "Avaritia:Resource:5",
        "displayName": "Infinity Catalyst",
        "amount": 1
      },
      {
        "id": "gregtech:gt.integrated_circuit:1",
        "displayName": "Programmed Circuit",
        "amount": 0
      }
    ],
    "fluidInputs": [
      {
        "id": "exciteddtrc",
        "displayName": "Excited Dimensionally Transcendent Resplendent Catalyst",
        "amount": 58932
      }
    ],
    "itemOutputs": [],
    "fluidOutputs": [
      {
        "id": "dimensionallytranscendentresidue",
        "displayName": "Dimensionally Transcendent Residue",
        "amount": 29466
      },
      {
        "id": "molten.infinity",
        "displayName": "Molten Infinity",
        "amount": 9216
      }
    ]
  },
  {
    "machine": "gt.recipe.plasmaforge",
    "recipeType": "gt_machine",
    "euPerTick": 204800000,
    "duration": 2500,
    "specialValue": 13500,
    "itemInputs": [
      {
        "id": "Avaritia:Resource:5",
        "displayName": "Infinity Catalyst",
        "amount": 2
      },
      {
        "id": "gregtech:gt.integrated_circuit:4",
        "displayName": "Programmed Circuit",
        "amount": 0
      }
    ],
    "fluidInputs": [
      {
        "id": "exciteddtec",
        "displayName": "Excited Dimensionally Transcendent Exotic Catalyst",
        "amount": 26243
      }
    ],
    "itemOutputs": [],
    "fluidOutputs": [
      {
        "id": "dimensionallytranscendentresidue",
        "displayName": "Dimensionally Transcendent Residue",
        "amount": 26243
      },
      {
        "id": "molten.infinity",
        "displayName": "Molten Infinity",
        "amount": 18432
      }
    ]
  },
  {
    "machine": "gt.recipe.plasmaforge",
    "recipeType": "gt_machine",
    "euPerTick": 409600000,
    "duration": 1250,
    "specialValue": 13500,
    "itemInputs": [
      {
        "id": "Avaritia:Resource:5",
        "displayName": "Infinity Catalyst",
        "amount": 4
      },
      {
        "id": "gregtech:gt.integrated_circuit:4",
        "displayName": "Programmed Circuit",
        "amount": 0
      }
    ],
    "fluidInputs": [
      {
        "id": "exciteddtsc",
        "displayName": "Excited Dimensionally Transcendent Stellar Catalyst",
        "amount": 11373
      }
    ],
    "itemOutputs": [],
    "fluidOutputs": [
      {
        "id": "dimensionallytranscendentresidue",
        "displayName": "Dimensionally Transcendent Residue",
        "amount": 22746
      },
      {
        "id": "molten.infinity",
        "displayName": "Molten Infinity",
        "amount": 36864
      }
    ]
  },
  {
    "machine": "gt.recipe.plasmaforge",
    "recipeType": "gt_machine",
    "euPerTick": 125829120,
    "duration": 1600,
    "specialValue": 12600,
    "itemInputs": [
      {
        "id": "gregtech:gt.blockmetal9:4",
        "displayName": "Block of Transcendent Metal",
        "amount": 16
      },
      {
        "id": "Avaritia:Resource:8",
        "displayName": "Star Fuel",
        "amount": 16
      },
      {
        "id": "miscutils:particleBase:17",
        "displayName": "Higgs Boson",
        "amount": 0
      }
    ],
    "fluidInputs": [
      {
        "id": "exciteddtec",
        "displayName": "Excited Dimensionally Transcendent Exotic Catalyst",
        "amount": 1797693
      },
      {
        "id": "molten.cosmicneutronium",
        "displayName": "Molten Cosmic Neutronium",
        "amount": 2359296
      },
      {
        "id": "molten.tairitsu",
        "displayName": "Molten Tairitsu",
        "amount": 2359296
      },
      {
        "id": "molten.celestialtungsten",
        "displayName": "Molten Celestial Tungsten",
        "amount": 589824
      }
    ],
    "itemOutputs": [
      {
        "id": "GalacticraftAmunRa:tile.baseBlockRock:14",
        "displayName": "Dark Matter",
        "amount": 1
      }
    ],
    "fluidOutputs": [
      {
        "id": "dimensionallytranscendentresidue",
        "displayName": "Dimensionally Transcendent Residue",
        "amount": 1797693
      }
    ]
  },
  {
    "machine": "gt.recipe.plasmaforge",
    "recipeType": "gt_machine",
    "euPerTick": 31457280,
    "duration": 100,
    "specialValue": 13500,
    "itemInputs": [
      {
        "id": "miscutils:MU-metaitem.01:32105",
        "displayName": "Quantum Anomaly",
        "amount": 1
      },
      {
        "id": "miscutils:particleBase:0",
        "displayName": "Graviton",
        "amount": 4
      },
      {
        "id": "dreamcraft:item.MysteriousCrystalLens:0",
        "displayName": "Quite Certain Crystal Lens",
        "amount": 0
      },
      {
        "id": "GoodGenerator:huiCircuit:4",
        "displayName": "Hi-Computation Station MK-V Finaltype",
        "amount": 0
      }
    ],
    "fluidInputs": [
      {
        "id": "exciteddtec",
        "displayName": "Excited Dimensionally Transcendent Exotic Catalyst",
        "amount": 92
      },
      {
        "id": "molten.tritanium",
        "displayName": "Molten Tritanium",
        "amount": 144
      }
    ],
    "itemOutputs": [
      {
        "id": "miscutils:MU-metaitem.01:32105",
        "displayName": "Quantum Anomaly",
        "amount": 4
      }
    ],
    "fluidOutputs": [
      {
        "id": "dimensionallytranscendentresidue",
        "displayName": "Dimensionally Transcendent Residue",
        "amount": 92
      }
    ]
  },
  {
    "machine": "gt.recipe.plasmaforge",
    "recipeType": "gt_machine",
    "euPerTick": 14277120,
    "duration": 630,
    "specialValue": 10800,
    "itemInputs": [
      {
        "id": "gregtech:gt.integrated_circuit:6",
        "displayName": "Programmed Circuit",
        "amount": 0
      }
    ],
    "fluidInputs": [
      {
        "id": "molten.indium",
        "displayName": "Molten Indium",
        "amount": 157248
      },
      {
        "id": "molten.tin",
        "displayName": "Molten Tin",
        "amount": 78624
      },
      {
        "id": "molten.barium",
        "displayName": "Molten Barium",
        "amount": 78624
      },
      {
        "id": "molten.titanium",
        "displayName": "Molten Titanium",
        "amount": 39312
      },
      {
        "id": "molten.copper",
        "displayName": "Molten Copper",
        "amount": 275184
      },
      {
        "id": "plasma.oxygen",
        "displayName": "Oxygen Plasma",
        "amount": 119301
      },
      {
        "id": "exciteddtcc",
        "displayName": "Excited Dimensionally Transcendent Crude Catalyst",
        "amount": 9295
      }
    ],
    "itemOutputs": [],
    "fluidOutputs": [
      {
        "id": "dimensionallytranscendentresidue",
        "displayName": "Dimensionally Transcendent Residue",
        "amount": 1161
      },
      {
        "id": "molten.tetraindiumditindibariumtitaniumheptacoppertetrakaidekaoxid",
        "displayName": "Molten Superconductor Base LuV",
        "amount": 1179360
      }
    ]
  },
  {
    "machine": "gt.recipe.plasmaforge",
    "recipeType": "gt_machine",
    "euPerTick": 28554240,
    "duration": 315,
    "specialValue": 11700,
    "itemInputs": [
      {
        "id": "gregtech:gt.integrated_circuit:6",
        "displayName": "Programmed Circuit",
        "amount": 0
      }
    ],
    "fluidInputs": [
      {
        "id": "molten.indium",
        "displayName": "Molten Indium",
        "amount": 314496
      },
      {
        "id": "molten.tin",
        "displayName": "Molten Tin",
        "amount": 157248
      },
      {
        "id": "molten.barium",
        "displayName": "Molten Barium",
        "amount": 157248
      },
      {
        "id": "molten.titanium",
        "displayName": "Molten Titanium",
        "amount": 78624
      },
      {
        "id": "molten.copper",
        "displayName": "Molten Copper",
        "amount": 550368
      },
      {
        "id": "plasma.oxygen",
        "displayName": "Oxygen Plasma",
        "amount": 238602
      },
      {
        "id": "exciteddtpc",
        "displayName": "Excited Dimensionally Transcendent Prosaic Catalyst",
        "amount": 3637
      }
    ],
    "itemOutputs": [],
    "fluidOutputs": [
      {
        "id": "dimensionallytranscendentresidue",
        "displayName": "Dimensionally Transcendent Residue",
        "amount": 909
      },
      {
        "id": "molten.tetraindiumditindibariumtitaniumheptacoppertetrakaidekaoxid",
        "displayName": "Molten Superconductor Base LuV",
        "amount": 2358720
      }
    ]
  },
  {
    "machine": "gt.recipe.plasmaforge",
    "recipeType": "gt_machine",
    "euPerTick": 57108480,
    "duration": 157,
    "specialValue": 12600,
    "itemInputs": [
      {
        "id": "gregtech:gt.integrated_circuit:6",
        "displayName": "Programmed Circuit",
        "amount": 0
      }
    ],
    "fluidInputs": [
      {
        "id": "molten.indium",
        "displayName": "Molten Indium",
        "amount": 628992
      },
      {
        "id": "molten.tin",
        "displayName": "Molten Tin",
        "amount": 314496
      },
      {
        "id": "molten.barium",
        "displayName": "Molten Barium",
        "amount": 314496
      },
      {
        "id": "molten.titanium",
        "displayName": "Molten Titanium",
        "amount": 157248
      },
      {
        "id": "molten.copper",
        "displayName": "Molten Copper",
        "amount": 1100736
      },
      {
        "id": "plasma.oxygen",
        "displayName": "Oxygen Plasma",
        "amount": 477204
      },
      {
        "id": "exciteddtrc",
        "displayName": "Excited Dimensionally Transcendent Resplendent Catalyst",
        "amount": 1569
      }
    ],
    "itemOutputs": [],
    "fluidOutputs": [
      {
        "id": "dimensionallytranscendentresidue",
        "displayName": "Dimensionally Transcendent Residue",
        "amount": 784
      },
      {
        "id": "molten.tetraindiumditindibariumtitaniumheptacoppertetrakaidekaoxid",
        "displayName": "Molten Superconductor Base LuV",
        "amount": 4717440
      }
    ]
  },
  {
    "machine": "gt.recipe.plasmaforge",
    "recipeType": "gt_machine",
    "euPerTick": 114216960,
    "duration": 78,
    "specialValue": 13500,
    "itemInputs": [
      {
        "id": "gregtech:gt.integrated_circuit:6",
        "displayName": "Programmed Circuit",
        "amount": 0
      }
    ],
    "fluidInputs": [
      {
        "id": "molten.indium",
        "displayName": "Molten Indium",
        "amount": 1257984
      },
      {
        "id": "molten.tin",
        "displayName": "Molten Tin",
        "amount": 628992
      },
      {
        "id": "molten.barium",
        "displayName": "Molten Barium",
        "amount": 628992
      },
      {
        "id": "molten.titanium",
        "displayName": "Molten Titanium",
        "amount": 314496
      },
      {
        "id": "molten.copper",
        "displayName": "Molten Copper",
        "amount": 2201472
      },
      {
        "id": "plasma.oxygen",
        "displayName": "Oxygen Plasma",
        "amount": 954408
      },
      {
        "id": "exciteddtec",
        "displayName": "Excited Dimensionally Transcendent Exotic Catalyst",
        "amount": 662
      }
    ],
    "itemOutputs": [],
    "fluidOutputs": [
      {
        "id": "dimensionallytranscendentresidue",
        "displayName": "Dimensionally Transcendent Residue",
        "amount": 662
      },
      {
        "id": "molten.tetraindiumditindibariumtitaniumheptacoppertetrakaidekaoxid",
        "displayName": "Molten Superconductor Base LuV",
        "amount": 9434880
      }
    ]
  },
  {
    "machine": "gt.recipe.plasmaforge",
    "recipeType": "gt_machine",
    "euPerTick": 17122560,
    "duration": 720,
    "specialValue": 10800,
    "itemInputs": [],
    "fluidInputs": [
      {
        "id": "molten.palladium",
        "displayName": "Molten Palladium",
        "amount": 272160
      },
      {
        "id": "molten.indium",
        "displayName": "Molten Indium",
        "amount": 90720
      },
      {
        "id": "molten.osmium",
        "displayName": "Molten Osmium",
        "amount": 45360
      },
      {
        "id": "molten.naquadah",
        "displayName": "Molten Naquadah",
        "amount": 181440
      },
      {
        "id": "exciteddtcc",
        "displayName": "Excited Dimensionally Transcendent Crude Catalyst",
        "amount": 12740
      }
    ],
    "itemOutputs": [],
    "fluidOutputs": [
      {
        "id": "dimensionallytranscendentresidue",
        "displayName": "Dimensionally Transcendent Residue",
        "amount": 1592
      },
      {
        "id": "molten.tetranaquadahdiindiumhexaplatiumosminid",
        "displayName": "Molten Superconductor Base ZPM",
        "amount": 589680
      }
    ]
  },
  {
    "machine": "gt.recipe.plasmaforge",
    "recipeType": "gt_machine",
    "euPerTick": 34245120,
    "duration": 360,
    "specialValue": 11700,
    "itemInputs": [],
    "fluidInputs": [
      {
        "id": "molten.palladium",
        "displayName": "Molten Palladium",
        "amount": 544320
      },
      {
        "id": "molten.indium",
        "displayName": "Molten Indium",
        "amount": 181440
      },
      {
        "id": "molten.osmium",
        "displayName": "Molten Osmium",
        "amount": 90720
      },
      {
        "id": "molten.naquadah",
        "displayName": "Molten Naquadah",
        "amount": 362880
      },
      {
        "id": "exciteddtpc",
        "displayName": "Excited Dimensionally Transcendent Prosaic Catalyst",
        "amount": 4985
      }
    ],
    "itemOutputs": [],
    "fluidOutputs": [
      {
        "id": "dimensionallytranscendentresidue",
        "displayName": "Dimensionally Transcendent Residue",
        "amount": 1246
      },
      {
        "id": "molten.tetranaquadahdiindiumhexaplatiumosminid",
        "displayName": "Molten Superconductor Base ZPM",
        "amount": 1179360
      }
    ]
  },
  {
    "machine": "gt.recipe.plasmaforge",
    "recipeType": "gt_machine",
    "euPerTick": 68490240,
    "duration": 180,
    "specialValue": 12600,
    "itemInputs": [],
    "fluidInputs": [
      {
        "id": "molten.palladium",
        "displayName": "Molten Palladium",
        "amount": 1088640
      },
      {
        "id": "molten.indium",
        "displayName": "Molten Indium",
        "amount": 362880
      },
      {
        "id": "molten.osmium",
        "displayName": "Molten Osmium",
        "amount": 181440
      },
      {
        "id": "molten.naquadah",
        "displayName": "Molten Naquadah",
        "amount": 725760
      },
      {
        "id": "exciteddtrc",
        "displayName": "Excited Dimensionally Transcendent Resplendent Catalyst",
        "amount": 2151
      }
    ],
    "itemOutputs": [],
    "fluidOutputs": [
      {
        "id": "dimensionallytranscendentresidue",
        "displayName": "Dimensionally Transcendent Residue",
        "amount": 1075
      },
      {
        "id": "molten.tetranaquadahdiindiumhexaplatiumosminid",
        "displayName": "Molten Superconductor Base ZPM",
        "amount": 2358720
      }
    ]
  },
  {
    "machine": "gt.recipe.plasmaforge",
    "recipeType": "gt_machine",
    "euPerTick": 136980480,
    "duration": 90,
    "specialValue": 13500,
    "itemInputs": [],
    "fluidInputs": [
      {
        "id": "molten.palladium",
        "displayName": "Molten Palladium",
        "amount": 2177280
      },
      {
        "id": "molten.indium",
        "displayName": "Molten Indium",
        "amount": 725760
      },
      {
        "id": "molten.osmium",
        "displayName": "Molten Osmium",
        "amount": 362880
      },
      {
        "id": "molten.naquadah",
        "displayName": "Molten Naquadah",
        "amount": 1451520
      },
      {
        "id": "exciteddtec",
        "displayName": "Excited Dimensionally Transcendent Exotic Catalyst",
        "amount": 907
      }
    ],
    "itemOutputs": [],
    "fluidOutputs": [
      {
        "id": "dimensionallytranscendentresidue",
        "displayName": "Dimensionally Transcendent Residue",
        "amount": 907
      },
      {
        "id": "molten.tetranaquadahdiindiumhexaplatiumosminid",
        "displayName": "Molten Superconductor Base ZPM",
        "amount": 4717440
      }
    ]
  },
  {
    "machine": "gt.recipe.plasmaforge",
    "recipeType": "gt_machine",
    "euPerTick": 37522314,
    "duration": 1285,
    "specialValue": 10800,
    "itemInputs": [],
    "fluidInputs": [
      {
        "id": "molten.samarium",
        "displayName": "Molten Samarium",
        "amount": 32688
      },
      {
        "id": "molten.europium",
        "displayName": "Molten Europium",
        "amount": 32688
      },
      {
        "id": "molten.osmiridium",
        "displayName": "Molten Osmiridium",
        "amount": 98064
      },
      {
        "id": "molten.naquadria",
        "displayName": "Molten Naquadria",
        "amount": 130752
      },
      {
        "id": "exciteddtcc",
        "displayName": "Excited Dimensionally Transcendent Crude Catalyst",
        "amount": 49846
      }
    ],
    "itemOutputs": [],
    "fluidOutputs": [
      {
        "id": "dimensionallytranscendentresidue",
        "displayName": "Dimensionally Transcendent Residue",
        "amount": 6230
      },
      {
        "id": "molten.longasssuperconductornameforuvwire",
        "displayName": "Molten Superconductor Base UV",
        "amount": 294192
      }
    ]
  },
  {
    "machine": "gt.recipe.plasmaforge",
    "recipeType": "gt_machine",
    "euPerTick": 75044628,
    "duration": 642,
    "specialValue": 11700,
    "itemInputs": [],
    "fluidInputs": [
      {
        "id": "molten.samarium",
        "displayName": "Molten Samarium",
        "amount": 65376
      },
      {
        "id": "molten.europium",
        "displayName": "Molten Europium",
        "amount": 65376
      },
      {
        "id": "molten.osmiridium",
        "displayName": "Molten Osmiridium",
        "amount": 196128
      },
      {
        "id": "molten.naquadria",
        "displayName": "Molten Naquadria",
        "amount": 261504
      },
      {
        "id": "exciteddtpc",
        "displayName": "Excited Dimensionally Transcendent Prosaic Catalyst",
        "amount": 19505
      }
    ],
    "itemOutputs": [],
    "fluidOutputs": [
      {
        "id": "dimensionallytranscendentresidue",
        "displayName": "Dimensionally Transcendent Residue",
        "amount": 4876
      },
      {
        "id": "molten.longasssuperconductornameforuvwire",
        "displayName": "Molten Superconductor Base UV",
        "amount": 588384
      }
    ]
  },
  {
    "machine": "gt.recipe.plasmaforge",
    "recipeType": "gt_machine",
    "euPerTick": 150089256,
    "duration": 321,
    "specialValue": 12600,
    "itemInputs": [],
    "fluidInputs": [
      {
        "id": "molten.samarium",
        "displayName": "Molten Samarium",
        "amount": 130752
      },
      {
        "id": "molten.europium",
        "displayName": "Molten Europium",
        "amount": 130752
      },
      {
        "id": "molten.osmiridium",
        "displayName": "Molten Osmiridium",
        "amount": 392256
      },
      {
        "id": "molten.naquadria",
        "displayName": "Molten Naquadria",
        "amount": 523008
      },
      {
        "id": "exciteddtrc",
        "displayName": "Excited Dimensionally Transcendent Resplendent Catalyst",
        "amount": 8417
      }
    ],
    "itemOutputs": [],
    "fluidOutputs": [
      {
        "id": "dimensionallytranscendentresidue",
        "displayName": "Dimensionally Transcendent Residue",
        "amount": 4208
      },
      {
        "id": "molten.longasssuperconductornameforuvwire",
        "displayName": "Molten Superconductor Base UV",
        "amount": 1176768
      }
    ]
  },
  {
    "machine": "gt.recipe.plasmaforge",
    "recipeType": "gt_machine",
    "euPerTick": 300178512,
    "duration": 160,
    "specialValue": 13500,
    "itemInputs": [],
    "fluidInputs": [
      {
        "id": "molten.samarium",
        "displayName": "Molten Samarium",
        "amount": 261504
      },
      {
        "id": "molten.europium",
        "displayName": "Molten Europium",
        "amount": 261504
      },
      {
        "id": "molten.osmiridium",
        "displayName": "Molten Osmiridium",
        "amount": 784512
      },
      {
        "id": "molten.naquadria",
        "displayName": "Molten Naquadria",
        "amount": 1046016
      },
      {
        "id": "exciteddtec",
        "displayName": "Excited Dimensionally Transcendent Exotic Catalyst",
        "amount": 3551
      }
    ],
    "itemOutputs": [],
    "fluidOutputs": [
      {
        "id": "dimensionallytranscendentresidue",
        "displayName": "Dimensionally Transcendent Residue",
        "amount": 3551
      },
      {
        "id": "molten.longasssuperconductornameforuvwire",
        "displayName": "Molten Superconductor Base UV",
        "amount": 2353536
      }
    ]
  },
  {
    "machine": "gt.recipe.plasmaforge",
    "recipeType": "gt_machine",
    "euPerTick": 111045103,
    "duration": 1607,
    "specialValue": 11700,
    "itemInputs": [],
    "fluidInputs": [
      {
        "id": "molten.draconium",
        "displayName": "Molten Draconium",
        "amount": 36288
      },
      {
        "id": "molten.americium",
        "displayName": "Molten Americium",
        "amount": 36288
      },
      {
        "id": "molten.cosmicneutronium",
        "displayName": "Molten Cosmic Neutronium",
        "amount": 42336
      },
      {
        "id": "molten.tritanium",
        "displayName": "Molten Tritanium",
        "amount": 30240
      },
      {
        "id": "exciteddtpc",
        "displayName": "Excited Dimensionally Transcendent Prosaic Catalyst",
        "amount": 40089
      }
    ],
    "itemOutputs": [],
    "fluidOutputs": [
      {
        "id": "dimensionallytranscendentresidue",
        "displayName": "Dimensionally Transcendent Residue",
        "amount": 10022
      },
      {
        "id": "molten.longasssuperconductornameforuhvwire",
        "displayName": "Molten Superconductor Base UHV",
        "amount": 145152
      }
    ]
  },
  {
    "machine": "gt.recipe.plasmaforge",
    "recipeType": "gt_machine",
    "euPerTick": 222090206,
    "duration": 803,
    "specialValue": 12600,
    "itemInputs": [],
    "fluidInputs": [
      {
        "id": "molten.draconium",
        "displayName": "Molten Draconium",
        "amount": 72576
      },
      {
        "id": "molten.americium",
        "displayName": "Molten Americium",
        "amount": 72576
      },
      {
        "id": "molten.cosmicneutronium",
        "displayName": "Molten Cosmic Neutronium",
        "amount": 84672
      },
      {
        "id": "molten.tritanium",
        "displayName": "Molten Tritanium",
        "amount": 60480
      },
      {
        "id": "exciteddtrc",
        "displayName": "Excited Dimensionally Transcendent Resplendent Catalyst",
        "amount": 17889
      }
    ],
    "itemOutputs": [],
    "fluidOutputs": [
      {
        "id": "dimensionallytranscendentresidue",
        "displayName": "Dimensionally Transcendent Residue",
        "amount": 8944
      },
      {
        "id": "molten.longasssuperconductornameforuhvwire",
        "displayName": "Molten Superconductor Base UHV",
        "amount": 290304
      }
    ]
  },
  {
    "machine": "gt.recipe.plasmaforge",
    "recipeType": "gt_machine",
    "euPerTick": 444180412,
    "duration": 401,
    "specialValue": 13500,
    "itemInputs": [],
    "fluidInputs": [
      {
        "id": "molten.draconium",
        "displayName": "Molten Draconium",
        "amount": 145152
      },
      {
        "id": "molten.americium",
        "displayName": "Molten Americium",
        "amount": 145152
      },
      {
        "id": "molten.cosmicneutronium",
        "displayName": "Molten Cosmic Neutronium",
        "amount": 169344
      },
      {
        "id": "molten.tritanium",
        "displayName": "Molten Tritanium",
        "amount": 120960
      },
      {
        "id": "exciteddtec",
        "displayName": "Excited Dimensionally Transcendent Exotic Catalyst",
        "amount": 7816
      }
    ],
    "itemOutputs": [],
    "fluidOutputs": [
      {
        "id": "dimensionallytranscendentresidue",
        "displayName": "Dimensionally Transcendent Residue",
        "amount": 7816
      },
      {
        "id": "molten.longasssuperconductornameforuhvwire",
        "displayName": "Molten Superconductor Base UHV",
        "amount": 580608
      }
    ]
  },
  {
    "machine": "gt.recipe.plasmaforge",
    "recipeType": "gt_machine",
    "euPerTick": 888360824,
    "duration": 200,
    "specialValue": 13500,
    "itemInputs": [],
    "fluidInputs": [
      {
        "id": "molten.draconium",
        "displayName": "Molten Draconium",
        "amount": 290304
      },
      {
        "id": "molten.americium",
        "displayName": "Molten Americium",
        "amount": 290304
      },
      {
        "id": "molten.cosmicneutronium",
        "displayName": "Molten Cosmic Neutronium",
        "amount": 338688
      },
      {
        "id": "molten.tritanium",
        "displayName": "Molten Tritanium",
        "amount": 241920
      },
      {
        "id": "exciteddtsc",
        "displayName": "Excited Dimensionally Transcendent Stellar Catalyst",
        "amount": 3296
      }
    ],
    "itemOutputs": [],
    "fluidOutputs": [
      {
        "id": "dimensionallytranscendentresidue",
        "displayName": "Dimensionally Transcendent Residue",
        "amount": 6592
      },
      {
        "id": "molten.longasssuperconductornameforuhvwire",
        "displayName": "Molten Superconductor Base UHV",
        "amount": 1161216
      }
    ]
  },
  {
    "machine": "gt.recipe.plasmaforge",
    "recipeType": "gt_machine",
    "euPerTick": 359343309,
    "duration": 1895,
    "specialValue": 12600,
    "itemInputs": [],
    "fluidInputs": [
      {
        "id": "molten.advancednitinol",
        "displayName": "Molten Advanced Nitinol",
        "amount": 6048
      },
      {
        "id": "molten.celestialtungsten",
        "displayName": "Molten Celestial Tungsten",
        "amount": 6048
      },
      {
        "id": "molten.draconiumawakened",
        "displayName": "Molten Awakened Draconium",
        "amount": 30240
      },
      {
        "id": "molten.infinity",
        "displayName": "Molten Infinity",
        "amount": 30240
      },
      {
        "id": "plasma.iron",
        "displayName": "Iron Plasma",
        "amount": 6048
      },
      {
        "id": "exciteddtrc",
        "displayName": "Excited Dimensionally Transcendent Resplendent Catalyst",
        "amount": 37935
      }
    ],
    "itemOutputs": [],
    "fluidOutputs": [
      {
        "id": "dimensionallytranscendentresidue",
        "displayName": "Dimensionally Transcendent Residue",
        "amount": 18967
      },
      {
        "id": "molten.superconductoruevbase",
        "displayName": "Molten Superconductor Base UEV",
        "amount": 72576
      }
    ]
  },
  {
    "machine": "gt.recipe.plasmaforge",
    "recipeType": "gt_machine",
    "euPerTick": 718686618,
    "duration": 947,
    "specialValue": 13500,
    "itemInputs": [],
    "fluidInputs": [
      {
        "id": "molten.advancednitinol",
        "displayName": "Molten Advanced Nitinol",
        "amount": 12096
      },
      {
        "id": "molten.celestialtungsten",
        "displayName": "Molten Celestial Tungsten",
        "amount": 12096
      },
      {
        "id": "molten.draconiumawakened",
        "displayName": "Molten Awakened Draconium",
        "amount": 60480
      },
      {
        "id": "molten.infinity",
        "displayName": "Molten Infinity",
        "amount": 60480
      },
      {
        "id": "plasma.iron",
        "displayName": "Iron Plasma",
        "amount": 12096
      },
      {
        "id": "exciteddtec",
        "displayName": "Excited Dimensionally Transcendent Exotic Catalyst",
        "amount": 17139
      }
    ],
    "itemOutputs": [],
    "fluidOutputs": [
      {
        "id": "dimensionallytranscendentresidue",
        "displayName": "Dimensionally Transcendent Residue",
        "amount": 17139
      },
      {
        "id": "molten.superconductoruevbase",
        "displayName": "Molten Superconductor Base UEV",
        "amount": 145152
      }
    ]
  },
  {
    "machine": "gt.recipe.plasmaforge",
    "recipeType": "gt_machine",
    "euPerTick": 1437373236,
    "duration": 473,
    "specialValue": 13500,
    "itemInputs": [],
    "fluidInputs": [
      {
        "id": "molten.advancednitinol",
        "displayName": "Molten Advanced Nitinol",
        "amount": 24192
      },
      {
        "id": "molten.celestialtungsten",
        "displayName": "Molten Celestial Tungsten",
        "amount": 24192
      },
      {
        "id": "molten.draconiumawakened",
        "displayName": "Molten Awakened Draconium",
        "amount": 120960
      },
      {
        "id": "molten.infinity",
        "displayName": "Molten Infinity",
        "amount": 120960
      },
      {
        "id": "plasma.iron",
        "displayName": "Iron Plasma",
        "amount": 24192
      },
      {
        "id": "exciteddtsc",
        "displayName": "Excited Dimensionally Transcendent Stellar Catalyst",
        "amount": 7485
      }
    ],
    "itemOutputs": [],
    "fluidOutputs": [
      {
        "id": "dimensionallytranscendentresidue",
        "displayName": "Dimensionally Transcendent Residue",
        "amount": 14970
      },
      {
        "id": "molten.superconductoruevbase",
        "displayName": "Molten Superconductor Base UEV",
        "amount": 290304
      }
    ]
  },
  {
    "machine": "gt.recipe.plasmaforge",
    "recipeType": "gt_machine",
    "euPerTick": 356491378,
    "duration": 1895,
    "specialValue": 12600,
    "itemInputs": [],
    "fluidInputs": [
      {
        "id": "molten.radoxpoly",
        "displayName": "Molten Radox Polymer",
        "amount": 5760
      },
      {
        "id": "molten.transcendentmetal",
        "displayName": "Molten Transcendent Metal",
        "amount": 14400
      },
      {
        "id": "molten.rhugnor",
        "displayName": "Molten Rhugnor",
        "amount": 8640
      },
      {
        "id": "molten.chromaticglass",
        "displayName": "Molten Chromatic Glass",
        "amount": 7200
      },
      {
        "id": "plasma.bismuth",
        "displayName": "Bismuth Plasma",
        "amount": 1440
      },
      {
        "id": "exciteddtrc",
        "displayName": "Excited Dimensionally Transcendent Resplendent Catalyst",
        "amount": 77777
      }
    ],
    "itemOutputs": [],
    "fluidOutputs": [
      {
        "id": "dimensionallytranscendentresidue",
        "displayName": "Dimensionally Transcendent Residue",
        "amount": 38888
      },
      {
        "id": "molten.superconductoruivbase",
        "displayName": "Molten Superconductor Base UIV",
        "amount": 36000
      }
    ]
  },
  {
    "machine": "gt.recipe.plasmaforge",
    "recipeType": "gt_machine",
    "euPerTick": 712982756,
    "duration": 947,
    "specialValue": 13500,
    "itemInputs": [],
    "fluidInputs": [
      {
        "id": "molten.radoxpoly",
        "displayName": "Molten Radox Polymer",
        "amount": 11520
      },
      {
        "id": "molten.transcendentmetal",
        "displayName": "Molten Transcendent Metal",
        "amount": 28800
      },
      {
        "id": "molten.rhugnor",
        "displayName": "Molten Rhugnor",
        "amount": 17280
      },
      {
        "id": "molten.chromaticglass",
        "displayName": "Molten Chromatic Glass",
        "amount": 14400
      },
      {
        "id": "plasma.bismuth",
        "displayName": "Bismuth Plasma",
        "amount": 2880
      },
      {
        "id": "exciteddtec",
        "displayName": "Excited Dimensionally Transcendent Exotic Catalyst",
        "amount": 34636
      }
    ],
    "itemOutputs": [],
    "fluidOutputs": [
      {
        "id": "dimensionallytranscendentresidue",
        "displayName": "Dimensionally Transcendent Residue",
        "amount": 34636
      },
      {
        "id": "molten.superconductoruivbase",
        "displayName": "Molten Superconductor Base UIV",
        "amount": 72000
      }
    ]
  },
  {
    "machine": "gt.recipe.plasmaforge",
    "recipeType": "gt_machine",
    "euPerTick": 1425965512,
    "duration": 473,
    "specialValue": 13500,
    "itemInputs": [],
    "fluidInputs": [
      {
        "id": "molten.radoxpoly",
        "displayName": "Molten Radox Polymer",
        "amount": 23040
      },
      {
        "id": "molten.transcendentmetal",
        "displayName": "Molten Transcendent Metal",
        "amount": 57600
      },
      {
        "id": "molten.rhugnor",
        "displayName": "Molten Rhugnor",
        "amount": 34560
      },
      {
        "id": "molten.chromaticglass",
        "displayName": "Molten Chromatic Glass",
        "amount": 28800
      },
      {
        "id": "plasma.bismuth",
        "displayName": "Bismuth Plasma",
        "amount": 5760
      },
      {
        "id": "exciteddtsc",
        "displayName": "Excited Dimensionally Transcendent Stellar Catalyst",
        "amount": 15010
      }
    ],
    "itemOutputs": [],
    "fluidOutputs": [
      {
        "id": "dimensionallytranscendentresidue",
        "displayName": "Dimensionally Transcendent Residue",
        "amount": 30020
      },
      {
        "id": "molten.superconductoruivbase",
        "displayName": "Molten Superconductor Base UIV",
        "amount": 144000
      }
    ]
  },
  {
    "machine": "gt.recipe.plasmaforge",
    "recipeType": "gt_machine",
    "euPerTick": 693019239,
    "duration": 1895,
    "specialValue": 13500,
    "itemInputs": [],
    "fluidInputs": [
      {
        "id": "molten.spacetime",
        "displayName": "Molten SpaceTime",
        "amount": 7776
      },
      {
        "id": "molten.orundum",
        "displayName": "Molten Orundum",
        "amount": 3888
      },
      {
        "id": "molten.hypogen",
        "displayName": "Molten Hypogen",
        "amount": 14256
      },
      {
        "id": "molten.titansteel",
        "displayName": "Molten Titansteel",
        "amount": 6480
      },
      {
        "id": "molten.dragonblood",
        "displayName": "Molten Dragonblood",
        "amount": 2592
      },
      {
        "id": "plasma.oxygen",
        "displayName": "Oxygen Plasma",
        "amount": 1296
      },
      {
        "id": "exciteddtec",
        "displayName": "Excited Dimensionally Transcendent Exotic Catalyst",
        "amount": 77127
      }
    ],
    "itemOutputs": [],
    "fluidOutputs": [
      {
        "id": "dimensionallytranscendentresidue",
        "displayName": "Dimensionally Transcendent Residue",
        "amount": 77127
      },
      {
        "id": "molten.superconductorumvbase",
        "displayName": "Molten Superconductor Base UMV",
        "amount": 34992
      }
    ]
  },
  {
    "machine": "gt.recipe.plasmaforge",
    "recipeType": "gt_machine",
    "euPerTick": 1386038478,
    "duration": 947,
    "specialValue": 13500,
    "itemInputs": [],
    "fluidInputs": [
      {
        "id": "molten.spacetime",
        "displayName": "Molten SpaceTime",
        "amount": 15552
      },
      {
        "id": "molten.orundum",
        "displayName": "Molten Orundum",
        "amount": 7776
      },
      {
        "id": "molten.hypogen",
        "displayName": "Molten Hypogen",
        "amount": 28512
      },
      {
        "id": "molten.titansteel",
        "displayName": "Molten Titansteel",
        "amount": 12960
      },
      {
        "id": "molten.dragonblood",
        "displayName": "Molten Dragonblood",
        "amount": 5184
      },
      {
        "id": "plasma.oxygen",
        "displayName": "Oxygen Plasma",
        "amount": 2592
      },
      {
        "id": "exciteddtsc",
        "displayName": "Excited Dimensionally Transcendent Stellar Catalyst",
        "amount": 34093
      }
    ],
    "itemOutputs": [],
    "fluidOutputs": [
      {
        "id": "dimensionallytranscendentresidue",
        "displayName": "Dimensionally Transcendent Residue",
        "amount": 68186
      },
      {
        "id": "molten.superconductorumvbase",
        "displayName": "Molten Superconductor Base UMV",
        "amount": 69984
      }
    ]
  }
]