[
  {
    "machine": "gt.recipe.largeboilerfakefuels",
    "recipeType": "gt_machine",
    "specialValue": 537,
    "itemInputs": [
      {
        "id": "bartworks:gt.bwMetaGeneratedcell:10029",
        "displayName": "Ether Cell",
        "amount": 1
      }
    ],
    "fluidInputs": [],
    "itemOutputs": [],
    "fluidOutputs": []
  },
  {
    "machine": "gt.recipe.largeboilerfakefuels",
    "recipeType": "gt_machine",
    "specialValue": 1100,
    "itemInputs": [
      {
        "id": "bartworks:gt.bwMetaGeneratedcell:10086",
        "displayName": "Ethanol Gasoline Cell",
        "amount": 1
      }
    ],
    "fluidInputs": [],
    "itemOutputs": [],
    "fluidOutputs": []
  },
  {
    "machine": "gt.recipe.largeboilerfakefuels",
    "recipeType": "gt_machine",
    "specialValue": 2248,
    "itemInputs": [
      {
        "id": "bartworks:gt.bwMetaGeneratedcell:10095",
        "displayName": "Jet Fuel A Cell",
        "amount": 1
      }
    ],
    "fluidInputs": [],
    "itemOutputs": [],
    "fluidOutputs": []
  },
  {
    "machine": "gt.recipe.largeboilerfakefuels",
    "recipeType": "gt_machine",
    "specialValue": 1824,
    "itemInputs": [
      {
        "id": "bartworks:gt.bwMetaGeneratedcell:10094",
        "displayName": "Jet Fuel No.3 Cell",
        "amount": 1
      }
    ],
    "fluidInputs": [],
    "itemOutputs": [],
    "fluidOutputs": []
  },
  {
    "machine": "gt.recipe.largeboilerfakefuels",
    "recipeType": "gt_machine",
    "specialValue": 400,
    "itemInputs": [
      {
        "id": "miscutils:butanol:0",
        "displayName": "Butanol Cell",
        "amount": 1
      }
    ],
    "fluidInputs": [],
    "itemOutputs": [],
    "fluidOutputs": []
  },
  {
    "machine": "gt.recipe.largeboilerfakefuels",
    "recipeType": "gt_machine",
    "specialValue": 320,
    "itemInputs": [
      {
        "id": "gregtech:gt.metaitem.01:30627",
        "displayName": "Bio Diesel Cell",
        "amount": 1
      }
    ],
    "fluidInputs": [],
    "itemOutputs": [],
    "fluidOutputs": []
  },
  {
    "machine": "gt.recipe.largeboilerfakefuels",
    "recipeType": "gt_machine",
    "specialValue": 480,
    "itemInputs": [
      {
        "id": "gregtech:gt.metaitem.01:30708",
        "displayName": "Diesel Cell",
        "amount": 1
      }
    ],
    "fluidInputs": [],
    "itemOutputs": [],
    "fluidOutputs": []
  },
  {
    "machine": "gt.recipe.largeboilerfakefuels",
    "recipeType": "gt_machine",
    "specialValue": 40,
    "itemInputs": [
      {
        "id": "gregtech:gt.metaitem.01:30738",
        "displayName": "Sulfuric Heavy Fuel Cell",
        "amount": 1
      }
    ],
    "fluidInputs": [],
    "itemOutputs": [],
    "fluidOutputs": []
  },
  {
    "machine": "gt.recipe.largeboilerfakefuels",
    "recipeType": "gt_machine",
    "specialValue": 2,
    "itemInputs": [
      {
        "id": "gregtech:gt.metaitem.01:30711",
        "displayName": "Fish Oil Cell",
        "amount": 1
      }
    ],
    "fluidInputs": [],
    "itemOutputs": [],
    "fluidOutputs": []
  },
  {
    "machine": "gt.recipe.largeboilerfakefuels",
    "recipeType": "gt_machine",
    "specialValue": 40,
    "itemInputs": [
      {
        "id": "gregtech:gt.metaitem.01:30737",
        "displayName": "Sulfuric Light Fuel Cell",
        "amount": 1
      }
    ],
    "fluidInputs": [],
    "itemOutputs": [],
    "fluidOutputs": []
  },
  {
    "machine": "gt.recipe.largeboilerfakefuels",
    "recipeType": "gt_machine",
    "specialValue": 8,
    "itemInputs": [
      {
        "id": "Railcraft:fluid.creosote.cell:0",
        "displayName": "Creosote Cell",
        "amount": 1
      }
    ],
    "fluidInputs": [],
    "itemOutputs": [],
    "fluidOutputs": []
  },
  {
    "machine": "gt.recipe.largeboilerfakefuels",
    "recipeType": "gt_machine",
    "specialValue": 8,
    "itemInputs": [
      {
        "id": "gregtech:gt.metaitem.01:30712",
        "displayName": "Creosote Cell",
        "amount": 1
      }
    ],
    "fluidInputs": [],
    "itemOutputs": [],
    "fluidOutputs": []
  },
  {
    "machine": "gt.recipe.largeboilerfakefuels",
    "recipeType": "gt_machine",
    "specialValue": 164,
    "itemInputs": [
      {
        "id": "gregtech:gt.metaitem.01:30629",
        "displayName": "Glycerol Cell",
        "amount": 1
      }
    ],
    "fluidInputs": [],
    "itemOutputs": [],
    "fluidOutputs": []
  },
  {
    "machine": "gt.recipe.largeboilerfakefuels",
    "recipeType": "gt_machine",
    "specialValue": 2,
    "itemInputs": [
      {
        "id": "gregtech:gt.metaitem.01:30722",
        "displayName": "Hemp Seed Oil Cell",
        "amount": 1
      }
    ],
    "fluidInputs": [],
    "itemOutputs": [
      {
        "id": "IC2:itemCellEmpty:0",
        "displayName": "Empty Cell",
        "amount": 1
      }
    ],
    "fluidOutputs": []
  },
  {
    "machine": "gt.recipe.largeboilerfakefuels",
    "recipeType": "gt_machine",
    "specialValue": 80,
    "itemInputs": [
      {
        "id": "gregtech:gt.metaitem.01:30995",
        "displayName": "Octane Cell",
        "amount": 1
      }
    ],
    "fluidInputs": [],
    "itemOutputs": [],
    "fluidOutputs": []
  },
  {
    "machine": "gt.recipe.largeboilerfakefuels",
    "recipeType": "gt_machine",
    "specialValue": 8,
    "itemInputs": [
      {
        "id": "gregtech:gt.metaitem.01:30704",
        "displayName": "Forestry Biomass Cell",
        "amount": 1
      }
    ],
    "fluidInputs": [],
    "itemOutputs": [],
    "fluidOutputs": []
  },
  {
    "machine": "gt.recipe.largeboilerfakefuels",
    "recipeType": "gt_machine",
    "specialValue": 20,
    "itemInputs": [
      {
        "id": "gregtech:gt.metaitem.01:30707",
        "displayName": "Oil Cell",
        "amount": 1
      }
    ],
    "fluidInputs": [],
    "itemOutputs": [],
    "fluidOutputs": []
  },
  {
    "machine": "gt.recipe.largeboilerfakefuels",
    "recipeType": "gt_machine",
    "specialValue": 2500,
    "itemInputs": [
      {
        "id": "gregtech:gt.metaitem.01:30998",
        "displayName": "High Octane Gasoline Cell",
        "amount": 1
      }
    ],
    "fluidInputs": [],
    "itemOutputs": [],
    "fluidOutputs": []
  },
  {
    "machine": "gt.recipe.largeboilerfakefuels",
    "recipeType": "gt_machine",
    "specialValue": 80,
    "itemInputs": [
      {
        "id": "gregtech:gt.metaitem.01:30760",
        "displayName": "Naphthenic Acid Cell",
        "amount": 1
      }
    ],
    "fluidInputs": [],
    "itemOutputs": [],
    "fluidOutputs": []
  },
  {
    "machine": "gt.recipe.largeboilerfakefuels",
    "recipeType": "gt_machine",
    "specialValue": 2,
    "itemInputs": [
      {
        "id": "gregtech:gt.metaitem.01:30723",
        "displayName": "Lin Seed Oil Cell",
        "amount": 1
      }
    ],
    "fluidInputs": [],
    "itemOutputs": [
      {
        "id": "IC2:itemCellEmpty:0",
        "displayName": "Empty Cell",
        "amount": 1
      }
    ],
    "fluidOutputs": []
  },
  {
    "machine": "gt.recipe.largeboilerfakefuels",
    "recipeType": "gt_machine",
    "specialValue": 1000,
    "itemInputs": [
      {
        "id": "gregtech:gt.metaitem.01:30709",
        "displayName": "Cetane-Boosted Diesel Cell",
        "amount": 1
      }
    ],
    "fluidInputs": [],
    "itemOutputs": [],
    "fluidOutputs": []
  },
  {
    "machine": "gt.recipe.largeboilerfakefuels",
    "recipeType": "gt_machine",
    "specialValue": 240,
    "itemInputs": [
      {
        "id": "gregtech:gt.metaitem.01:30741",
        "displayName": "Heavy Fuel Cell",
        "amount": 1
      }
    ],
    "fluidInputs": [],
    "itemOutputs": [],
    "fluidOutputs": []
  },
  {
    "machine": "gt.recipe.largeboilerfakefuels",
    "recipeType": "gt_machine",
    "specialValue": 6,
    "itemInputs": [
      {
        "id": "gregtech:gt.metaitem.01:30705",
        "displayName": "Biofuel Cell",
        "amount": 1
      }
    ],
    "fluidInputs": [],
    "itemOutputs": [
      {
        "id": "IC2:itemCellEmpty:0",
        "displayName": "Empty Cell",
        "amount": 1
      }
    ],
    "fluidOutputs": []
  },
  {
    "machine": "gt.recipe.largeboilerfakefuels",
    "recipeType": "gt_machine",
    "specialValue": 192,
    "itemInputs": [
      {
        "id": "gregtech:gt.metaitem.01:30706",
        "displayName": "Ethanol Cell",
        "amount": 1
      }
    ],
    "fluidInputs": [],
    "itemOutputs": [],
    "fluidOutputs": []
  },
  {
    "machine": "gt.recipe.largeboilerfakefuels",
    "recipeType": "gt_machine",
    "specialValue": 2,
    "itemInputs": [
      {
        "id": "gregtech:gt.metaitem.01:30713",
        "displayName": "Seed Oil Cell",
        "amount": 1
      }
    ],
    "fluidInputs": [],
    "itemOutputs": [],
    "fluidOutputs": []
  },
  {
    "machine": "gt.recipe.largeboilerfakefuels",
    "recipeType": "gt_machine",
    "specialValue": 20,
    "itemInputs": [
      {
        "id": "gregtech:gt.metaitem.01:30732",
        "displayName": "Light Oil Cell",
        "amount": 1
      }
    ],
    "fluidInputs": [],
    "itemOutputs": [],
    "fluidOutputs": []
  },
  {
    "machine": "gt.recipe.largeboilerfakefuels",
    "recipeType": "gt_machine",
    "specialValue": 84,
    "itemInputs": [
      {
        "id": "gregtech:gt.metaitem.01:30673",
        "displayName": "Methanol Cell",
        "amount": 1
      }
    ],
    "fluidInputs": [],
    "itemOutputs": [],
    "fluidOutputs": []
  },
  {
    "machine": "gt.recipe.largeboilerfakefuels",
    "recipeType": "gt_machine",
    "specialValue": 30,
    "itemInputs": [
      {
        "id": "gregtech:gt.metaitem.01:30731",
        "displayName": "Raw Oil Cell",
        "amount": 1
      }
    ],
    "fluidInputs": [],
    "itemOutputs": [],
    "fluidOutputs": []
  },
  {
    "machine": "gt.recipe.largeboilerfakefuels",
    "recipeType": "gt_machine",
    "specialValue": 576,
    "itemInputs": [
      {
        "id": "gregtech:gt.metaitem.01:30997",
        "displayName": "Gasoline Cell",
        "amount": 1
      }
    ],
    "fluidInputs": [],
    "itemOutputs": [],
    "fluidOutputs": []
  },
  {
    "machine": "gt.recipe.largeboilerfakefuels",
    "recipeType": "gt_machine",
    "specialValue": 40,
    "itemInputs": [
      {
        "id": "gregtech:gt.metaitem.01:30730",
        "displayName": "Heavy Oil Cell",
        "amount": 1
      }
    ],
    "fluidInputs": [],
    "itemOutputs": [],
    "fluidOutputs": []
  },
  {
    "machine": "gt.recipe.largeboilerfakefuels",
    "recipeType": "gt_machine",
    "specialValue": 45,
    "itemInputs": [
      {
        "id": "gregtech:gt.metaitem.01:30570",
        "displayName": "Very Heavy Oil Cell",
        "amount": 1
      }
    ],
    "fluidInputs": [],
    "itemOutputs": [],
    "fluidOutputs": []
  },
  {
    "machine": "gt.recipe.largeboilerfakefuels",
    "recipeType": "gt_machine",
    "specialValue": 305,
    "itemInputs": [
      {
        "id": "gregtech:gt.metaitem.01:30740",
        "displayName": "Light Fuel Cell",
        "amount": 1
      }
    ],
    "fluidInputs": [],
    "itemOutputs": [],
    "fluidOutputs": []
  },
  {
    "machine": "gt.recipe.largeboilerfakefuels",
    "recipeType": "gt_machine",
    "euPerTick": 1,
    "duration": 1,
    "specialValue": 1,
    "itemInputs": [],
    "fluidInputs": [],
    "itemOutputs": [],
    "fluidOutputs": []
  },
  {
    "machine": "gt.recipe.largeboilerfakefuels",
    "recipeType": "gt_machine",
    "duration": 1,
    "specialValue": 1,
    "itemInputs": [
      {
        "id": "gregtech:gt.metaitem.01:2536",
        "displayName": "Charcoal Dust",
        "amount": 1
      }
    ],
    "fluidInputs": [],
    "itemOutputs": [],
    "fluidOutputs": []
  },
  {
    "machine": "gt.recipe.largeboilerfakefuels",
    "recipeType": "gt_machine",
    "duration": 1,
    "specialValue": 1,
    "itemInputs": [
      {
        "id": "minecraft:coal:1",
        "displayName": "Charcoal",
        "amount": 1
      }
    ],
    "fluidInputs": [],
    "itemOutputs": [],
    "fluidOutputs": []
  },
  {
    "machine": "gt.recipe.largeboilerfakefuels",
    "recipeType": "gt_machine",
    "duration": 1,
    "specialValue": 10,
    "itemInputs": [
      {
        "id": "gregtech:gt.blockgem3:4",
        "displayName": "Block of Charcoal",
        "amount": 1
      }
    ],
    "fluidInputs": [],
    "itemOutputs": [],
    "fluidOutputs": []
  },
  {
    "machine": "gt.recipe.largeboilerfakefuels",
    "recipeType": "gt_machine",
    "duration": 1,
    "specialValue": 1,
    "itemInputs": [
      {
        "id": "gregtech:gt.metaitem.01:2535",
        "displayName": "Coal Dust",
        "amount": 1
      }
    ],
    "fluidInputs": [],
    "itemOutputs": [],
    "fluidOutputs": []
  },
  {
    "machine": "gt.recipe.largeboilerfakefuels",
    "recipeType": "gt_machine",
    "duration": 1,
    "specialValue": 1,
    "itemInputs": [
      {
        "id": "minecraft:coal:0",
        "displayName": "Coal",
        "amount": 1
      }
    ],
    "fluidInputs": [],
    "itemOutputs": [],
    "fluidOutputs": []
  },
  {
    "machine": "gt.recipe.largeboilerfakefuels",
    "recipeType": "gt_machine",
    "duration": 1,
    "specialValue": 10,
    "itemInputs": [
      {
        "id": "minecraft:coal_block:0",
        "displayName": "Block of Coal",
        "amount": 1
      }
    ],
    "fluidInputs": [],
    "itemOutputs": [],
    "fluidOutputs": []
  },
  {
    "machine": "gt.recipe.largeboilerfakefuels",
    "recipeType": "gt_machine",
    "duration": 1,
    "specialValue": 1,
    "itemInputs": [
      {
        "id": "gregtech:gt.metaitem.01:5535",
        "displayName": "Crushed Coal Ore",
        "amount": 1
      }
    ],
    "fluidInputs": [],
    "itemOutputs": [],
    "fluidOutputs": []
  },
  {
    "machine": "gt.recipe.largeboilerfakefuels",
    "recipeType": "gt_machine",
    "duration": 1,
    "itemInputs": [
      {
        "id": "gregtech:gt.metaitem.01:2538",
        "displayName": "Lignite Coal Dust",
        "amount": 1
      }
    ],
    "fluidInputs": [],
    "itemOutputs": [],
    "fluidOutputs": []
  },
  {
    "machine": "gt.recipe.largeboilerfakefuels",
    "recipeType": "gt_machine",
    "duration": 1,
    "itemInputs": [
      {
        "id": "gregtech:gt.metaitem.01:8538",
        "displayName": "Lignite Coal",
        "amount": 1
      }
    ],
    "fluidInputs": [],
    "itemOutputs": [],
    "fluidOutputs": []
  },
  {
    "machine": "gt.recipe.largeboilerfakefuels",
    "recipeType": "gt_machine",
    "duration": 1,
    "specialValue": 7,
    "itemInputs": [
      {
        "id": "gregtech:gt.blockgem2:1",
        "displayName": "Block of Lignite Coal",
        "amount": 1
      }
    ],
    "fluidInputs": [],
    "itemOutputs": [],
    "fluidOutputs": []
  },
  {
    "machine": "gt.recipe.largeboilerfakefuels",
    "recipeType": "gt_machine",
    "duration": 1,
    "itemInputs": [
      {
        "id": "gregtech:gt.metaitem.01:5538",
        "displayName": "Crushed Lignite Coal Ore",
        "amount": 1
      }
    ],
    "fluidInputs": [],
    "itemOutputs": [],
    "fluidOutputs": []
  },
  {
    "machine": "gt.recipe.largeboilerfakefuels",
    "recipeType": "gt_machine",
    "duration": 1,
    "itemInputs": [
      {
        "id": "gregtech:gt.metaitem.01:2017",
        "displayName": "Sodium Dust",
        "amount": 1
      }
    ],
    "fluidInputs": [],
    "itemOutputs": [],
    "fluidOutputs": []
  },
  {
    "machine": "gt.recipe.largeboilerfakefuels",
    "recipeType": "gt_machine",
    "duration": 1,
    "specialValue": 3,
    "itemInputs": [
      {
        "id": "gregtech:gt.metaitem.01:2006",
        "displayName": "Lithium Dust",
        "amount": 1
      }
    ],
    "fluidInputs": [],
    "itemOutputs": [],
    "fluidOutputs": []
  },
  {
    "machine": "gt.recipe.largeboilerfakefuels",
    "recipeType": "gt_machine",
    "duration": 1,
    "specialValue": 3,
    "itemInputs": [
      {
        "id": "gregtech:gt.metaitem.01:2062",
        "displayName": "Caesium Dust",
        "amount": 1
      }
    ],
    "fluidInputs": [],
    "itemOutputs": [],
    "fluidOutputs": []
  },
  {
    "machine": "gt.recipe.largeboilerfakefuels",
    "recipeType": "gt_machine",
    "duration": 1,
    "specialValue": 1,
    "itemInputs": [
      {
        "id": "gregtech:gt.metaitem.01:2022",
        "displayName": "Sulfur Dust",
        "amount": 1
      }
    ],
    "fluidInputs": [],
    "itemOutputs": [],
    "fluidOutputs": []
  },
  {
    "machine": "gt.recipe.largeboilerfakefuels",
    "recipeType": "gt_machine",
    "duration": 1,
    "specialValue": 62,
    "itemInputs": [
      {
        "id": "gregtech:gt.blockreinforced:6",
        "displayName": "Solid Super Fuel",
        "amount": 1
      }
    ],
    "fluidInputs": [],
    "itemOutputs": [],
    "fluidOutputs": []
  },
  {
    "machine": "gt.recipe.largeboilerfakefuels",
    "recipeType": "gt_machine",
    "duration": 1,
    "specialValue": 93,
    "itemInputs": [
      {
        "id": "gregtech:gt.blockreinforced:7",
        "displayName": "Magic Solid Super Fuel",
        "amount": 1
      }
    ],
    "fluidInputs": [],
    "itemOutputs": [],
    "fluidOutputs": []
  },
  {
    "machine": "gt.recipe.largeboilerfakefuels",
    "recipeType": "gt_machine",
    "duration": 1,
    "specialValue": 1,
    "itemInputs": [
      {
        "id": "minecraft:blaze_rod:0",
        "displayName": "Blaze Rod",
        "amount": 1
      }
    ],
    "fluidInputs": [],
    "itemOutputs": [],
    "fluidOutputs": []
  },
  {
    "machine": "gt.recipe.largeboilerfakefuels",
    "recipeType": "gt_machine",
    "duration": 1,
    "specialValue": 5,
    "itemInputs": [
      {
        "id": "Thaumcraft:ItemResource:0",
        "displayName": "Alumentum",
        "amount": 1
      }
    ],
    "fluidInputs": [],
    "itemOutputs": [],
    "fluidOutputs": []
  },
  {
    "machine": "gt.recipe.largeboilerfakefuels",
    "recipeType": "gt_machine",
    "specialValue": 4,
    "itemInputs": [
      {
        "id": "Forestry:bucketShortMead:0",
        "displayName": "Short Mead Bucket",
        "amount": 1
      }
    ],
    "fluidInputs": [],
    "itemOutputs": [
      {
        "id": "minecraft:bucket:0",
        "displayName": "Bucket",
        "amount": 1
      }
    ],
    "fluidOutputs": []
  },
  {
    "machine": "gt.recipe.largeboilerfakefuels",
    "recipeType": "gt_machine",
    "specialValue": 2,
    "itemInputs": [
      {
        "id": "gregtech:gt.metaitem.01:30711",
        "displayName": "Fish Oil Cell",
        "amount": 1
      }
    ],
    "fluidInputs": [],
    "itemOutputs": [
      {
        "id": "IC2:itemCellEmpty:0",
        "displayName": "Empty Cell",
        "amount": 1
      }
    ],
    "fluidOutputs": []
  },
  {
    "machine": "gt.recipe.largeboilerfakefuels",
    "recipeType": "gt_machine",
    "specialValue": 8,
    "itemInputs": [
      {
        "id": "Forestry:canBiomass:0",
        "displayName": "Biomass Can",
        "amount": 1
      }
    ],
    "fluidInputs": [],
    "itemOutputs": [
      {
        "id": "Forestry:canEmpty:0",
        "displayName": "Can",
        "amount": 1
      }
    ],
    "fluidOutputs": []
  },
  {
    "machine": "gt.recipe.largeboilerfakefuels",
    "recipeType": "gt_machine",
    "specialValue": 16,
    "itemInputs": [
      {
        "id": "gregtech:gt.metaitem.01:30707",
        "displayName": "Oil Cell",
        "amount": 1
      }
    ],
    "fluidInputs": [],
    "itemOutputs": [
      {
        "id": "IC2:itemCellEmpty:0",
        "displayName": "Empty Cell",
        "amount": 1
      }
    ],
    "fluidOutputs": []
  },
  {
    "machine": "gt.recipe.largeboilerfakefuels",
    "recipeType": "gt_machine",
    "specialValue": 8,
    "itemInputs": [
      {
        "id": "gregtech:gt.metaitem.01:30712",
        "displayName": "Creosote Cell",
        "amount": 1
      }
    ],
    "fluidInputs": [],
    "itemOutputs": [],
    "fluidOutputs": []
  }
]