[
  {
    "machine": "gt.recipe.electromagneticseparator",
    "recipeType": "gt_machine",
    "euPerTick": 24,
    "duration": 400,
    "itemInputs": [
      {
        "id": "bartworks:gt.bwMetaGenerateddustPure:5",
        "displayName": "Purified Pile of Fluor-Buergerite Dust",
        "amount": 1
      }
    ],
    "fluidInputs": [],
    "itemOutputs": [
      {
        "id": "bartworks:gt.bwMetaGenerateddust:5",
        "displayName": "Fluor-Buergerite Dust",
        "amount": 1
      },
      {
        "id": "gregtech:gt.metaitem.01:1032",
        "displayName": "Small Pile of Iron Dust",
        "amount": 1
      },
      {
        "id": "gregtech:gt.metaitem.01:9032",
        "displayName": "Iron Nugget",
        "amount": 1
      }
    ],
    "fluidOutputs": [],
    "outputChances": [
      10000,
      4000,
      2000
    ]
  },
  {
    "machine": "gt.recipe.electromagneticseparator",
    "recipeType": "gt_machine",
    "euPerTick": 24,
    "duration": 400,
    "itemInputs": [
      {
        "id": "bartworks:gt.bwMetaGenerateddustPure:7",
        "displayName": "Purified Pile of Chromo-Alumino-Povondraite Dust",
        "amount": 1
      }
    ],
    "fluidInputs": [],
    "itemOutputs": [
      {
        "id": "bartworks:gt.bwMetaGenerateddust:7",
        "displayName": "Chromo-Alumino-Povondraite Dust",
        "amount": 1
      },
      {
        "id": "gregtech:gt.metaitem.01:1032",
        "displayName": "Small Pile of Iron Dust",
        "amount": 1
      },
      {
        "id": "gregtech:gt.metaitem.01:9032",
        "displayName": "Iron Nugget",
        "amount": 1
      }
    ],
    "fluidOutputs": [],
    "outputChances": [
      10000,
      4000,
      2000
    ]
  },
  {
    "machine": "gt.recipe.electromagneticseparator",
    "recipeType": "gt_machine",
    "euPerTick": 24,
    "duration": 400,
    "itemInputs": [
      {
        "id": "bartworks:gt.bwMetaGenerateddustPure:10",
        "displayName": "Purified Pile of Arsenopyrite Dust",
        "amount": 1
      }
    ],
    "fluidInputs": [],
    "itemOutputs": [
      {
        "id": "bartworks:gt.bwMetaGenerateddust:10",
        "displayName": "Arsenopyrite Dust",
        "amount": 1
      },
      {
        "id": "gregtech:gt.metaitem.01:1032",
        "displayName": "Small Pile of Iron Dust",
        "amount": 1
      },
      {
        "id": "gregtech:gt.metaitem.01:9032",
        "displayName": "Iron Nugget",
        "amount": 1
      }
    ],
    "fluidOutputs": [],
    "outputChances": [
      10000,
      4000,
      2000
    ]
  },
  {
    "machine": "gt.recipe.electromagneticseparator",
    "recipeType": "gt_machine",
    "euPerTick": 24,
    "duration": 400,
    "itemInputs": [
      {
        "id": "bartworks:gt.bwMetaGenerateddustPure:11",
        "displayName": "Purified Pile of Ferberite Dust",
        "amount": 1
      }
    ],
    "fluidInputs": [],
    "itemOutputs": [
      {
        "id": "bartworks:gt.bwMetaGenerateddust:11",
        "displayName": "Ferberite Dust",
        "amount": 1
      },
      {
        "id": "gregtech:gt.metaitem.01:1032",
        "displayName": "Small Pile of Iron Dust",
        "amount": 1
      },
      {
        "id": "gregtech:gt.metaitem.01:9032",
        "displayName": "Iron Nugget",
        "amount": 1
      }
    ],
    "fluidOutputs": [],
    "outputChances": [
      10000,
      4000,
      2000
    ]
  },
  {
    "machine": "gt.recipe.electromagneticseparator",
    "recipeType": "gt_machine",
    "euPerTick": 24,
    "duration": 400,
    "itemInputs": [
      {
        "id": "bartworks:gt.bwMetaGenerateddustPure:12",
        "displayName": "Purified Pile of Loellingite Dust",
        "amount": 1
      }
    ],
    "fluidInputs": [],
    "itemOutputs": [
      {
        "id": "bartworks:gt.bwMetaGenerateddust:12",
        "displayName": "Loellingite Dust",
        "amount": 1
      },
      {
        "id": "gregtech:gt.metaitem.01:1032",
        "displayName": "Small Pile of Iron Dust",
        "amount": 1
      },
      {
        "id": "gregtech:gt.metaitem.01:9032",
        "displayName": "Iron Nugget",
        "amount": 1
      }
    ],
    "fluidOutputs": [],
    "outputChances": [
      10000,
      4000,
      2000
    ]
  },
  {
    "machine": "gt.recipe.electromagneticseparator",
    "recipeType": "gt_machine",
    "euPerTick": 24,
    "duration": 400,
    "itemInputs": [
      {
        "id": "bartworks:gt.bwMetaGenerateddustPure:14",
        "displayName": "Purified Pile of Bornite Dust",
        "amount": 1
      }
    ],
    "fluidInputs": [],
    "itemOutputs": [
      {
        "id": "bartworks:gt.bwMetaGenerateddust:14",
        "displayName": "Bornite Dust",
        "amount": 1
      },
      {
        "id": "gregtech:gt.metaitem.01:1032",
        "displayName": "Small Pile of Iron Dust",
        "amount": 1
      },
      {
        "id": "gregtech:gt.metaitem.01:9032",
        "displayName": "Iron Nugget",
        "amount": 1
      }
    ],
    "fluidOutputs": [],
    "outputChances": [
      10000,
      4000,
      2000
    ]
  },
  {
    "machine": "gt.recipe.electromagneticseparator",
    "recipeType": "gt_machine",
    "euPerTick": 24,
    "duration": 400,
    "itemInputs": [
      {
        "id": "bartworks:gt.bwMetaGenerateddustPure:17",
        "displayName": "Purified Pile of Huebnerite Dust",
        "amount": 1
      }
    ],
    "fluidInputs": [],
    "itemOutputs": [
      {
        "id": "bartworks:gt.bwMetaGenerateddust:17",
        "displayName": "Huebnerite Dust",
        "amount": 1
      },
      {
        "id": "gregtech:gt.metaitem.01:1032",
        "displayName": "Small Pile of Iron Dust",
        "amount": 1
      },
      {
        "id": "gregtech:gt.metaitem.01:9032",
        "displayName": "Iron Nugget",
        "amount": 1
      }
    ],
    "fluidOutputs": [],
    "outputChances": [
      10000,
      4000,
      2000
    ]
  },
  {
    "machine": "gt.recipe.electromagneticseparator",
    "recipeType": "gt_machine",
    "euPerTick": 24,
    "duration": 400,
    "itemInputs": [
      {
        "id": "bartworks:gt.bwMetaGenerateddustPure:23",
        "displayName": "Purified Pile of Fayalite Dust",
        "amount": 1
      }
    ],
    "fluidInputs": [],
    "itemOutputs": [
      {
        "id": "bartworks:gt.bwMetaGenerateddust:23",
        "displayName": "Fayalite Dust",
        "amount": 1
      },
      {
        "id": "gregtech:gt.metaitem.01:1032",
        "displayName": "Small Pile of Iron Dust",
        "amount": 1
      },
      {
        "id": "gregtech:gt.metaitem.01:9032",
        "displayName": "Iron Nugget",
        "amount": 1
      }
    ],
    "fluidOutputs": [],
    "outputChances": [
      10000,
      4000,
      2000
    ]
  },
  {
    "machine": "gt.recipe.electromagneticseparator",
    "recipeType": "gt_machine",
    "euPerTick": 24,
    "duration": 400,
    "itemInputs": [
      {
        "id": "bartworks:gt.bwMetaGenerateddustPure:25",
        "displayName": "Purified Pile of Hedenbergite Dust",
        "amount": 1
      }
    ],
    "fluidInputs": [],
    "itemOutputs": [
      {
        "id": "bartworks:gt.bwMetaGenerateddust:25",
        "displayName": "Hedenbergite Dust",
        "amount": 1
      },
      {
        "id": "gregtech:gt.metaitem.01:1032",
        "displayName": "Small Pile of Iron Dust",
        "amount": 1
      },
      {
        "id": "gregtech:gt.metaitem.01:9032",
        "displayName": "Iron Nugget",
        "amount": 1
      }
    ],
    "fluidOutputs": [],
    "outputChances": [
      10000,
      4000,
      2000
    ]
  },
  {
    "machine": "gt.recipe.electromagneticseparator",
    "recipeType": "gt_machine",
    "euPerTick": 24,
    "duration": 400,
    "itemInputs": [
      {
        "id": "bartworks:gt.bwMetaGenerateddustPure:29",
        "displayName": "Purified Pile of Red Fuchsite Dust",
        "amount": 1
      }
    ],
    "fluidInputs": [],
    "itemOutputs": [
      {
        "id": "bartworks:gt.bwMetaGenerateddust:29",
        "displayName": "Red Fuchsite Dust",
        "amount": 1
      },
      {
        "id": "gregtech:gt.metaitem.01:1032",
        "displayName": "Small Pile of Iron Dust",
        "amount": 1
      },
      {
        "id": "gregtech:gt.metaitem.01:9032",
        "displayName": "Iron Nugget",
        "amount": 1
      }
    ],
    "fluidOutputs": [],
    "outputChances": [
      10000,
      4000,
      2000
    ]
  },
  {
    "machine": "gt.recipe.electromagneticseparator",
    "recipeType": "gt_machine",
    "euPerTick": 24,
    "duration": 400,
    "itemInputs": [
      {
        "id": "bartworks:gt.bwMetaGenerateddustPure:35",
        "displayName": "Purified Pile of Prasiolite Dust",
        "amount": 1
      }
    ],
    "fluidInputs": [],
    "itemOutputs": [
      {
        "id": "bartworks:gt.bwMetaGenerateddust:35",
        "displayName": "Prasiolite Dust",
        "amount": 1
      },
      {
        "id": "gregtech:gt.metaitem.01:1032",
        "displayName": "Small Pile of Iron Dust",
        "amount": 1
      },
      {
        "id": "gregtech:gt.metaitem.01:9032",
        "displayName": "Iron Nugget",
        "amount": 1
      }
    ],
    "fluidOutputs": [],
    "outputChances": [
      10000,
      4000,
      2000
    ]
  },
  {
    "machine": "gt.recipe.electromagneticseparator",
    "recipeType": "gt_machine",
    "euPerTick": 1920,
    "duration": 600,
    "itemInputs": [
      {
        "id": "bartworks:gt.bwMetaGenerateddust:11030",
        "displayName": "Cooled Monazite Rare Earth Concentrate Dust",
        "amount": 1
      }
    ],
    "fluidInputs": [],
    "itemOutputs": [
      {
        "id": "bartworks:gt.bwMetaGenerateddust:11031",
        "displayName": "MonaziteRarer Earth Sediment Dust",
        "amount": 1
      },
      {
        "id": "bartworks:gt.bwMetaGenerateddust:11050",
        "displayName": "Europium III Oxide Dust",
        "amount": 5
      }
    ],
    "fluidOutputs": [],
    "outputChances": [
      9000,
      500
    ]
  },
  {
    "machine": "gt.recipe.electromagneticseparator",
    "recipeType": "gt_machine",
    "euPerTick": 24,
    "duration": 400,
    "itemInputs": [
      {
        "id": "gregtech:gt.metaitem.01:6822",
        "displayName": "Purified Bauxite Ore",
        "amount": 1
      }
    ],
    "fluidInputs": [],
    "itemOutputs": [
      {
        "id": "gregtech:gt.metaitem.01:2822",
        "displayName": "Bauxite Dust",
        "amount": 1
      },
      {
        "id": "gregtech:gt.metaitem.01:1375",
        "displayName": "Small Pile of Rutile Dust",
        "amount": 1
      },
      {
        "id": "bartworks:gt.bwMetaGeneratednugget:3",
        "displayName": "Zirconium Nugget",
        "amount": 1
      }
    ],
    "fluidOutputs": [],
    "outputChances": [
      10000,
      2500,
      4000
    ]
  },
  {
    "machine": "gt.recipe.electromagneticseparator",
    "recipeType": "gt_machine",
    "euPerTick": 24,
    "duration": 400,
    "itemInputs": [
      {
        "id": "gregtech:gt.metaitem.01:6870",
        "displayName": "Purified Magnetite Ore",
        "amount": 1
      }
    ],
    "fluidInputs": [],
    "itemOutputs": [
      {
        "id": "gregtech:gt.metaitem.01:2870",
        "displayName": "Magnetite Dust",
        "amount": 1
      },
      {
        "id": "miscutils:itemDustSmallZircon:0",
        "displayName": "Small Pile of Zircon Dust",
        "amount": 1
      },
      {
        "id": "miscutils:itemDustTinyZircon:0",
        "displayName": "Tiny Pile of Zircon Dust",
        "amount": 1
      }
    ],
    "fluidOutputs": [],
    "outputChances": [
      10000,
      1250,
      2500
    ]
  },
  {
    "machine": "gt.recipe.electromagneticseparator",
    "recipeType": "gt_machine",
    "euPerTick": 24,
    "duration": 400,
    "itemInputs": [
      {
        "id": "gregtech:gt.metaitem.01:6824",
        "displayName": "Purified Cassiterite Ore",
        "amount": 1
      }
    ],
    "fluidInputs": [],
    "itemOutputs": [
      {
        "id": "gregtech:gt.metaitem.01:2824",
        "displayName": "Cassiterite Dust",
        "amount": 1
      },
      {
        "id": "miscutils:itemDustSmallZircon:0",
        "displayName": "Small Pile of Zircon Dust",
        "amount": 1
      },
      {
        "id": "miscutils:itemDustTinyZircon:0",
        "displayName": "Tiny Pile of Zircon Dust",
        "amount": 1
      }
    ],
    "fluidOutputs": [],
    "outputChances": [
      10000,
      1250,
      2500
    ]
  },
  {
    "machine": "gt.recipe.electromagneticseparator",
    "recipeType": "gt_machine",
    "euPerTick": 240,
    "duration": 200,
    "itemInputs": [
      {
        "id": "gregtech:gt.metaitem.01:2412",
        "displayName": "Sluice Sand Dust",
        "amount": 1
      }
    ],
    "fluidInputs": [],
    "itemOutputs": [
      {
        "id": "gregtech:gt.metaitem.01:2032",
        "displayName": "Iron Dust",
        "amount": 1
      },
      {
        "id": "gregtech:gt.metaitem.01:2067",
        "displayName": "Neodymium Dust",
        "amount": 1
      },
      {
        "id": "gregtech:gt.metaitem.01:2030",
        "displayName": "Chrome Dust",
        "amount": 1
      }
    ],
    "fluidOutputs": [],
    "outputChances": [
      4000,
      2000,
      2000
    ]
  },
  {
    "machine": "gt.recipe.electromagneticseparator",
    "recipeType": "gt_machine",
    "euPerTick": 1966080,
    "duration": 200,
    "itemInputs": [
      {
        "id": "gregtech:gt.metaitem.01:2110",
        "displayName": "Raw Tengam Dust",
        "amount": 1
      }
    ],
    "fluidInputs": [],
    "itemOutputs": [
      {
        "id": "gregtech:gt.metaitem.01:2111",
        "displayName": "Purified Tengam Dust",
        "amount": 1
      },
      {
        "id": "gregtech:gt.metaitem.01:2356",
        "displayName": "Magnetic Neodymium Dust",
        "amount": 1
      },
      {
        "id": "gregtech:gt.metaitem.01:2399",
        "displayName": "Magnetic Samarium Dust",
        "amount": 1
      }
    ],
    "fluidOutputs": [],
    "outputChances": [
      10000,
      1000,
      1000
    ]
  },
  {
    "machine": "gt.recipe.electromagneticseparator",
    "recipeType": "gt_machine",
    "euPerTick": 24,
    "duration": 400,
    "itemInputs": [
      {
        "id": "gregtech:gt.metaitem.01:4825",
        "displayName": "Purified Pile of Chromite Dust",
        "amount": 1
      }
    ],
    "fluidInputs": [],
    "itemOutputs": [
      {
        "id": "gregtech:gt.metaitem.01:2825",
        "displayName": "Chromite Dust",
        "amount": 1
      },
      {
        "id": "gregtech:gt.metaitem.01:1032",
        "displayName": "Small Pile of Iron Dust",
        "amount": 1
      },
      {
        "id": "gregtech:gt.metaitem.01:9032",
        "displayName": "Iron Nugget",
        "amount": 1
      }
    ],
    "fluidOutputs": [],
    "outputChances": [
      10000,
      4000,
      2000
    ]
  },
  {
    "machine": "gt.recipe.electromagneticseparator",
    "recipeType": "gt_machine",
    "euPerTick": 24,
    "duration": 400,
    "itemInputs": [
      {
        "id": "gregtech:gt.metaitem.01:4918",
        "displayName": "Purified Pile of Ilmenite Dust",
        "amount": 1
      }
    ],
    "fluidInputs": [],
    "itemOutputs": [
      {
        "id": "gregtech:gt.metaitem.01:2918",
        "displayName": "Ilmenite Dust",
        "amount": 1
      },
      {
        "id": "gregtech:gt.metaitem.01:1032",
        "displayName": "Small Pile of Iron Dust",
        "amount": 1
      },
      {
        "id": "gregtech:gt.metaitem.01:9032",
        "displayName": "Iron Nugget",
        "amount": 1
      }
    ],
    "fluidOutputs": [],
    "outputChances": [
      10000,
      4000,
      2000
    ]
  },
  {
    "machine": "gt.recipe.electromagneticseparator",
    "recipeType": "gt_machine",
    "euPerTick": 24,
    "duration": 400,
    "itemInputs": [
      {
        "id": "gregtech:gt.metaitem.01:4519",
        "displayName": "Purified Pile of Forcillium Dust",
        "amount": 1
      }
    ],
    "fluidInputs": [],
    "itemOutputs": [
      {
        "id": "gregtech:gt.metaitem.01:2519",
        "displayName": "Forcillium Dust",
        "amount": 1
      },
      {
        "id": "gregtech:gt.metaitem.01:1067",
        "displayName": "Small Pile of Neodymium Dust",
        "amount": 1
      },
      {
        "id": "gregtech:gt.metaitem.01:9067",
        "displayName": "Neodymium Nugget",
        "amount": 1
      }
    ],
    "fluidOutputs": [],
    "outputChances": [
      10000,
      4000,
      2000
    ]
  },
  {
    "machine": "gt.recipe.electromagneticseparator",
    "recipeType": "gt_machine",
    "euPerTick": 24,
    "duration": 400,
    "itemInputs": [
      {
        "id": "gregtech:gt.metaitem.01:4905",
        "displayName": "Purified Pile of Bastnasite Dust",
        "amount": 1
      }
    ],
    "fluidInputs": [],
    "itemOutputs": [
      {
        "id": "gregtech:gt.metaitem.01:2905",
        "displayName": "Bastnasite Dust",
        "amount": 1
      },
      {
        "id": "gregtech:gt.metaitem.01:1067",
        "displayName": "Small Pile of Neodymium Dust",
        "amount": 1
      },
      {
        "id": "gregtech:gt.metaitem.01:9067",
        "displayName": "Neodymium Nugget",
        "amount": 1
      }
    ],
    "fluidOutputs": [],
    "outputChances": [
      10000,
      4000,
      2000
    ]
  },
  {
    "machine": "gt.recipe.electromagneticseparator",
    "recipeType": "gt_machine",
    "euPerTick": 24,
    "duration": 400,
    "itemInputs": [
      {
        "id": "gregtech:gt.metaitem.01:4917",
        "displayName": "Purified Pile of Banded Iron Dust",
        "amount": 1
      }
    ],
    "fluidInputs": [],
    "itemOutputs": [
      {
        "id": "gregtech:gt.metaitem.01:2917",
        "displayName": "Banded Iron Dust",
        "amount": 1
      },
      {
        "id": "gregtech:gt.metaitem.01:1032",
        "displayName": "Small Pile of Iron Dust",
        "amount": 1
      },
      {
        "id": "gregtech:gt.metaitem.01:9032",
        "displayName": "Iron Nugget",
        "amount": 1
      }
    ],
    "fluidOutputs": [],
    "outputChances": [
      10000,
      4000,
      2000
    ]
  },
  {
    "machine": "gt.recipe.electromagneticseparator",
    "recipeType": "gt_machine",
    "euPerTick": 24,
    "duration": 400,
    "itemInputs": [
      {
        "id": "gregtech:gt.metaitem.01:4870",
        "displayName": "Purified Pile of Magnetite Dust",
        "amount": 1
      }
    ],
    "fluidInputs": [],
    "itemOutputs": [
      {
        "id": "gregtech:gt.metaitem.01:2870",
        "displayName": "Magnetite Dust",
        "amount": 1
      },
      {
        "id": "gregtech:gt.metaitem.01:1086",
        "displayName": "Small Pile of Gold Dust",
        "amount": 1
      },
      {
        "id": "minecraft:gold_nugget:0",
        "displayName": "Gold Nugget",
        "amount": 1
      }
    ],
    "fluidOutputs": [],
    "outputChances": [
      10000,
      4000,
      2000
    ]
  },
  {
    "machine": "gt.recipe.electromagneticseparator",
    "recipeType": "gt_machine",
    "euPerTick": 24,
    "duration": 400,
    "itemInputs": [
      {
        "id": "gregtech:gt.metaitem.01:4949",
        "displayName": "Purified Pile of Glauconite Sand",
        "amount": 1
      }
    ],
    "fluidInputs": [],
    "itemOutputs": [
      {
        "id": "gregtech:gt.metaitem.01:2949",
        "displayName": "Glauconite Sand",
        "amount": 1
      },
      {
        "id": "gregtech:gt.metaitem.01:1032",
        "displayName": "Small Pile of Iron Dust",
        "amount": 1
      },
      {
        "id": "gregtech:gt.metaitem.01:9032",
        "displayName": "Iron Nugget",
        "amount": 1
      }
    ],
    "fluidOutputs": [],
    "outputChances": [
      10000,
      4000,
      2000
    ]
  },
  {
    "machine": "gt.recipe.electromagneticseparator",
    "recipeType": "gt_machine",
    "euPerTick": 24,
    "duration": 400,
    "itemInputs": [
      {
        "id": "gregtech:gt.metaitem.01:4933",
        "displayName": "Purified Pile of Glauconite Dust",
        "amount": 1
      }
    ],
    "fluidInputs": [],
    "itemOutputs": [
      {
        "id": "gregtech:gt.metaitem.01:2933",
        "displayName": "Glauconite Dust",
        "amount": 1
      },
      {
        "id": "gregtech:gt.metaitem.01:1032",
        "displayName": "Small Pile of Iron Dust",
        "amount": 1
      },
      {
        "id": "gregtech:gt.metaitem.01:9032",
        "displayName": "Iron Nugget",
        "amount": 1
      }
    ],
    "fluidOutputs": [],
    "outputChances": [
      10000,
      4000,
      2000
    ]
  },
  {
    "machine": "gt.recipe.electromagneticseparator",
    "recipeType": "gt_machine",
    "euPerTick": 24,
    "duration": 400,
    "itemInputs": [
      {
        "id": "gregtech:gt.metaitem.01:4031",
        "displayName": "Purified Pile of Manganese Dust",
        "amount": 1
      }
    ],
    "fluidInputs": [],
    "itemOutputs": [
      {
        "id": "gregtech:gt.metaitem.01:2031",
        "displayName": "Manganese Dust",
        "amount": 1
      },
      {
        "id": "gregtech:gt.metaitem.01:1032",
        "displayName": "Small Pile of Iron Dust",
        "amount": 1
      },
      {
        "id": "gregtech:gt.metaitem.01:9032",
        "displayName": "Iron Nugget",
        "amount": 1
      }
    ],
    "fluidOutputs": [],
    "outputChances": [
      10000,
      4000,
      2000
    ]
  },
  {
    "machine": "gt.recipe.electromagneticseparator",
    "recipeType": "gt_machine",
    "euPerTick": 24,
    "duration": 400,
    "itemInputs": [
      {
        "id": "gregtech:gt.metaitem.01:4030",
        "displayName": "Purified Pile of Chrome Dust",
        "amount": 1
      }
    ],
    "fluidInputs": [],
    "itemOutputs": [
      {
        "id": "gregtech:gt.metaitem.01:2030",
        "displayName": "Chrome Dust",
        "amount": 1
      },
      {
        "id": "gregtech:gt.metaitem.01:1032",
        "displayName": "Small Pile of Iron Dust",
        "amount": 1
      },
      {
        "id": "gregtech:gt.metaitem.01:9032",
        "displayName": "Iron Nugget",
        "amount": 1
      }
    ],
    "fluidOutputs": [],
    "outputChances": [
      10000,
      4000,
      2000
    ]
  },
  {
    "machine": "gt.recipe.electromagneticseparator",
    "recipeType": "gt_machine",
    "euPerTick": 24,
    "duration": 400,
    "itemInputs": [
      {
        "id": "gregtech:gt.metaitem.01:4930",
        "displayName": "Purified Pile of Brown Limonite Dust",
        "amount": 1
      }
    ],
    "fluidInputs": [],
    "itemOutputs": [
      {
        "id": "gregtech:gt.metaitem.01:2930",
        "displayName": "Brown Limonite Dust",
        "amount": 1
      },
      {
        "id": "gregtech:gt.metaitem.01:1032",
        "displayName": "Small Pile of Iron Dust",
        "amount": 1
      },
      {
        "id": "gregtech:gt.metaitem.01:9032",
        "displayName": "Iron Nugget",
        "amount": 1
      }
    ],
    "fluidOutputs": [],
    "outputChances": [
      10000,
      4000,
      2000
    ]
  },
  {
    "machine": "gt.recipe.electromagneticseparator",
    "recipeType": "gt_machine",
    "euPerTick": 24,
    "duration": 400,
    "itemInputs": [
      {
        "id": "gregtech:gt.metaitem.01:4931",
        "displayName": "Purified Pile of Yellow Limonite Dust",
        "amount": 1
      }
    ],
    "fluidInputs": [],
    "itemOutputs": [
      {
        "id": "gregtech:gt.metaitem.01:2931",
        "displayName": "Yellow Limonite Dust",
        "amount": 1
      },
      {
        "id": "gregtech:gt.metaitem.01:1032",
        "displayName": "Small Pile of Iron Dust",
        "amount": 1
      },
      {
        "id": "gregtech:gt.metaitem.01:9032",
        "displayName": "Iron Nugget",
        "amount": 1
      }
    ],
    "fluidOutputs": [],
    "outputChances": [
      10000,
      4000,
      2000
    ]
  },
  {
    "machine": "gt.recipe.electromagneticseparator",
    "recipeType": "gt_machine",
    "euPerTick": 24,
    "duration": 400,
    "itemInputs": [
      {
        "id": "gregtech:gt.metaitem.01:4834",
        "displayName": "Purified Pile of Pyrite Dust",
        "amount": 1
      }
    ],
    "fluidInputs": [],
    "itemOutputs": [
      {
        "id": "gregtech:gt.metaitem.01:2834",
        "displayName": "Pyrite Dust",
        "amount": 1
      },
      {
        "id": "gregtech:gt.metaitem.01:1032",
        "displayName": "Small Pile of Iron Dust",
        "amount": 1
      },
      {
        "id": "gregtech:gt.metaitem.01:9032",
        "displayName": "Iron Nugget",
        "amount": 1
      }
    ],
    "fluidOutputs": [],
    "outputChances": [
      10000,
      4000,
      2000
    ]
  },
  {
    "machine": "gt.recipe.electromagneticseparator",
    "recipeType": "gt_machine",
    "euPerTick": 24,
    "duration": 400,
    "itemInputs": [
      {
        "id": "gregtech:gt.metaitem.01:4518",
        "displayName": "Purified Pile of Forcicium Dust",
        "amount": 1
      }
    ],
    "fluidInputs": [],
    "itemOutputs": [
      {
        "id": "gregtech:gt.metaitem.01:2518",
        "displayName": "Forcicium Dust",
        "amount": 1
      },
      {
        "id": "gregtech:gt.metaitem.01:1067",
        "displayName": "Small Pile of Neodymium Dust",
        "amount": 1
      },
      {
        "id": "gregtech:gt.metaitem.01:9067",
        "displayName": "Neodymium Nugget",
        "amount": 1
      }
    ],
    "fluidOutputs": [],
    "outputChances": [
      10000,
      4000,
      2000
    ]
  },
  {
    "machine": "gt.recipe.electromagneticseparator",
    "recipeType": "gt_machine",
    "euPerTick": 24,
    "duration": 400,
    "itemInputs": [
      {
        "id": "gregtech:gt.metaitem.01:4935",
        "displayName": "Purified Pile of Basaltic Mineral Sand",
        "amount": 1
      }
    ],
    "fluidInputs": [],
    "itemOutputs": [
      {
        "id": "gregtech:gt.metaitem.01:2935",
        "displayName": "Basaltic Mineral Sand",
        "amount": 1
      },
      {
        "id": "gregtech:gt.metaitem.01:1086",
        "displayName": "Small Pile of Gold Dust",
        "amount": 1
      },
      {
        "id": "minecraft:gold_nugget:0",
        "displayName": "Gold Nugget",
        "amount": 1
      }
    ],
    "fluidOutputs": [],
    "outputChances": [
      10000,
      4000,
      2000
    ]
  },
  {
    "machine": "gt.recipe.electromagneticseparator",
    "recipeType": "gt_machine",
    "euPerTick": 24,
    "duration": 400,
    "itemInputs": [
      {
        "id": "gregtech:gt.metaitem.01:4821",
        "displayName": "Purified Pile of Andradite Dust",
        "amount": 1
      }
    ],
    "fluidInputs": [],
    "itemOutputs": [
      {
        "id": "gregtech:gt.metaitem.01:2821",
        "displayName": "Andradite Dust",
        "amount": 1
      },
      {
        "id": "gregtech:gt.metaitem.01:1032",
        "displayName": "Small Pile of Iron Dust",
        "amount": 1
      },
      {
        "id": "gregtech:gt.metaitem.01:9032",
        "displayName": "Iron Nugget",
        "amount": 1
      }
    ],
    "fluidOutputs": [],
    "outputChances": [
      10000,
      4000,
      2000
    ]
  },
  {
    "machine": "gt.recipe.electromagneticseparator",
    "recipeType": "gt_machine",
    "euPerTick": 24,
    "duration": 400,
    "itemInputs": [
      {
        "id": "gregtech:gt.metaitem.01:4058",
        "displayName": "Purified Pile of Antimony Dust",
        "amount": 1
      }
    ],
    "fluidInputs": [],
    "itemOutputs": [
      {
        "id": "gregtech:gt.metaitem.01:2058",
        "displayName": "Antimony Dust",
        "amount": 1
      },
      {
        "id": "gregtech:gt.metaitem.01:1032",
        "displayName": "Small Pile of Iron Dust",
        "amount": 1
      },
      {
        "id": "gregtech:gt.metaitem.01:9032",
        "displayName": "Iron Nugget",
        "amount": 1
      }
    ],
    "fluidOutputs": [],
    "outputChances": [
      10000,
      4000,
      2000
    ]
  },
  {
    "machine": "gt.recipe.electromagneticseparator",
    "recipeType": "gt_machine",
    "euPerTick": 24,
    "duration": 400,
    "itemInputs": [
      {
        "id": "gregtech:gt.metaitem.01:4057",
        "displayName": "Purified Pile of Tin Dust",
        "amount": 1
      }
    ],
    "fluidInputs": [],
    "itemOutputs": [
      {
        "id": "gregtech:gt.metaitem.01:2057",
        "displayName": "Tin Dust",
        "amount": 1
      },
      {
        "id": "gregtech:gt.metaitem.01:1032",
        "displayName": "Small Pile of Iron Dust",
        "amount": 1
      },
      {
        "id": "gregtech:gt.metaitem.01:9032",
        "displayName": "Iron Nugget",
        "amount": 1
      }
    ],
    "fluidOutputs": [],
    "outputChances": [
      10000,
      4000,
      2000
    ]
  },
  {
    "machine": "gt.recipe.electromagneticseparator",
    "recipeType": "gt_machine",
    "euPerTick": 24,
    "duration": 400,
    "itemInputs": [
      {
        "id": "gregtech:gt.metaitem.01:4923",
        "displayName": "Purified Pile of Vanadium Magnetite Dust",
        "amount": 1
      }
    ],
    "fluidInputs": [],
    "itemOutputs": [
      {
        "id": "gregtech:gt.metaitem.01:2923",
        "displayName": "Vanadium Magnetite Dust",
        "amount": 1
      },
      {
        "id": "gregtech:gt.metaitem.01:1086",
        "displayName": "Small Pile of Gold Dust",
        "amount": 1
      },
      {
        "id": "minecraft:gold_nugget:0",
        "displayName": "Gold Nugget",
        "amount": 1
      }
    ],
    "fluidOutputs": [],
    "outputChances": [
      10000,
      4000,
      2000
    ]
  },
  {
    "machine": "gt.recipe.electromagneticseparator",
    "recipeType": "gt_machine",
    "euPerTick": 24,
    "duration": 400,
    "itemInputs": [
      {
        "id": "gregtech:gt.metaitem.01:4909",
        "displayName": "Purified Pile of Pentlandite Dust",
        "amount": 1
      }
    ],
    "fluidInputs": [],
    "itemOutputs": [
      {
        "id": "gregtech:gt.metaitem.01:2909",
        "displayName": "Pentlandite Dust",
        "amount": 1
      },
      {
        "id": "gregtech:gt.metaitem.01:1032",
        "displayName": "Small Pile of Iron Dust",
        "amount": 1
      },
      {
        "id": "gregtech:gt.metaitem.01:9032",
        "displayName": "Iron Nugget",
        "amount": 1
      }
    ],
    "fluidOutputs": [],
    "outputChances": [
      10000,
      4000,
      2000
    ]
  },
  {
    "machine": "gt.recipe.electromagneticseparator",
    "recipeType": "gt_machine",
    "euPerTick": 24,
    "duration": 400,
    "itemInputs": [
      {
        "id": "gregtech:gt.metaitem.01:4936",
        "displayName": "Purified Pile of Granitic Mineral Sand",
        "amount": 1
      }
    ],
    "fluidInputs": [],
    "itemOutputs": [
      {
        "id": "gregtech:gt.metaitem.01:2936",
        "displayName": "Granitic Mineral Sand",
        "amount": 1
      },
      {
        "id": "gregtech:gt.metaitem.01:1086",
        "displayName": "Small Pile of Gold Dust",
        "amount": 1
      },
      {
        "id": "minecraft:gold_nugget:0",
        "displayName": "Gold Nugget",
        "amount": 1
      }
    ],
    "fluidOutputs": [],
    "outputChances": [
      10000,
      4000,
      2000
    ]
  },
  {
    "machine": "gt.recipe.electromagneticseparator",
    "recipeType": "gt_machine",
    "euPerTick": 24,
    "duration": 400,
    "itemInputs": [
      {
        "id": "gregtech:gt.metaitem.01:4520",
        "displayName": "Purified Pile of Monazite Dust",
        "amount": 1
      }
    ],
    "fluidInputs": [],
    "itemOutputs": [
      {
        "id": "gregtech:gt.metaitem.01:2520",
        "displayName": "Monazite Dust",
        "amount": 1
      },
      {
        "id": "gregtech:gt.metaitem.01:1067",
        "displayName": "Small Pile of Neodymium Dust",
        "amount": 1
      },
      {
        "id": "gregtech:gt.metaitem.01:9067",
        "displayName": "Neodymium Nugget",
        "amount": 1
      }
    ],
    "fluidOutputs": [],
    "outputChances": [
      10000,
      4000,
      2000
    ]
  },
  {
    "machine": "gt.recipe.electromagneticseparator",
    "recipeType": "gt_machine",
    "euPerTick": 24,
    "duration": 400,
    "itemInputs": [
      {
        "id": "gregtech:gt.metaitem.01:4932",
        "displayName": "Purified Pile of Vermiculite",
        "amount": 1
      }
    ],
    "fluidInputs": [],
    "itemOutputs": [
      {
        "id": "gregtech:gt.metaitem.01:2932",
        "displayName": "Vermiculite",
        "amount": 1
      },
      {
        "id": "gregtech:gt.metaitem.01:1032",
        "displayName": "Small Pile of Iron Dust",
        "amount": 1
      },
      {
        "id": "gregtech:gt.metaitem.01:9032",
        "displayName": "Iron Nugget",
        "amount": 1
      }
    ],
    "fluidOutputs": [],
    "outputChances": [
      10000,
      4000,
      2000
    ]
  },
  {
    "machine": "gt.recipe.electromagneticseparator",
    "recipeType": "gt_machine",
    "euPerTick": 24,
    "duration": 400,
    "itemInputs": [
      {
        "id": "gregtech:gt.metaitem.01:4034",
        "displayName": "Purified Pile of Nickel Dust",
        "amount": 1
      }
    ],
    "fluidInputs": [],
    "itemOutputs": [
      {
        "id": "gregtech:gt.metaitem.01:2034",
        "displayName": "Nickel Dust",
        "amount": 1
      },
      {
        "id": "gregtech:gt.metaitem.01:1032",
        "displayName": "Small Pile of Iron Dust",
        "amount": 1
      },
      {
        "id": "gregtech:gt.metaitem.01:9032",
        "displayName": "Iron Nugget",
        "amount": 1
      }
    ],
    "fluidOutputs": [],
    "outputChances": [
      10000,
      4000,
      2000
    ]
  }
]