[
  {
    "machine": "gt.recipe.transcendentplasmamixerrecipes",
    "recipeType": "gt_machine",
    "euPerTick": 14514983,
    "duration": 100,
    "itemInputs": [
      {
        "id": "gregtech:gt.integrated_circuit:1",
        "displayName": "Programmed Circuit",
        "amount": 0
      }
    ],
    "fluidInputs": [
      {
        "id": "plasma.helium",
        "displayName": "Helium Plasma",
        "amount": 1000
      },
      {
        "id": "plasma.iron",
        "displayName": "Iron Plasma",
        "amount": 1000
      },
      {
        "id": "plasma.calcium",
        "displayName": "Calcium Plasma",
        "amount": 1000
      },
      {
        "id": "plasma.niobium",
        "displayName": "Niobium Plasma",
        "amount": 1000
      }
    ],
    "itemOutputs": [],
    "fluidOutputs": [
      {
        "id": "exciteddtcc",
        "displayName": "Excited Dimensionally Transcendent Crude Catalyst",
        "amount": 1000
      }
    ]
  },
  {
    "machine": "gt.recipe.transcendentplasmamixerrecipes",
    "recipeType": "gt_machine",
    "euPerTick": 66768460,
    "duration": 100,
    "itemInputs": [
      {
        "id": "gregtech:gt.integrated_circuit:2",
        "displayName": "Programmed Circuit",
        "amount": 0
      }
    ],
    "fluidInputs": [
      {
        "id": "plasma.helium",
        "displayName": "Helium Plasma",
        "amount": 1000
      },
      {
        "id": "plasma.iron",
        "displayName": "Iron Plasma",
        "amount": 1000
      },
      {
        "id": "plasma.calcium",
        "displayName": "Calcium Plasma",
        "amount": 1000
      },
      {
        "id": "plasma.niobium",
        "displayName": "Niobium Plasma",
        "amount": 1000
      },
      {
        "id": "plasma.radon",
        "displayName": "Radon Plasma",
        "amount": 1000
      },
      {
        "id": "plasma.nickel",
        "displayName": "Nickel Plasma",
        "amount": 1000
      },
      {
        "id": "plasma.boron",
        "displayName": "Boron Plasma",
        "amount": 1000
      },
      {
        "id": "plasma.sulfur",
        "displayName": "Sulfur Plasma",
        "amount": 1000
      }
    ],
    "itemOutputs": [],
    "fluidOutputs": [
      {
        "id": "exciteddtpc",
        "displayName": "Excited Dimensionally Transcendent Prosaic Catalyst",
        "amount": 1000
      }
    ]
  },
  {
    "machine": "gt.recipe.transcendentplasmamixerrecipes",
    "recipeType": "gt_machine",
    "euPerTick": 269326451,
    "duration": 100,
    "itemInputs": [
      {
        "id": "gregtech:gt.integrated_circuit:3",
        "displayName": "Programmed Circuit",
        "amount": 0
      }
    ],
    "fluidInputs": [
      {
        "id": "plasma.helium",
        "displayName": "Helium Plasma",
        "amount": 1000
      },
      {
        "id": "plasma.iron",
        "displayName": "Iron Plasma",
        "amount": 1000
      },
      {
        "id": "plasma.calcium",
        "displayName": "Calcium Plasma",
        "amount": 1000
      },
      {
        "id": "plasma.niobium",
        "displayName": "Niobium Plasma",
        "amount": 1000
      },
      {
        "id": "plasma.radon",
        "displayName": "Radon Plasma",
        "amount": 1000
      },
      {
        "id": "plasma.nickel",
        "displayName": "Nickel Plasma",
        "amount": 1000
      },
      {
        "id": "plasma.boron",
        "displayName": "Boron Plasma",
        "amount": 1000
      },
      {
        "id": "plasma.sulfur",
        "displayName": "Sulfur Plasma",
        "amount": 1000
      },
      {
        "id": "plasma.nitrogen",
        "displayName": "Nitrogen Plasma",
        "amount": 1000
      },
      {
        "id": "plasma.zinc",
        "displayName": "Zinc Plasma",
        "amount": 1000
      },
      {
        "id": "plasma.silver",
        "displayName": "Silver Plasma",
        "amount": 1000
      },
      {
        "id": "plasma.titanium",
        "displayName": "Titanium Plasma",
        "amount": 1000
      }
    ],
    "itemOutputs": [],
    "fluidOutputs": [
      {
        "id": "exciteddtrc",
        "displayName": "Excited Dimensionally Transcendent Resplendent Catalyst",
        "amount": 1000
      }
    ]
  },
  {
    "machine": "gt.recipe.transcendentplasmamixerrecipes",
    "recipeType": "gt_machine",
    "euPerTick": 1073007393,
    "duration": 100,
    "itemInputs": [
      {
        "id": "gregtech:gt.integrated_circuit:4",
        "displayName": "Programmed Circuit",
        "amount": 0
      }
    ],
    "fluidInputs": [
      {
        "id": "plasma.helium",
        "displayName": "Helium Plasma",
        "amount": 1000
      },
      {
        "id": "plasma.iron",
        "displayName": "Iron Plasma",
        "amount": 1000
      },
      {
        "id": "plasma.calcium",
        "displayName": "Calcium Plasma",
        "amount": 1000
      },
      {
        "id": "plasma.niobium",
        "displayName": "Niobium Plasma",
        "amount": 1000
      },
      {
        "id": "plasma.radon",
        "displayName": "Radon Plasma",
        "amount": 1000
      },
      {
        "id": "plasma.nickel",
        "displayName": "Nickel Plasma",
        "amount": 1000
      },
      {
        "id": "plasma.boron",
        "displayName": "Boron Plasma",
        "amount": 1000
      },
      {
        "id": "plasma.sulfur",
        "displayName": "Sulfur Plasma",
        "amount": 1000
      },
      {
        "id": "plasma.nitrogen",
        "displayName": "Nitrogen Plasma",
        "amount": 1000
      },
      {
        "id": "plasma.zinc",
        "displayName": "Zinc Plasma",
        "amount": 1000
      },
      {
        "id": "plasma.silver",
        "displayName": "Silver Plasma",
        "amount": 1000
      },
      {
        "id": "plasma.titanium",
        "displayName": "Titanium Plasma",
        "amount": 1000
      },
      {
        "id": "plasma.americium",
        "displayName": "Americium Plasma",
        "amount": 1000
      },
      {
        "id": "plasma.bismuth",
        "displayName": "Bismuth Plasma",
        "amount": 1000
      },
      {
        "id": "plasma.oxygen",
        "displayName": "Oxygen Plasma",
        "amount": 1000
      },
      {
        "id": "plasma.tin",
        "displayName": "Tin Plasma",
        "amount": 1000
      }
    ],
    "itemOutputs": [],
    "fluidOutputs": [
      {
        "id": "exciteddtec",
        "displayName": "Excited Dimensionally Transcendent Exotic Catalyst",
        "amount": 1000
      }
    ]
  },
  {
    "machine": "gt.recipe.transcendentplasmamixerrecipes",
    "recipeType": "gt_machine",
    "euPerTick": 2138383760,
    "duration": 100,
    "itemInputs": [
      {
        "id": "gregtech:gt.integrated_circuit:5",
        "displayName": "Programmed Circuit",
        "amount": 0
      }
    ],
    "fluidInputs": [
      {
        "id": "plasma.helium",
        "displayName": "Helium Plasma",
        "amount": 1000
      },
      {
        "id": "plasma.iron",
        "displayName": "Iron Plasma",
        "amount": 1000
      },
      {
        "id": "plasma.calcium",
        "displayName": "Calcium Plasma",
        "amount": 1000
      },
      {
        "id": "plasma.niobium",
        "displayName": "Niobium Plasma",
        "amount": 1000
      },
      {
        "id": "plasma.radon",
        "displayName": "Radon Plasma",
        "amount": 1000
      },
      {
        "id": "plasma.nickel",
        "displayName": "Nickel Plasma",
        "amount": 1000
      },
      {
        "id": "plasma.boron",
        "displayName": "Boron Plasma",
        "amount": 1000
      },
      {
        "id": "plasma.sulfur",
        "displayName": "Sulfur Plasma",
        "amount": 1000
      },
      {
        "id": "plasma.nitrogen",
        "displayName": "Nitrogen Plasma",
        "amount": 1000
      },
      {
        "id": "plasma.zinc",
        "displayName": "Zinc Plasma",
        "amount": 1000
      },
      {
        "id": "plasma.silver",
        "displayName": "Silver Plasma",
        "amount": 1000
      },
      {
        "id": "plasma.titanium",
        "displayName": "Titanium Plasma",
        "amount": 1000
      },
      {
        "id": "plasma.americium",
        "displayName": "Americium Plasma",
        "amount": 1000
      },
      {
        "id": "plasma.bismuth",
        "displayName": "Bismuth Plasma",
        "amount": 1000
      },
      {
        "id": "plasma.oxygen",
        "displayName": "Oxygen Plasma",
        "amount": 1000
      },
      {
        "id": "plasma.tin",
        "displayName": "Tin Plasma",
        "amount": 1000
      },
      {
        "id": "plasma.lead",
        "displayName": "Lead Plasma",
        "amount": 1000
      },
      {
        "id": "plasma.thorium",
        "displayName": "Thorium Plasma",
        "amount": 1000
      },
      {
        "id": "plasma.naquadria",
        "displayName": "Naquadria Plasma",
        "amount": 100
      },
      {
        "id": "rawstarmatter",
        "displayName": "Condensed Raw Stellar Plasma Mixture",
        "amount": 25
      }
    ],
    "itemOutputs": [],
    "fluidOutputs": [
      {
        "id": "exciteddtsc",
        "displayName": "Excited Dimensionally Transcendent Stellar Catalyst",
        "amount": 1000
      }
    ]
  },
  {
    "machine": "gt.recipe.transcendentplasmamixerrecipes",
    "recipeType": "gt_machine",
    "euPerTick": 2000000000,
    "duration": 100,
    "itemInputs": [
      {
        "id": "gregtech:gt.integrated_circuit:24",
        "displayName": "Programmed Circuit",
        "amount": 0
      }
    ],
    "fluidInputs": [
      {
        "id": "rawstarmatter",
        "displayName": "Condensed Raw Stellar Plasma Mixture",
        "amount": 1000
      },
      {
        "id": "molten.spacetime",
        "displayName": "Molten SpaceTime",
        "amount": 1000
      },
      {
        "id": "spatialfluid",
        "displayName": "Spatially Enlarged Fluid",
        "amount": 1000
      },
      {
        "id": "dimensionallytranscendentresidue",
        "displayName": "Dimensionally Transcendent Residue",
        "amount": 1000
      }
    ],
    "itemOutputs": [],
    "fluidOutputs": [
      {
        "id": "primordialmatter",
        "displayName": "Liquid Primordial Matter",
        "amount": 1000
      }
    ]
  },
  {
    "machine": "gt.recipe.transcendentplasmamixerrecipes",
    "recipeType": "gt_machine",
    "euPerTick": 125829120,
    "duration": 100,
    "itemInputs": [
      {
        "id": "gregtech:gt.integrated_circuit:24",
        "displayName": "Programmed Circuit",
        "amount": 0
      }
    ],
    "fluidInputs": [
      {
        "id": "plasma.fermium",
        "displayName": "Fermium Plasma",
        "amount": 1000
      },
      {
        "id": "plasma.thorium",
        "displayName": "Thorium Plasma",
        "amount": 1000
      },
      {
        "id": "plasma.celestialtungsten",
        "displayName": "Celestial Tungsten Plasma",
        "amount": 1000
      },
      {
        "id": "plasma.calcium",
        "displayName": "Calcium Plasma",
        "amount": 1000
      },
      {
        "id": "dimensionallytranscendentresidue",
        "displayName": "Dimensionally Transcendent Residue",
        "amount": 1000
      }
    ],
    "itemOutputs": [],
    "fluidOutputs": [
      {
        "id": "plasma.creon",
        "displayName": "Creon Plasma",
        "amount": 5000
      }
    ]
  },
  {
    "machine": "gt.recipe.transcendentplasmamixerrecipes",
    "recipeType": "gt_machine",
    "euPerTick": 1000000000,
    "duration": 100,
    "itemInputs": [
      {
        "id": "gregtech:gt.integrated_circuit:24",
        "displayName": "Programmed Circuit",
        "amount": 0
      }
    ],
    "fluidInputs": [
      {
        "id": "plasma.infinity",
        "displayName": "Infinity Plasma",
        "amount": 1000
      },
      {
        "id": "plasma.neutronium",
        "displayName": "Neutronium Plasma",
        "amount": 1000
      },
      {
        "id": "plasma.flerovium_gt5u",
        "displayName": "Flerovium Plasma",
        "amount": 1000
      },
      {
        "id": "plasma.chromaticglass",
        "displayName": "Chromatic Glass Plasma",
        "amount": 1000
      },
      {
        "id": "plasma.hypogen",
        "displayName": "Hypogen Plasma",
        "amount": 1000
      },
      {
        "id": "plasma.ichorium",
        "displayName": "Ichorium Plasma",
        "amount": 1000
      },
      {
        "id": "plasma.sixphasedcopper",
        "displayName": "Six-Phased Copper Plasma",
        "amount": 1000
      },
      {
        "id": "plasma.draconiumawakened",
        "displayName": "Awakened Draconium Plasma",
        "amount": 1000
      },
      {
        "id": "plasma.dragonblood",
        "displayName": "Dragonblood Plasma",
        "amount": 1000
      },
      {
        "id": "plasma.rhugnor",
        "displayName": "Rhugnor Plasma",
        "amount": 1000
      },
      {
        "id": "plasma.draconium",
        "displayName": "Draconium Plasma",
        "amount": 1000
      },
      {
        "id": "plasma.creon",
        "displayName": "Creon Plasma",
        "amount": 1000
      },
      {
        "id": "plasma.tritanium",
        "displayName": "Tritanium Plasma",
        "amount": 1000
      },
      {
        "id": "plasma.cosmicneutronium",
        "displayName": "Cosmic Neutronium Plasma",
        "amount": 1000
      },
      {
        "id": "plasma.bedrockium",
        "displayName": "Bedrockium Plasma",
        "amount": 1000
      },
      {
        "id": "exciteddtcc",
        "displayName": "Excited Dimensionally Transcendent Crude Catalyst",
        "amount": 1000
      },
      {
        "id": "exciteddtpc",
        "displayName": "Excited Dimensionally Transcendent Prosaic Catalyst",
        "amount": 1000
      },
      {
        "id": "exciteddtrc",
        "displayName": "Excited Dimensionally Transcendent Resplendent Catalyst",
        "amount": 1000
      },
      {
        "id": "exciteddtec",
        "displayName": "Excited Dimensionally Transcendent Exotic Catalyst",
        "amount": 1000
      },
      {
        "id": "exciteddtsc",
        "displayName": "Excited Dimensionally Transcendent Stellar Catalyst",
        "amount": 1000
      }
    ],
    "itemOutputs": [],
    "fluidOutputs": [
      {
        "id": "sgcrystalslurry",
        "displayName": "Stargate Crystal Slurry",
        "amount": 1000
      }
    ]
  }
]