[
  {
    "machine": "gt.recipe.fermenter",
    "recipeType": "gt_machine",
    "euPerTick": 16,
    "duration": 20,
    "itemInputs": [],
    "fluidInputs": [
      {
        "id": "concrete",
        "displayName": "Concrete",
        "amount": 1000
      }
    ],
    "itemOutputs": [],
    "fluidOutputs": [
      {
        "id": "wet.concrete",
        "displayName": "Wet Concrete",
        "amount": 1000
      }
    ]
  },
  {
    "machine": "gt.recipe.fermenter",
    "recipeType": "gt_machine",
    "euPerTick": 16,
    "duration": 20,
    "itemInputs": [],
    "fluidInputs": [
      {
        "id": "wet.concrete",
        "displayName": "Wet Concrete",
        "amount": 1000
      }
    ],
    "itemOutputs": [],
    "fluidOutputs": [
      {
        "id": "ic2constructionfoam",
        "displayName": "Construction Foam",
        "amount": 1000
      }
    ]
  },
  {
    "machine": "gt.recipe.fermenter",
    "recipeType": "gt_machine",
    "euPerTick": 16,
    "duration": 20,
    "itemInputs": [],
    "fluidInputs": [
      {
        "id": "ic2constructionfoam",
        "displayName": "Construction Foam",
        "amount": 1000
      }
    ],
    "itemOutputs": [],
    "fluidOutputs": [
      {
        "id": "concrete",
        "displayName": "Concrete",
        "amount": 1000
      }
    ]
  },
  {
    "machine": "gt.recipe.fermenter",
    "recipeType": "gt_machine",
    "euPerTick": 2,
    "duration": 500,
    "itemInputs": [],
    "fluidInputs": [
      {
        "id": "potion.mash",
        "displayName": "Mash",
        "amount": 5
      }
    ],
    "itemOutputs": [],
    "fluidOutputs": [
      {
        "id": "potion.wash",
        "displayName": "Wash",
        "amount": 4
      }
    ]
  },
  {
    "machine": "gt.recipe.fermenter",
    "recipeType": "gt_machine",
    "euPerTick": 2,
    "duration": 250,
    "itemInputs": [],
    "fluidInputs": [
      {
        "id": "potion.wash",
        "displayName": "Wash",
        "amount": 5
      }
    ],
    "itemOutputs": [],
    "fluidOutputs": [
      {
        "id": "potion.wine",
        "displayName": "Wine",
        "amount": 2
      }
    ]
  },
  {
    "machine": "gt.recipe.fermenter",
    "recipeType": "gt_machine",
    "euPerTick": 2,
    "duration": 510,
    "itemInputs": [],
    "fluidInputs": [
      {
        "id": "potion.wheatyjuice",
        "displayName": "Wheaty Juice",
        "amount": 5
      }
    ],
    "itemOutputs": [],
    "fluidOutputs": [
      {
        "id": "potion.fwheat",
        "displayName": "Fermented Wheat",
        "amount": 4
      }
    ]
  },
  {
    "machine": "gt.recipe.fermenter",
    "recipeType": "gt_machine",
    "euPerTick": 2,
    "duration": 510,
    "itemInputs": [],
    "fluidInputs": [
      {
        "id": "potion.reedwater",
        "displayName": "Reed Water",
        "amount": 5
      }
    ],
    "itemOutputs": [],
    "fluidOutputs": [
      {
        "id": "potion.freed",
        "displayName": "Fermented Reedwater",
        "amount": 4
      }
    ]
  },
  {
    "machine": "gt.recipe.fermenter",
    "recipeType": "gt_machine",
    "euPerTick": 2,
    "duration": 30,
    "itemInputs": [],
    "fluidInputs": [
      {
        "id": "biomass",
        "displayName": "Biomass",
        "amount": 20
      }
    ],
    "itemOutputs": [],
    "fluidOutputs": [
      {
        "id": "fermentedbiomass",
        "displayName": "Fermented Biomass",
        "amount": 20
      }
    ]
  },
  {
    "machine": "gt.recipe.fermenter",
    "recipeType": "gt_machine",
    "euPerTick": 2,
    "duration": 30,
    "itemInputs": [],
    "fluidInputs": [
      {
        "id": "ic2biomass",
        "displayName": "Biomass",
        "amount": 20
      }
    ],
    "itemOutputs": [],
    "fluidOutputs": [
      {
        "id": "fermentedbiomass",
        "displayName": "Fermented Biomass",
        "amount": 20
      }
    ]
  },
  {
    "machine": "gt.recipe.fermenter",
    "recipeType": "gt_machine",
    "euPerTick": 2,
    "duration": 40,
    "itemInputs": [],
    "fluidInputs": [
      {
        "id": "milk",
        "displayName": "Milk",
        "amount": 2
      }
    ],
    "itemOutputs": [],
    "fluidOutputs": [
      {
        "id": "potion.mundane",
        "displayName": "Mundane Brew",
        "amount": 1
      }
    ]
  },
  {
    "machine": "gt.recipe.fermenter",
    "recipeType": "gt_machine",
    "euPerTick": 2,
    "duration": 40,
    "itemInputs": [],
    "fluidInputs": [
      {
        "id": "potion.lemonjuice",
        "displayName": "Lemon Juice",
        "amount": 2
      }
    ],
    "itemOutputs": [],
    "fluidOutputs": [
      {
        "id": "potion.limoncello",
        "displayName": "Limoncello",
        "amount": 1
      }
    ]
  },
  {
    "machine": "gt.recipe.fermenter",
    "recipeType": "gt_machine",
    "euPerTick": 2,
    "duration": 40,
    "itemInputs": [],
    "fluidInputs": [
      {
        "id": "potion.applejuice",
        "displayName": "Apple Juice",
        "amount": 2
      }
    ],
    "itemOutputs": [],
    "fluidOutputs": [
      {
        "id": "potion.cider",
        "displayName": "Cider",
        "amount": 1
      }
    ]
  },
  {
    "machine": "gt.recipe.fermenter",
    "recipeType": "gt_machine",
    "euPerTick": 2,
    "duration": 40,
    "itemInputs": [],
    "fluidInputs": [
      {
        "id": "potion.goldenapplejuice",
        "displayName": "Golden Apple Juice",
        "amount": 2
      }
    ],
    "itemOutputs": [],
    "fluidOutputs": [
      {
        "id": "potion.goldencider",
        "displayName": "Golden Cider",
        "amount": 1
      }
    ]
  },
  {
    "machine": "gt.recipe.fermenter",
    "recipeType": "gt_machine",
    "euPerTick": 2,
    "duration": 40,
    "itemInputs": [],
    "fluidInputs": [
      {
        "id": "potion.idunsapplejuice",
        "displayName": "Idun's Apple Juice",
        "amount": 2
      }
    ],
    "itemOutputs": [],
    "fluidOutputs": [
      {
        "id": "potion.notchesbrew",
        "displayName": "Notches Brew",
        "amount": 1
      }
    ]
  },
  {
    "machine": "gt.recipe.fermenter",
    "recipeType": "gt_machine",
    "euPerTick": 2,
    "duration": 204,
    "itemInputs": [],
    "fluidInputs": [
      {
        "id": "potion.rum",
        "displayName": "Rum",
        "amount": 5
      }
    ],
    "itemOutputs": [],
    "fluidOutputs": [
      {
        "id": "potion.piratebrew",
        "displayName": "Pirate Brew",
        "amount": 1
      }
    ]
  },
  {
    "machine": "gt.recipe.fermenter",
    "recipeType": "gt_machine",
    "euPerTick": 2,
    "duration": 40,
    "itemInputs": [],
    "fluidInputs": [
      {
        "id": "potion.grapejuice",
        "displayName": "Grape Juice",
        "amount": 2
      }
    ],
    "itemOutputs": [],
    "fluidOutputs": [
      {
        "id": "potion.wine",
        "displayName": "Wine",
        "amount": 1
      }
    ]
  },
  {
    "machine": "gt.recipe.fermenter",
    "recipeType": "gt_machine",
    "euPerTick": 2,
    "duration": 204,
    "itemInputs": [],
    "fluidInputs": [
      {
        "id": "potion.wine",
        "displayName": "Wine",
        "amount": 5
      }
    ],
    "itemOutputs": [],
    "fluidOutputs": [
      {
        "id": "potion.vinegar",
        "displayName": "Vinegar",
        "amount": 1
      }
    ]
  },
  {
    "machine": "gt.recipe.fermenter",
    "recipeType": "gt_machine",
    "euPerTick": 2,
    "duration": 204,
    "itemInputs": [],
    "fluidInputs": [
      {
        "id": "potion.scotch",
        "displayName": "Scotch",
        "amount": 5
      }
    ],
    "itemOutputs": [],
    "fluidOutputs": [
      {
        "id": "potion.glenmckenner",
        "displayName": "Glen McKenner",
        "amount": 1
      }
    ]
  },
  {
    "machine": "gt.recipe.fermenter",
    "recipeType": "gt_machine",
    "euPerTick": 2,
    "duration": 40,
    "itemInputs": [],
    "fluidInputs": [
      {
        "id": "potion.wheatyhopsjuice",
        "displayName": "Wheaty Hops Juice",
        "amount": 2
      }
    ],
    "itemOutputs": [],
    "fluidOutputs": [
      {
        "id": "potion.beer",
        "displayName": "Beer",
        "amount": 1
      }
    ]
  },
  {
    "machine": "gt.recipe.fermenter",
    "recipeType": "gt_machine",
    "euPerTick": 2,
    "duration": 40,
    "itemInputs": [],
    "fluidInputs": [
      {
        "id": "potion.hopsjuice",
        "displayName": "Hops Juice",
        "amount": 2
      }
    ],
    "itemOutputs": [],
    "fluidOutputs": [
      {
        "id": "potion.darkbeer",
        "displayName": "Dark Beer",
        "amount": 1
      }
    ]
  },
  {
    "machine": "gt.recipe.fermenter",
    "recipeType": "gt_machine",
    "euPerTick": 2,
    "duration": 204,
    "itemInputs": [],
    "fluidInputs": [
      {
        "id": "potion.darkbeer",
        "displayName": "Dark Beer",
        "amount": 5
      }
    ],
    "itemOutputs": [],
    "fluidOutputs": [
      {
        "id": "potion.dragonblood",
        "displayName": "Dragon Blood",
        "amount": 1
      }
    ]
  },
  {
    "machine": "gt.recipe.fermenter",
    "recipeType": "gt_machine",
    "euPerTick": 2,
    "duration": 81,
    "itemInputs": [],
    "fluidInputs": [
      {
        "id": "potion.beer",
        "displayName": "Beer",
        "amount": 3
      }
    ],
    "itemOutputs": [],
    "fluidOutputs": [
      {
        "id": "potion.vinegar",
        "displayName": "Vinegar",
        "amount": 2
      }
    ]
  },
  {
    "machine": "gt.recipe.fermenter",
    "recipeType": "gt_machine",
    "euPerTick": 2,
    "duration": 81,
    "itemInputs": [],
    "fluidInputs": [
      {
        "id": "potion.cider",
        "displayName": "Cider",
        "amount": 3
      }
    ],
    "itemOutputs": [],
    "fluidOutputs": [
      {
        "id": "potion.vinegar",
        "displayName": "Vinegar",
        "amount": 2
      }
    ]
  },
  {
    "machine": "gt.recipe.fermenter",
    "recipeType": "gt_machine",
    "euPerTick": 2,
    "duration": 81,
    "itemInputs": [],
    "fluidInputs": [
      {
        "id": "potion.goldencider",
        "displayName": "Golden Cider",
        "amount": 3
      }
    ],
    "itemOutputs": [],
    "fluidOutputs": [
      {
        "id": "potion.vinegar",
        "displayName": "Vinegar",
        "amount": 2
      }
    ]
  },
  {
    "machine": "gt.recipe.fermenter",
    "recipeType": "gt_machine",
    "euPerTick": 2,
    "duration": 40,
    "itemInputs": [],
    "fluidInputs": [
      {
        "id": "potion.awkward",
        "displayName": "Awkward Brew",
        "amount": 2
      }
    ],
    "itemOutputs": [],
    "fluidOutputs": [
      {
        "id": "potion.weakness",
        "displayName": "Weakening Brew",
        "amount": 1
      }
    ]
  },
  {
    "machine": "gt.recipe.fermenter",
    "recipeType": "gt_machine",
    "euPerTick": 2,
    "duration": 40,
    "itemInputs": [],
    "fluidInputs": [
      {
        "id": "potion.mundane",
        "displayName": "Mundane Brew",
        "amount": 2
      }
    ],
    "itemOutputs": [],
    "fluidOutputs": [
      {
        "id": "potion.weakness",
        "displayName": "Weakening Brew",
        "amount": 1
      }
    ]
  },
  {
    "machine": "gt.recipe.fermenter",
    "recipeType": "gt_machine",
    "euPerTick": 2,
    "duration": 40,
    "itemInputs": [],
    "fluidInputs": [
      {
        "id": "potion.thick",
        "displayName": "Thick Brew",
        "amount": 2
      }
    ],
    "itemOutputs": [],
    "fluidOutputs": [
      {
        "id": "potion.weakness",
        "displayName": "Weakening Brew",
        "amount": 1
      }
    ]
  },
  {
    "machine": "gt.recipe.fermenter",
    "recipeType": "gt_machine",
    "euPerTick": 2,
    "duration": 40,
    "itemInputs": [],
    "fluidInputs": [
      {
        "id": "potion.poison",
        "displayName": "Poisonous Brew",
        "amount": 2
      }
    ],
    "itemOutputs": [],
    "fluidOutputs": [
      {
        "id": "potion.damage",
        "displayName": "Harming Brew",
        "amount": 1
      }
    ]
  },
  {
    "machine": "gt.recipe.fermenter",
    "recipeType": "gt_machine",
    "euPerTick": 2,
    "duration": 40,
    "itemInputs": [],
    "fluidInputs": [
      {
        "id": "potion.health",
        "displayName": "Healing Brew",
        "amount": 2
      }
    ],
    "itemOutputs": [],
    "fluidOutputs": [
      {
        "id": "potion.damage",
        "displayName": "Harming Brew",
        "amount": 1
      }
    ]
  },
  {
    "machine": "gt.recipe.fermenter",
    "recipeType": "gt_machine",
    "euPerTick": 2,
    "duration": 40,
    "itemInputs": [],
    "fluidInputs": [
      {
        "id": "potion.waterbreathing",
        "displayName": "Fishy Brew",
        "amount": 2
      }
    ],
    "itemOutputs": [],
    "fluidOutputs": [
      {
        "id": "potion.damage",
        "displayName": "Harming Brew",
        "amount": 1
      }
    ]
  },
  {
    "machine": "gt.recipe.fermenter",
    "recipeType": "gt_machine",
    "euPerTick": 2,
    "duration": 40,
    "itemInputs": [],
    "fluidInputs": [
      {
        "id": "potion.nightvision",
        "displayName": "Night Vision Brew",
        "amount": 2
      }
    ],
    "itemOutputs": [],
    "fluidOutputs": [
      {
        "id": "potion.invisibility",
        "displayName": "Invisible Brew",
        "amount": 1
      }
    ]
  },
  {
    "machine": "gt.recipe.fermenter",
    "recipeType": "gt_machine",
    "euPerTick": 2,
    "duration": 40,
    "itemInputs": [],
    "fluidInputs": [
      {
        "id": "potion.fireresistance",
        "displayName": "Fire Resistant Brew",
        "amount": 2
      }
    ],
    "itemOutputs": [],
    "fluidOutputs": [
      {
        "id": "potion.slowness",
        "displayName": "Lame Brew",
        "amount": 1
      }
    ]
  },
  {
    "machine": "gt.recipe.fermenter",
    "recipeType": "gt_machine",
    "euPerTick": 2,
    "duration": 40,
    "itemInputs": [],
    "fluidInputs": [
      {
        "id": "potion.speed",
        "displayName": "Swiftness Brew",
        "amount": 2
      }
    ],
    "itemOutputs": [],
    "fluidOutputs": [
      {
        "id": "potion.slowness",
        "displayName": "Lame Brew",
        "amount": 1
      }
    ]
  },
  {
    "machine": "gt.recipe.fermenter",
    "recipeType": "gt_machine",
    "euPerTick": 2,
    "duration": 40,
    "itemInputs": [],
    "fluidInputs": [
      {
        "id": "potion.strength",
        "displayName": "Strength Brew",
        "amount": 2
      }
    ],
    "itemOutputs": [],
    "fluidOutputs": [
      {
        "id": "potion.weakness",
        "displayName": "Weakening Brew",
        "amount": 1
      }
    ]
  },
  {
    "machine": "gt.recipe.fermenter",
    "recipeType": "gt_machine",
    "euPerTick": 2,
    "duration": 40,
    "itemInputs": [],
    "fluidInputs": [
      {
        "id": "potion.regen",
        "displayName": "Regenerating Brew",
        "amount": 2
      }
    ],
    "itemOutputs": [],
    "fluidOutputs": [
      {
        "id": "potion.poison",
        "displayName": "Poisonous Brew",
        "amount": 1
      }
    ]
  },
  {
    "machine": "gt.recipe.fermenter",
    "recipeType": "gt_machine",
    "euPerTick": 2,
    "duration": 204,
    "itemInputs": [],
    "fluidInputs": [
      {
        "id": "potion.poison.strong",
        "displayName": "Strong Poisonous Brew",
        "amount": 5
      }
    ],
    "itemOutputs": [],
    "fluidOutputs": [
      {
        "id": "potion.damage.strong",
        "displayName": "Strong Harming Brew",
        "amount": 1
      }
    ]
  },
  {
    "machine": "gt.recipe.fermenter",
    "recipeType": "gt_machine",
    "euPerTick": 2,
    "duration": 204,
    "itemInputs": [],
    "fluidInputs": [
      {
        "id": "potion.health.strong",
        "displayName": "Strong Healing Brew",
        "amount": 5
      }
    ],
    "itemOutputs": [],
    "fluidOutputs": [
      {
        "id": "potion.damage.strong",
        "displayName": "Strong Harming Brew",
        "amount": 1
      }
    ]
  },
  {
    "machine": "gt.recipe.fermenter",
    "recipeType": "gt_machine",
    "euPerTick": 2,
    "duration": 204,
    "itemInputs": [],
    "fluidInputs": [
      {
        "id": "potion.nightvision.long",
        "displayName": "Stretched Night Vision Brew",
        "amount": 5
      }
    ],
    "itemOutputs": [],
    "fluidOutputs": [
      {
        "id": "potion.invisibility.long",
        "displayName": "Stretched Invisible Brew",
        "amount": 1
      }
    ]
  },
  {
    "machine": "gt.recipe.fermenter",
    "recipeType": "gt_machine",
    "euPerTick": 2,
    "duration": 204,
    "itemInputs": [],
    "fluidInputs": [
      {
        "id": "potion.regen.strong",
        "displayName": "Strong Regenerating Brew",
        "amount": 5
      }
    ],
    "itemOutputs": [],
    "fluidOutputs": [
      {
        "id": "potion.poison.strong",
        "displayName": "Strong Poisonous Brew",
        "amount": 1
      }
    ]
  },
  {
    "machine": "gt.recipe.fermenter",
    "recipeType": "gt_machine",
    "euPerTick": 2,
    "duration": 204,
    "itemInputs": [],
    "fluidInputs": [
      {
        "id": "potion.fireresistance.long",
        "displayName": "Stretched Fire Resistant Brew",
        "amount": 5
      }
    ],
    "itemOutputs": [],
    "fluidOutputs": [
      {
        "id": "potion.slowness.long",
        "displayName": "Stretched Lame Brew",
        "amount": 1
      }
    ]
  },
  {
    "machine": "gt.recipe.fermenter",
    "recipeType": "gt_machine",
    "euPerTick": 2,
    "duration": 204,
    "itemInputs": [],
    "fluidInputs": [
      {
        "id": "potion.speed.long",
        "displayName": "Stretched Swiftness Brew",
        "amount": 5
      }
    ],
    "itemOutputs": [],
    "fluidOutputs": [
      {
        "id": "potion.slowness.long",
        "displayName": "Stretched Lame Brew",
        "amount": 1
      }
    ]
  },
  {
    "machine": "gt.recipe.fermenter",
    "recipeType": "gt_machine",
    "euPerTick": 2,
    "duration": 204,
    "itemInputs": [],
    "fluidInputs": [
      {
        "id": "potion.strength.long",
        "displayName": "Stretched Strength Brew",
        "amount": 5
      }
    ],
    "itemOutputs": [],
    "fluidOutputs": [
      {
        "id": "potion.weakness.long",
        "displayName": "Stretched Weakening Brew",
        "amount": 1
      }
    ]
  },
  {
    "machine": "gt.recipe.fermenter",
    "recipeType": "gt_machine",
    "euPerTick": 2,
    "duration": 204,
    "itemInputs": [],
    "fluidInputs": [
      {
        "id": "potion.regen.long",
        "displayName": "Stretched Regenerating Brew",
        "amount": 5
      }
    ],
    "itemOutputs": [],
    "fluidOutputs": [
      {
        "id": "potion.poison.long",
        "displayName": "Stretched Poisonous Brew",
        "amount": 1
      }
    ]
  },
  {
    "machine": "gt.recipe.fermenter",
    "recipeType": "gt_machine",
    "euPerTick": 2,
    "duration": 32,
    "itemInputs": [],
    "fluidInputs": [
      {
        "id": "enrichedbacterialsludge",
        "displayName": "Enriched Bacterial Sludge",
        "amount": 10
      }
    ],
    "itemOutputs": [],
    "fluidOutputs": [
      {
        "id": "fermentedbacterialsludge",
        "displayName": "Fermented Bacterial Sludge",
        "amount": 1
      }
    ]
  }
]