[
  {
    "machine": "gt.recipe.purificationplantflocculation",
    "recipeType": "gt_machine",
    "euPerTick": 122880,
    "duration": 2400,
    "itemInputs": [],
    "fluidInputs": [
      {
        "id": "grade2purifiedwater",
        "displayName": "Ozonated Water (Grade 2)",
        "amount": 1000
      }
    ],
    "itemOutputs": [
      {
        "id": "minecraft:clay_ball:0",
        "displayName": "Clay",
        "amount": 1
      },
      {
        "id": "gregtech:gt.metaitem.01:2939",
        "displayName": "Quartz Sand",
        "amount": 1
      },
      {
        "id": "gregtech:gt.metaitem.01:9649",
        "displayName": "Polyvinyl Chloride Chip",
        "amount": 1
      }
    ],
    "fluidOutputs": [
      {
        "id": "grade3purifiedwater",
        "displayName": "Flocculated Water (Grade 3)",
        "amount": 900
      }
    ],
    "outputChances": [
      1000,
      500,
      100
    ]
  }
]