[
  {
    "machine": "gt.recipe.smallnaquadahreactor",
    "recipeType": "gt_machine",
    "specialValue": 50000,
    "itemInputs": [
      {
        "id": "gregtech:gt.metaitem.01:26326",
        "displayName": "Enriched Naquadah Bolt",
        "amount": 1
      }
    ],
    "fluidInputs": [],
    "itemOutputs": [
      {
        "id": "gregtech:gt.metaitem.01:26324",
        "displayName": "Naquadah Bolt",
        "amount": 1
      }
    ],
    "fluidOutputs": []
  },
  {
    "machine": "gt.recipe.smallnaquadahreactor",
    "recipeType": "gt_machine",
    "specialValue": 12500,
    "itemInputs": [
      {
        "id": "bartworks:gt.bwMetaGeneratedbolt:89",
        "displayName": "Tiberium Bolt",
        "amount": 1
      }
    ],
    "fluidInputs": [],
    "itemOutputs": [],
    "fluidOutputs": []
  }
]