[
  {
    "machine": "gt.recipe.slicer",
    "recipeType": "gt_machine",
    "euPerTick": 491520,
    "duration": 20,
    "itemInputs": [
      {
        "id": "gregtech:gt.metaitem.02:32230",
        "displayName": "Breads",
        "amount": 1
      },
      {
        "id": "gregtech:gt.metaitem.01:32398",
        "displayName": "Slicer Blade (Flat)",
        "amount": 0
      }
    ],
    "fluidInputs": [],
    "itemOutputs": [
      {
        "id": "dreamcraft:itemQuantumToast:0",
        "displayName": "item.QuantumBread.name",
        "amount": 1
      }
    ],
    "fluidOutputs": []
  },
  {
    "machine": "gt.recipe.slicer",
    "recipeType": "gt_machine",
    "euPerTick": 4,
    "duration": 128,
    "itemInputs": [
      {
        "id": "gregtech:gt.metaitem.02:32213",
        "displayName": "Chocolate Dough",
        "amount": 1
      },
      {
        "id": "gregtech:gt.metaitem.01:32398",
        "displayName": "Slicer Blade (Flat)",
        "amount": 0
      }
    ],
    "fluidInputs": [],
    "itemOutputs": [
      {
        "id": "gregtech:gt.metaitem.02:32214",
        "displayName": "Cookie shaped Dough",
        "amount": 4
      }
    ],
    "fluidOutputs": []
  },
  {
    "machine": "gt.recipe.slicer",
    "recipeType": "gt_machine",
    "euPerTick": 4,
    "duration": 128,
    "itemInputs": [
      {
        "id": "gregtech:gt.metaitem.02:32564",
        "displayName": "Bun",
        "amount": 1
      },
      {
        "id": "gregtech:gt.metaitem.01:32398",
        "displayName": "Slicer Blade (Flat)",
        "amount": 0
      }
    ],
    "fluidInputs": [],
    "itemOutputs": [
      {
        "id": "gregtech:gt.metaitem.02:32567",
        "displayName": "Sliced Bun",
        "amount": 2
      }
    ],
    "fluidOutputs": []
  },
  {
    "machine": "gt.recipe.slicer",
    "recipeType": "gt_machine",
    "euPerTick": 4,
    "duration": 128,
    "itemInputs": [
      {
        "id": "minecraft:bread:0",
        "displayName": "Bread",
        "amount": 1
      },
      {
        "id": "gregtech:gt.metaitem.01:32398",
        "displayName": "Slicer Blade (Flat)",
        "amount": 0
      }
    ],
    "fluidInputs": [],
    "itemOutputs": [
      {
        "id": "gregtech:gt.metaitem.02:32566",
        "displayName": "Sliced Bread",
        "amount": 2
      }
    ],
    "fluidOutputs": []
  },
  {
    "machine": "gt.recipe.slicer",
    "recipeType": "gt_machine",
    "euPerTick": 4,
    "duration": 128,
    "itemInputs": [
      {
        "id": "gregtech:gt.metaitem.02:32565",
        "displayName": "Baguette",
        "amount": 1
      },
      {
        "id": "gregtech:gt.metaitem.01:32398",
        "displayName": "Slicer Blade (Flat)",
        "amount": 0
      }
    ],
    "fluidInputs": [],
    "itemOutputs": [
      {
        "id": "gregtech:gt.metaitem.02:32568",
        "displayName": "Sliced Baguette",
        "amount": 2
      }
    ],
    "fluidOutputs": []
  },
  {
    "machine": "gt.recipe.slicer",
    "recipeType": "gt_machine",
    "euPerTick": 4,
    "duration": 64,
    "itemInputs": [
      {
        "id": "gregtech:gt.metaitem.02:32556",
        "displayName": "Cucumber",
        "amount": 1
      },
      {
        "id": "gregtech:gt.metaitem.01:32398",
        "displayName": "Slicer Blade (Flat)",
        "amount": 0
      }
    ],
    "fluidInputs": [],
    "itemOutputs": [
      {
        "id": "gregtech:gt.metaitem.02:32574",
        "displayName": "Cucumber Slice",
        "amount": 4
      }
    ],
    "fluidOutputs": []
  },
  {
    "machine": "gt.recipe.slicer",
    "recipeType": "gt_machine",
    "euPerTick": 4,
    "duration": 64,
    "itemInputs": [
      {
        "id": "harvestcraft:cheeseItem:0",
        "displayName": "Cheese",
        "amount": 1
      },
      {
        "id": "gregtech:gt.metaitem.01:32398",
        "displayName": "Slicer Blade (Flat)",
        "amount": 0
      }
    ],
    "fluidInputs": [],
    "itemOutputs": [
      {
        "id": "gregtech:gt.metaitem.02:32576",
        "displayName": "Cheese Slice",
        "amount": 4
      }
    ],
    "fluidOutputs": []
  },
  {
    "machine": "gt.recipe.slicer",
    "recipeType": "gt_machine",
    "euPerTick": 4,
    "duration": 64,
    "itemInputs": [
      {
        "id": "harvestcraft:cucumberItem:0",
        "displayName": "Cucumber",
        "amount": 1
      },
      {
        "id": "gregtech:gt.metaitem.01:32398",
        "displayName": "Slicer Blade (Flat)",
        "amount": 0
      }
    ],
    "fluidInputs": [],
    "itemOutputs": [
      {
        "id": "gregtech:gt.metaitem.02:32574",
        "displayName": "Cucumber Slice",
        "amount": 4
      }
    ],
    "fluidOutputs": []
  },
  {
    "machine": "gt.recipe.slicer",
    "recipeType": "gt_machine",
    "euPerTick": 4,
    "duration": 64,
    "itemInputs": [
      {
        "id": "gregtech:gt.metaitem.02:32552",
        "displayName": "Tomato",
        "amount": 1
      },
      {
        "id": "gregtech:gt.metaitem.01:32398",
        "displayName": "Slicer Blade (Flat)",
        "amount": 0
      }
    ],
    "fluidInputs": [],
    "itemOutputs": [
      {
        "id": "gregtech:gt.metaitem.02:32572",
        "displayName": "Tomato Slice",
        "amount": 4
      }
    ],
    "fluidOutputs": []
  },
  {
    "machine": "gt.recipe.slicer",
    "recipeType": "gt_machine",
    "euPerTick": 4,
    "duration": 64,
    "itemInputs": [
      {
        "id": "Forestry:fruits:3",
        "displayName": "Lemon",
        "amount": 1
      },
      {
        "id": "gregtech:gt.metaitem.01:32398",
        "displayName": "Slicer Blade (Flat)",
        "amount": 0
      }
    ],
    "fluidInputs": [],
    "itemOutputs": [
      {
        "id": "gregtech:gt.metaitem.02:32571",
        "displayName": "Lemon Slice",
        "amount": 4
      }
    ],
    "fluidOutputs": []
  },
  {
    "machine": "gt.recipe.slicer",
    "recipeType": "gt_machine",
    "euPerTick": 4,
    "duration": 64,
    "itemInputs": [
      {
        "id": "minecraft:potato:0",
        "displayName": "Potato",
        "amount": 1
      },
      {
        "id": "gregtech:gt.metaitem.01:32398",
        "displayName": "Slicer Blade (Flat)",
        "amount": 0
      }
    ],
    "fluidInputs": [],
    "itemOutputs": [
      {
        "id": "gregtech:gt.metaitem.02:32205",
        "displayName": "Potato Chips (Raw)",
        "amount": 1
      }
    ],
    "fluidOutputs": []
  },
  {
    "machine": "gt.recipe.slicer",
    "recipeType": "gt_machine",
    "euPerTick": 4,
    "duration": 64,
    "itemInputs": [
      {
        "id": "minecraft:potato:0",
        "displayName": "Potato",
        "amount": 1
      },
      {
        "id": "gregtech:gt.metaitem.01:32399",
        "displayName": "Slicer Blade (Stripes)",
        "amount": 0
      }
    ],
    "fluidInputs": [],
    "itemOutputs": [
      {
        "id": "gregtech:gt.metaitem.02:32202",
        "displayName": "Potato Strips",
        "amount": 1
      }
    ],
    "fluidOutputs": []
  },
  {
    "machine": "gt.recipe.slicer",
    "recipeType": "gt_machine",
    "euPerTick": 4,
    "duration": 64,
    "itemInputs": [
      {
        "id": "gregtech:gt.metaitem.02:32551",
        "displayName": "Lemon",
        "amount": 1
      },
      {
        "id": "gregtech:gt.metaitem.01:32398",
        "displayName": "Slicer Blade (Flat)",
        "amount": 0
      }
    ],
    "fluidInputs": [],
    "itemOutputs": [
      {
        "id": "gregtech:gt.metaitem.02:32571",
        "displayName": "Lemon Slice",
        "amount": 4
      }
    ],
    "fluidOutputs": []
  },
  {
    "machine": "gt.recipe.slicer",
    "recipeType": "gt_machine",
    "euPerTick": 4,
    "duration": 64,
    "itemInputs": [
      {
        "id": "gregtech:gt.metaitem.02:32558",
        "displayName": "Cheese",
        "amount": 1
      },
      {
        "id": "gregtech:gt.metaitem.01:32398",
        "displayName": "Slicer Blade (Flat)",
        "amount": 0
      }
    ],
    "fluidInputs": [],
    "itemOutputs": [
      {
        "id": "gregtech:gt.metaitem.02:32576",
        "displayName": "Cheese Slice",
        "amount": 4
      }
    ],
    "fluidOutputs": []
  },
  {
    "machine": "gt.recipe.slicer",
    "recipeType": "gt_machine",
    "euPerTick": 4,
    "duration": 64,
    "itemInputs": [
      {
        "id": "harvestcraft:tomatoItem:0",
        "displayName": "Tomato",
        "amount": 1
      },
      {
        "id": "gregtech:gt.metaitem.01:32398",
        "displayName": "Slicer Blade (Flat)",
        "amount": 0
      }
    ],
    "fluidInputs": [],
    "itemOutputs": [
      {
        "id": "gregtech:gt.metaitem.02:32572",
        "displayName": "Tomato Slice",
        "amount": 4
      }
    ],
    "fluidOutputs": []
  },
  {
    "machine": "gt.recipe.slicer",
    "recipeType": "gt_machine",
    "euPerTick": 4,
    "duration": 64,
    "itemInputs": [
      {
        "id": "gregtech:gt.metaitem.02:32553",
        "displayName": "Max Tomato",
        "amount": 1
      },
      {
        "id": "gregtech:gt.metaitem.01:32398",
        "displayName": "Slicer Blade (Flat)",
        "amount": 0
      }
    ],
    "fluidInputs": [],
    "itemOutputs": [
      {
        "id": "gregtech:gt.metaitem.02:32572",
        "displayName": "Tomato Slice",
        "amount": 4
      }
    ],
    "fluidOutputs": []
  },
  {
    "machine": "gt.recipe.slicer",
    "recipeType": "gt_machine",
    "euPerTick": 4,
    "duration": 64,
    "itemInputs": [
      {
        "id": "harvestcraft:lemonItem:0",
        "displayName": "Lemon",
        "amount": 1
      },
      {
        "id": "gregtech:gt.metaitem.01:32398",
        "displayName": "Slicer Blade (Flat)",
        "amount": 0
      }
    ],
    "fluidInputs": [],
    "itemOutputs": [
      {
        "id": "gregtech:gt.metaitem.02:32571",
        "displayName": "Lemon Slice",
        "amount": 4
      }
    ],
    "fluidOutputs": []
  },
  {
    "machine": "gt.recipe.slicer",
    "recipeType": "gt_machine",
    "euPerTick": 4,
    "duration": 64,
    "itemInputs": [
      {
        "id": "harvestcraft:onionItem:0",
        "displayName": "Onion",
        "amount": 1
      },
      {
        "id": "gregtech:gt.metaitem.01:32398",
        "displayName": "Slicer Blade (Flat)",
        "amount": 0
      }
    ],
    "fluidInputs": [],
    "itemOutputs": [
      {
        "id": "gregtech:gt.metaitem.02:32573",
        "displayName": "Onion Slice",
        "amount": 4
      }
    ],
    "fluidOutputs": []
  },
  {
    "machine": "gt.recipe.slicer",
    "recipeType": "gt_machine",
    "euPerTick": 4,
    "duration": 64,
    "itemInputs": [
      {
        "id": "gregtech:gt.metaitem.02:32555",
        "displayName": "Onion",
        "amount": 1
      },
      {
        "id": "gregtech:gt.metaitem.01:32398",
        "displayName": "Slicer Blade (Flat)",
        "amount": 0
      }
    ],
    "fluidInputs": [],
    "itemOutputs": [
      {
        "id": "gregtech:gt.metaitem.02:32573",
        "displayName": "Onion Slice",
        "amount": 4
      }
    ],
    "fluidOutputs": []
  },
  {
    "machine": "gt.recipe.slicer",
    "recipeType": "gt_machine",
    "euPerTick": 8,
    "duration": 100,
    "itemInputs": [
      {
        "id": "minecraft:melon_block:0",
        "displayName": "Melon",
        "amount": 1
      },
      {
        "id": "gregtech:gt.metaitem.01:32398",
        "displayName": "Slicer Blade (Flat)",
        "amount": 0
      }
    ],
    "fluidInputs": [],
    "itemOutputs": [
      {
        "id": "minecraft:melon:0",
        "displayName": "Melon",
        "amount": 8
      }
    ],
    "fluidOutputs": []
  },
  {
    "machine": "gt.recipe.slicer",
    "recipeType": "gt_machine",
    "euPerTick": 16,
    "duration": 300,
    "specialValue": -200,
    "itemInputs": [
      {
        "id": "IC2:itemPartCircuit:0",
        "displayName": "Electronic Circuit",
        "amount": 1
      },
      {
        "id": "gregtech:gt.metaitem.01:32398",
        "displayName": "Slicer Blade (Flat)",
        "amount": 0
      }
    ],
    "fluidInputs": [],
    "itemOutputs": [
      {
        "id": "bartworks:gt.bwMetaGeneratedItem0:1",
        "displayName": "Sliced Circuit",
        "amount": 1,
        "nbt": "{id:4123s,Count:1b,Damage:0s}"
      }
    ],
    "fluidOutputs": [],
    "outputChances": [
      10000
    ]
  },
  {
    "machine": "gt.recipe.slicer",
    "recipeType": "gt_machine",
    "euPerTick": 1,
    "duration": 300,
    "specialValue": -200,
    "itemInputs": [
      {
        "id": "dreamcraft:item.HighEnergyFlowCircuit:0",
        "displayName": "High Energy Flow Circuit",
        "amount": 1
      },
      {
        "id": "gregtech:gt.metaitem.01:32398",
        "displayName": "Slicer Blade (Flat)",
        "amount": 0
      }
    ],
    "fluidInputs": [],
    "itemOutputs": [
      {
        "id": "bartworks:gt.bwMetaGeneratedItem0:1",
        "displayName": "Sliced Circuit",
        "amount": 1,
        "nbt": "{id:6119s,Count:1b,Damage:0s}"
      }
    ],
    "fluidOutputs": [],
    "outputChances": [
      10000
    ]
  },
  {
    "machine": "gt.recipe.slicer",
    "recipeType": "gt_machine",
    "euPerTick": 96,
    "duration": 300,
    "specialValue": -200,
    "itemInputs": [
      {
        "id": "gregtech:gt.metaitem.01:32703",
        "displayName": "Processor Assembly",
        "amount": 1
      },
      {
        "id": "gregtech:gt.metaitem.01:32398",
        "displayName": "Slicer Blade (Flat)",
        "amount": 0
      }
    ],
    "fluidInputs": [],
    "itemOutputs": [
      {
        "id": "bartworks:gt.bwMetaGeneratedItem0:1",
        "displayName": "Sliced Circuit",
        "amount": 1,
        "nbt": "{id:7437s,Count:1b,Damage:32703s}"
      }
    ],
    "fluidOutputs": [],
    "outputChances": [
      10000
    ]
  },
  {
    "machine": "gt.recipe.slicer",
    "recipeType": "gt_machine",
    "euPerTick": 153600,
    "duration": 300,
    "specialValue": -200,
    "itemInputs": [
      {
        "id": "gregtech:gt.metaitem.03:32098",
        "displayName": "Biowareprocessor Assembly",
        "amount": 1
      },
      {
        "id": "gregtech:gt.metaitem.01:32398",
        "displayName": "Slicer Blade (Flat)",
        "amount": 0
      }
    ],
    "fluidInputs": [],
    "itemOutputs": [
      {
        "id": "bartworks:gt.bwMetaGeneratedItem0:1",
        "displayName": "Sliced Circuit",
        "amount": 1,
        "nbt": "{id:7439s,Count:1b,Damage:32098s}"
      }
    ],
    "fluidOutputs": [],
    "outputChances": [
      10000
    ]
  },
  {
    "machine": "gt.recipe.slicer",
    "recipeType": "gt_machine",
    "euPerTick": 30,
    "duration": 300,
    "specialValue": -200,
    "itemInputs": [
      {
        "id": "gregtech:gt.metaitem.01:32702",
        "displayName": "Good Electronic Circuit",
        "amount": 1
      },
      {
        "id": "gregtech:gt.metaitem.01:32398",
        "displayName": "Slicer Blade (Flat)",
        "amount": 0
      }
    ],
    "fluidInputs": [],
    "itemOutputs": [
      {
        "id": "bartworks:gt.bwMetaGeneratedItem0:1",
        "displayName": "Sliced Circuit",
        "amount": 1,
        "nbt": "{id:7437s,Count:1b,Damage:32702s}"
      }
    ],
    "fluidOutputs": [],
    "outputChances": [
      10000
    ]
  },
  {
    "machine": "gt.recipe.slicer",
    "recipeType": "gt_machine",
    "euPerTick": 122880,
    "duration": 300,
    "specialValue": -200,
    "itemInputs": [
      {
        "id": "gregtech:gt.metaitem.03:32097",
        "displayName": "Bioprocessor",
        "amount": 1
      },
      {
        "id": "gregtech:gt.metaitem.01:32398",
        "displayName": "Slicer Blade (Flat)",
        "amount": 0
      }
    ],
    "fluidInputs": [],
    "itemOutputs": [
      {
        "id": "bartworks:gt.bwMetaGeneratedItem0:1",
        "displayName": "Sliced Circuit",
        "amount": 1,
        "nbt": "{id:7439s,Count:1b,Damage:32097s}"
      }
    ],
    "fluidOutputs": [],
    "outputChances": [
      10000
    ]
  },
  {
    "machine": "gt.recipe.slicer",
    "recipeType": "gt_machine",
    "euPerTick": 16,
    "duration": 300,
    "specialValue": -200,
    "itemInputs": [
      {
        "id": "gregtech:gt.metaitem.01:32701",
        "displayName": "Integrated Logic Circuit",
        "amount": 1
      },
      {
        "id": "gregtech:gt.metaitem.01:32398",
        "displayName": "Slicer Blade (Flat)",
        "amount": 0
      }
    ],
    "fluidInputs": [],
    "itemOutputs": [
      {
        "id": "bartworks:gt.bwMetaGeneratedItem0:1",
        "displayName": "Sliced Circuit",
        "amount": 1,
        "nbt": "{id:7437s,Count:1b,Damage:32701s}"
      }
    ],
    "fluidOutputs": [],
    "outputChances": [
      10000
    ]
  },
  {
    "machine": "gt.recipe.slicer",
    "recipeType": "gt_machine",
    "euPerTick": 9600,
    "duration": 300,
    "specialValue": -200,
    "itemInputs": [
      {
        "id": "gregtech:gt.metaitem.03:32096",
        "displayName": "Crystalprocessor Assembly",
        "amount": 1
      },
      {
        "id": "gregtech:gt.metaitem.01:32398",
        "displayName": "Slicer Blade (Flat)",
        "amount": 0
      }
    ],
    "fluidInputs": [],
    "itemOutputs": [
      {
        "id": "bartworks:gt.bwMetaGeneratedItem0:1",
        "displayName": "Sliced Circuit",
        "amount": 1,
        "nbt": "{id:7439s,Count:1b,Damage:32096s}"
      }
    ],
    "fluidOutputs": [],
    "outputChances": [
      10000
    ]
  },
  {
    "machine": "gt.recipe.slicer",
    "recipeType": "gt_machine",
    "euPerTick": 480,
    "duration": 300,
    "specialValue": -200,
    "itemInputs": [
      {
        "id": "gregtech:gt.metaitem.03:32082",
        "displayName": "Nanoprocessor",
        "amount": 1
      },
      {
        "id": "gregtech:gt.metaitem.01:32398",
        "displayName": "Slicer Blade (Flat)",
        "amount": 0
      }
    ],
    "fluidInputs": [],
    "itemOutputs": [
      {
        "id": "bartworks:gt.bwMetaGeneratedItem0:1",
        "displayName": "Sliced Circuit",
        "amount": 1,
        "nbt": "{id:7439s,Count:1b,Damage:32082s}"
      }
    ],
    "fluidOutputs": [],
    "outputChances": [
      10000
    ]
  },
  {
    "machine": "gt.recipe.slicer",
    "recipeType": "gt_machine",
    "euPerTick": 2400,
    "duration": 300,
    "specialValue": -200,
    "itemInputs": [
      {
        "id": "gregtech:gt.metaitem.03:32086",
        "displayName": "Quantumprocessor Assembly",
        "amount": 1
      },
      {
        "id": "gregtech:gt.metaitem.01:32398",
        "displayName": "Slicer Blade (Flat)",
        "amount": 0
      }
    ],
    "fluidInputs": [],
    "itemOutputs": [
      {
        "id": "bartworks:gt.bwMetaGeneratedItem0:1",
        "displayName": "Sliced Circuit",
        "amount": 1,
        "nbt": "{id:7439s,Count:1b,Damage:32086s}"
      }
    ],
    "fluidOutputs": [],
    "outputChances": [
      10000
    ]
  },
  {
    "machine": "gt.recipe.slicer",
    "recipeType": "gt_machine",
    "euPerTick": 600,
    "duration": 300,
    "specialValue": -200,
    "itemInputs": [
      {
        "id": "gregtech:gt.metaitem.03:32083",
        "displayName": "Nanoprocessor Assembly",
        "amount": 1
      },
      {
        "id": "gregtech:gt.metaitem.01:32398",
        "displayName": "Slicer Blade (Flat)",
        "amount": 0
      }
    ],
    "fluidInputs": [],
    "itemOutputs": [
      {
        "id": "bartworks:gt.bwMetaGeneratedItem0:1",
        "displayName": "Sliced Circuit",
        "amount": 1,
        "nbt": "{id:7439s,Count:1b,Damage:32083s}"
      }
    ],
    "fluidOutputs": [],
    "outputChances": [
      10000
    ]
  },
  {
    "machine": "gt.recipe.slicer",
    "recipeType": "gt_machine",
    "euPerTick": 60,
    "duration": 300,
    "specialValue": -200,
    "itemInputs": [
      {
        "id": "gregtech:gt.metaitem.03:32080",
        "displayName": "Integrated Processor",
        "amount": 1
      },
      {
        "id": "gregtech:gt.metaitem.01:32398",
        "displayName": "Slicer Blade (Flat)",
        "amount": 0
      }
    ],
    "fluidInputs": [],
    "itemOutputs": [
      {
        "id": "bartworks:gt.bwMetaGeneratedItem0:1",
        "displayName": "Sliced Circuit",
        "amount": 1,
        "nbt": "{id:7439s,Count:1b,Damage:32080s}"
      }
    ],
    "fluidOutputs": [],
    "outputChances": [
      10000
    ]
  },
  {
    "machine": "gt.recipe.slicer",
    "recipeType": "gt_machine",
    "euPerTick": 1920,
    "duration": 300,
    "specialValue": -200,
    "itemInputs": [
      {
        "id": "gregtech:gt.metaitem.03:32085",
        "displayName": "Quantumprocessor",
        "amount": 1
      },
      {
        "id": "gregtech:gt.metaitem.01:32398",
        "displayName": "Slicer Blade (Flat)",
        "amount": 0
      }
    ],
    "fluidInputs": [],
    "itemOutputs": [
      {
        "id": "bartworks:gt.bwMetaGeneratedItem0:1",
        "displayName": "Sliced Circuit",
        "amount": 1,
        "nbt": "{id:7439s,Count:1b,Damage:32085s}"
      }
    ],
    "fluidOutputs": [],
    "outputChances": [
      10000
    ]
  },
  {
    "machine": "gt.recipe.slicer",
    "recipeType": "gt_machine",
    "euPerTick": 9600,
    "duration": 300,
    "specialValue": -200,
    "itemInputs": [
      {
        "id": "gregtech:gt.metaitem.03:32090",
        "displayName": "Ultimate Crystalcomputer",
        "amount": 1
      },
      {
        "id": "gregtech:gt.metaitem.01:32398",
        "displayName": "Slicer Blade (Flat)",
        "amount": 0
      }
    ],
    "fluidInputs": [],
    "itemOutputs": [
      {
        "id": "bartworks:gt.bwMetaGeneratedItem0:1",
        "displayName": "Sliced Circuit",
        "amount": 1,
        "nbt": "{id:7439s,Count:1b,Damage:32090s}"
      }
    ],
    "fluidOutputs": [],
    "outputChances": [
      10000
    ]
  },
  {
    "machine": "gt.recipe.slicer",
    "recipeType": "gt_machine",
    "euPerTick": 491520,
    "duration": 300,
    "specialValue": -200,
    "itemInputs": [
      {
        "id": "gregtech:gt.metaitem.03:32154",
        "displayName": "Optical Processor",
        "amount": 1
      },
      {
        "id": "gregtech:gt.metaitem.01:32398",
        "displayName": "Slicer Blade (Flat)",
        "amount": 0
      }
    ],
    "fluidInputs": [],
    "itemOutputs": [
      {
        "id": "bartworks:gt.bwMetaGeneratedItem0:1",
        "displayName": "Sliced Circuit",
        "amount": 1,
        "nbt": "{id:7439s,Count:1b,Damage:32154s}"
      }
    ],
    "fluidOutputs": [],
    "outputChances": [
      10000
    ]
  },
  {
    "machine": "gt.recipe.slicer",
    "recipeType": "gt_machine",
    "euPerTick": 1,
    "duration": 300,
    "specialValue": -200,
    "itemInputs": [
      {
        "id": "Railcraft:part.circuit:0",
        "displayName": "Controller Circuit",
        "amount": 1
      },
      {
        "id": "gregtech:gt.metaitem.01:32398",
        "displayName": "Slicer Blade (Flat)",
        "amount": 0
      }
    ],
    "fluidInputs": [],
    "itemOutputs": [
      {
        "id": "bartworks:gt.bwMetaGeneratedItem0:1",
        "displayName": "Sliced Circuit",
        "amount": 1,
        "nbt": "{id:4921s,Count:1b,Damage:0s}"
      }
    ],
    "fluidOutputs": [],
    "outputChances": [
      10000
    ]
  },
  {
    "machine": "gt.recipe.slicer",
    "recipeType": "gt_machine",
    "euPerTick": 1,
    "duration": 300,
    "specialValue": -200,
    "itemInputs": [
      {
        "id": "gregtech:gt.metaitem.01:32081",
        "displayName": "NAND Chip Array",
        "amount": 1
      },
      {
        "id": "gregtech:gt.metaitem.01:32398",
        "displayName": "Slicer Blade (Flat)",
        "amount": 0
      }
    ],
    "fluidInputs": [],
    "itemOutputs": [
      {
        "id": "bartworks:gt.bwMetaGeneratedItem0:1",
        "displayName": "Sliced Circuit",
        "amount": 1,
        "nbt": "{id:7437s,Count:1b,Damage:32081s}"
      }
    ],
    "fluidOutputs": [],
    "outputChances": [
      10000
    ]
  },
  {
    "machine": "gt.recipe.slicer",
    "recipeType": "gt_machine",
    "euPerTick": 2400,
    "duration": 300,
    "specialValue": -200,
    "itemInputs": [
      {
        "id": "gregtech:gt.metaitem.03:32087",
        "displayName": "Master Quantumcomputer",
        "amount": 1
      },
      {
        "id": "gregtech:gt.metaitem.01:32398",
        "displayName": "Slicer Blade (Flat)",
        "amount": 0
      }
    ],
    "fluidInputs": [],
    "itemOutputs": [
      {
        "id": "bartworks:gt.bwMetaGeneratedItem0:1",
        "displayName": "Sliced Circuit",
        "amount": 1,
        "nbt": "{id:7439s,Count:1b,Damage:32087s}"
      }
    ],
    "fluidOutputs": [],
    "outputChances": [
      10000
    ]
  },
  {
    "machine": "gt.recipe.slicer",
    "recipeType": "gt_machine",
    "euPerTick": 600,
    "duration": 300,
    "specialValue": -200,
    "itemInputs": [
      {
        "id": "gregtech:gt.metaitem.03:32084",
        "displayName": "Elite Nanocomputer",
        "amount": 1
      },
      {
        "id": "gregtech:gt.metaitem.01:32398",
        "displayName": "Slicer Blade (Flat)",
        "amount": 0
      }
    ],
    "fluidInputs": [],
    "itemOutputs": [
      {
        "id": "bartworks:gt.bwMetaGeneratedItem0:1",
        "displayName": "Sliced Circuit",
        "amount": 1,
        "nbt": "{id:7439s,Count:1b,Damage:32084s}"
      }
    ],
    "fluidOutputs": [],
    "outputChances": [
      10000
    ]
  },
  {
    "machine": "gt.recipe.slicer",
    "recipeType": "gt_machine",
    "euPerTick": 1,
    "duration": 300,
    "specialValue": -200,
    "itemInputs": [
      {
        "id": "Railcraft:part.circuit:2",
        "displayName": "Signal Circuit",
        "amount": 1
      },
      {
        "id": "gregtech:gt.metaitem.01:32398",
        "displayName": "Slicer Blade (Flat)",
        "amount": 0
      }
    ],
    "fluidInputs": [],
    "itemOutputs": [
      {
        "id": "bartworks:gt.bwMetaGeneratedItem0:1",
        "displayName": "Sliced Circuit",
        "amount": 1,
        "nbt": "{id:4921s,Count:1b,Damage:2s}"
      }
    ],
    "fluidOutputs": [],
    "outputChances": [
      10000
    ]
  },
  {
    "machine": "gt.recipe.slicer",
    "recipeType": "gt_machine",
    "euPerTick": 7680,
    "duration": 300,
    "specialValue": -200,
    "itemInputs": [
      {
        "id": "gregtech:gt.metaitem.03:32089",
        "displayName": "Crystalprocessor",
        "amount": 1
      },
      {
        "id": "gregtech:gt.metaitem.01:32398",
        "displayName": "Slicer Blade (Flat)",
        "amount": 0
      }
    ],
    "fluidInputs": [],
    "itemOutputs": [
      {
        "id": "bartworks:gt.bwMetaGeneratedItem0:1",
        "displayName": "Sliced Circuit",
        "amount": 1,
        "nbt": "{id:7439s,Count:1b,Damage:32089s}"
      }
    ],
    "fluidOutputs": [],
    "outputChances": [
      10000
    ]
  },
  {
    "machine": "gt.recipe.slicer",
    "recipeType": "gt_machine",
    "euPerTick": 38400,
    "duration": 300,
    "specialValue": -200,
    "itemInputs": [
      {
        "id": "gregtech:gt.metaitem.03:32094",
        "displayName": "Wetware Supercomputer",
        "amount": 1
      },
      {
        "id": "gregtech:gt.metaitem.01:32398",
        "displayName": "Slicer Blade (Flat)",
        "amount": 0
      }
    ],
    "fluidInputs": [],
    "itemOutputs": [
      {
        "id": "bartworks:gt.bwMetaGeneratedItem0:1",
        "displayName": "Sliced Circuit",
        "amount": 1,
        "nbt": "{id:7439s,Count:1b,Damage:32094s}"
      }
    ],
    "fluidOutputs": [],
    "outputChances": [
      10000
    ]
  },
  {
    "machine": "gt.recipe.slicer",
    "recipeType": "gt_machine",
    "euPerTick": 30720,
    "duration": 300,
    "specialValue": -200,
    "itemInputs": [
      {
        "id": "gregtech:gt.metaitem.03:32091",
        "displayName": "Crystalprocessor Mainframe",
        "amount": 1
      },
      {
        "id": "gregtech:gt.metaitem.01:32398",
        "displayName": "Slicer Blade (Flat)",
        "amount": 0
      }
    ],
    "fluidInputs": [],
    "itemOutputs": [
      {
        "id": "bartworks:gt.bwMetaGeneratedItem0:1",
        "displayName": "Sliced Circuit",
        "amount": 1,
        "nbt": "{id:7439s,Count:1b,Damage:32091s}"
      }
    ],
    "fluidOutputs": [],
    "outputChances": [
      10000
    ]
  },
  {
    "machine": "gt.recipe.slicer",
    "recipeType": "gt_machine",
    "euPerTick": 1,
    "duration": 300,
    "specialValue": -200,
    "itemInputs": [
      {
        "id": "Railcraft:part.circuit:1",
        "displayName": "Receiver Circuit",
        "amount": 1
      },
      {
        "id": "gregtech:gt.metaitem.01:32398",
        "displayName": "Slicer Blade (Flat)",
        "amount": 0
      }
    ],
    "fluidInputs": [],
    "itemOutputs": [
      {
        "id": "bartworks:gt.bwMetaGeneratedItem0:1",
        "displayName": "Sliced Circuit",
        "amount": 1,
        "nbt": "{id:4921s,Count:1b,Damage:1s}"
      }
    ],
    "fluidOutputs": [],
    "outputChances": [
      10000
    ]
  },
  {
    "machine": "gt.recipe.slicer",
    "recipeType": "gt_machine",
    "euPerTick": 7680,
    "duration": 300,
    "specialValue": -200,
    "itemInputs": [
      {
        "id": "gregtech:gt.metaitem.03:32088",
        "displayName": "Quantumprocessor Mainframe",
        "amount": 1
      },
      {
        "id": "gregtech:gt.metaitem.01:32398",
        "displayName": "Slicer Blade (Flat)",
        "amount": 0
      }
    ],
    "fluidInputs": [],
    "itemOutputs": [
      {
        "id": "bartworks:gt.bwMetaGeneratedItem0:1",
        "displayName": "Sliced Circuit",
        "amount": 1,
        "nbt": "{id:7439s,Count:1b,Damage:32088s}"
      }
    ],
    "fluidOutputs": [],
    "outputChances": [
      10000
    ]
  },
  {
    "machine": "gt.recipe.slicer",
    "recipeType": "gt_machine",
    "euPerTick": 38400,
    "duration": 300,
    "specialValue": -200,
    "itemInputs": [
      {
        "id": "gregtech:gt.metaitem.03:32093",
        "displayName": "Wetwareprocessor Assembly",
        "amount": 1
      },
      {
        "id": "gregtech:gt.metaitem.01:32398",
        "displayName": "Slicer Blade (Flat)",
        "amount": 0
      }
    ],
    "fluidInputs": [],
    "itemOutputs": [
      {
        "id": "bartworks:gt.bwMetaGeneratedItem0:1",
        "displayName": "Sliced Circuit",
        "amount": 1,
        "nbt": "{id:7439s,Count:1b,Damage:32093s}"
      }
    ],
    "fluidOutputs": [],
    "outputChances": [
      10000
    ]
  },
  {
    "machine": "gt.recipe.slicer",
    "recipeType": "gt_machine",
    "euPerTick": 30720,
    "duration": 300,
    "specialValue": -200,
    "itemInputs": [
      {
        "id": "gregtech:gt.metaitem.03:32092",
        "displayName": "Wetwareprocessor",
        "amount": 1
      },
      {
        "id": "gregtech:gt.metaitem.01:32398",
        "displayName": "Slicer Blade (Flat)",
        "amount": 0
      }
    ],
    "fluidInputs": [],
    "itemOutputs": [
      {
        "id": "bartworks:gt.bwMetaGeneratedItem0:1",
        "displayName": "Sliced Circuit",
        "amount": 1,
        "nbt": "{id:7439s,Count:1b,Damage:32092s}"
      }
    ],
    "fluidOutputs": [],
    "outputChances": [
      10000
    ]
  },
  {
    "machine": "gt.recipe.slicer",
    "recipeType": "gt_machine",
    "euPerTick": 120,
    "duration": 300,
    "specialValue": -200,
    "itemInputs": [
      {
        "id": "gregtech:gt.metaitem.01:32704",
        "displayName": "Workstation",
        "amount": 1
      },
      {
        "id": "gregtech:gt.metaitem.01:32398",
        "displayName": "Slicer Blade (Flat)",
        "amount": 0
      }
    ],
    "fluidInputs": [],
    "itemOutputs": [
      {
        "id": "bartworks:gt.bwMetaGeneratedItem0:1",
        "displayName": "Sliced Circuit",
        "amount": 1,
        "nbt": "{id:7437s,Count:1b,Damage:32704s}"
      }
    ],
    "fluidOutputs": [],
    "outputChances": [
      10000
    ]
  },
  {
    "machine": "gt.recipe.slicer",
    "recipeType": "gt_machine",
    "euPerTick": 1920,
    "duration": 300,
    "specialValue": -200,
    "itemInputs": [
      {
        "id": "gregtech:gt.metaitem.01:32706",
        "displayName": "Nanoprocessor Mainframe",
        "amount": 1
      },
      {
        "id": "gregtech:gt.metaitem.01:32398",
        "displayName": "Slicer Blade (Flat)",
        "amount": 0
      }
    ],
    "fluidInputs": [],
    "itemOutputs": [
      {
        "id": "bartworks:gt.bwMetaGeneratedItem0:1",
        "displayName": "Sliced Circuit",
        "amount": 1,
        "nbt": "{id:7437s,Count:1b,Damage:32706s}"
      }
    ],
    "fluidOutputs": [],
    "outputChances": [
      10000
    ]
  },
  {
    "machine": "gt.recipe.slicer",
    "recipeType": "gt_machine",
    "euPerTick": 1,
    "duration": 300,
    "specialValue": -200,
    "itemInputs": [
      {
        "id": "Forestry:chipsets:2",
        "displayName": "Refined Circuit Board",
        "amount": 1
      },
      {
        "id": "gregtech:gt.metaitem.01:32398",
        "displayName": "Slicer Blade (Flat)",
        "amount": 0
      }
    ],
    "fluidInputs": [],
    "itemOutputs": [
      {
        "id": "bartworks:gt.bwMetaGeneratedItem0:1",
        "displayName": "Sliced Circuit",
        "amount": 1,
        "nbt": "{id:5271s,Count:1b,Damage:2s}"
      }
    ],
    "fluidOutputs": [],
    "outputChances": [
      10000
    ]
  },
  {
    "machine": "gt.recipe.slicer",
    "recipeType": "gt_machine",
    "euPerTick": 480,
    "duration": 300,
    "specialValue": -200,
    "itemInputs": [
      {
        "id": "gregtech:gt.metaitem.01:32705",
        "displayName": "Mainframe",
        "amount": 1
      },
      {
        "id": "gregtech:gt.metaitem.01:32398",
        "displayName": "Slicer Blade (Flat)",
        "amount": 0
      }
    ],
    "fluidInputs": [],
    "itemOutputs": [
      {
        "id": "bartworks:gt.bwMetaGeneratedItem0:1",
        "displayName": "Sliced Circuit",
        "amount": 1,
        "nbt": "{id:7437s,Count:1b,Damage:32705s}"
      }
    ],
    "fluidOutputs": [],
    "outputChances": [
      10000
    ]
  },
  {
    "machine": "gt.recipe.slicer",
    "recipeType": "gt_machine",
    "euPerTick": 1,
    "duration": 300,
    "specialValue": -200,
    "itemInputs": [
      {
        "id": "Forestry:chipsets:1",
        "displayName": "Enhanced Circuit Board",
        "amount": 1
      },
      {
        "id": "gregtech:gt.metaitem.01:32398",
        "displayName": "Slicer Blade (Flat)",
        "amount": 0
      }
    ],
    "fluidInputs": [],
    "itemOutputs": [
      {
        "id": "bartworks:gt.bwMetaGeneratedItem0:1",
        "displayName": "Sliced Circuit",
        "amount": 1,
        "nbt": "{id:5271s,Count:1b,Damage:1s}"
      }
    ],
    "fluidOutputs": [],
    "outputChances": [
      10000
    ]
  },
  {
    "machine": "gt.recipe.slicer",
    "recipeType": "gt_machine",
    "euPerTick": 30,
    "duration": 300,
    "specialValue": -200,
    "itemInputs": [
      {
        "id": "gregtech:gt.metaitem.03:32078",
        "displayName": "Microprocessor",
        "amount": 1
      },
      {
        "id": "gregtech:gt.metaitem.01:32398",
        "displayName": "Slicer Blade (Flat)",
        "amount": 0
      }
    ],
    "fluidInputs": [],
    "itemOutputs": [
      {
        "id": "bartworks:gt.bwMetaGeneratedItem0:1",
        "displayName": "Sliced Circuit",
        "amount": 1,
        "nbt": "{id:7439s,Count:1b,Damage:32078s}"
      }
    ],
    "fluidOutputs": [],
    "outputChances": [
      10000
    ]
  },
  {
    "machine": "gt.recipe.slicer",
    "recipeType": "gt_machine",
    "euPerTick": 1,
    "duration": 300,
    "specialValue": -200,
    "itemInputs": [
      {
        "id": "Forestry:chipsets:3",
        "displayName": "Intricate Circuit Board",
        "amount": 1
      },
      {
        "id": "gregtech:gt.metaitem.01:32398",
        "displayName": "Slicer Blade (Flat)",
        "amount": 0
      }
    ],
    "fluidInputs": [],
    "itemOutputs": [
      {
        "id": "bartworks:gt.bwMetaGeneratedItem0:1",
        "displayName": "Sliced Circuit",
        "amount": 1,
        "nbt": "{id:5271s,Count:1b,Damage:3s}"
      }
    ],
    "fluidOutputs": [],
    "outputChances": [
      10000
    ]
  },
  {
    "machine": "gt.recipe.slicer",
    "recipeType": "gt_machine",
    "euPerTick": 1,
    "duration": 300,
    "specialValue": -200,
    "itemInputs": [
      {
        "id": "Forestry:chipsets:0",
        "displayName": "Basic Circuit Board",
        "amount": 1
      },
      {
        "id": "gregtech:gt.metaitem.01:32398",
        "displayName": "Slicer Blade (Flat)",
        "amount": 0
      }
    ],
    "fluidInputs": [],
    "itemOutputs": [
      {
        "id": "bartworks:gt.bwMetaGeneratedItem0:1",
        "displayName": "Sliced Circuit",
        "amount": 1,
        "nbt": "{id:5271s,Count:1b,Damage:0s}"
      }
    ],
    "fluidOutputs": [],
    "outputChances": [
      10000
    ]
  },
  {
    "machine": "gt.recipe.slicer",
    "recipeType": "gt_machine",
    "euPerTick": 24,
    "duration": 300,
    "specialValue": -200,
    "itemInputs": [
      {
        "id": "gregtech:gt.metaitem.03:32079",
        "displayName": "Good Integrated Circuit",
        "amount": 1
      },
      {
        "id": "gregtech:gt.metaitem.01:32398",
        "displayName": "Slicer Blade (Flat)",
        "amount": 0
      }
    ],
    "fluidInputs": [],
    "itemOutputs": [
      {
        "id": "bartworks:gt.bwMetaGeneratedItem0:1",
        "displayName": "Sliced Circuit",
        "amount": 1,
        "nbt": "{id:7439s,Count:1b,Damage:32079s}"
      }
    ],
    "fluidOutputs": [],
    "outputChances": [
      10000
    ]
  },
  {
    "machine": "gt.recipe.slicer",
    "recipeType": "gt_machine",
    "euPerTick": 30,
    "duration": 300,
    "specialValue": -200,
    "itemInputs": [
      {
        "id": "IC2:itemPartCircuitAdv:0",
        "displayName": "Advanced Circuit",
        "amount": 1
      },
      {
        "id": "gregtech:gt.metaitem.01:32398",
        "displayName": "Slicer Blade (Flat)",
        "amount": 0
      }
    ],
    "fluidInputs": [],
    "itemOutputs": [
      {
        "id": "bartworks:gt.bwMetaGeneratedItem0:1",
        "displayName": "Sliced Circuit",
        "amount": 1,
        "nbt": "{id:4124s,Count:1b,Damage:0s}"
      }
    ],
    "fluidOutputs": [],
    "outputChances": [
      10000
    ]
  }
]