[
  {
    "machine": "gt.recipe.magicfuels",
    "recipeType": "gt_machine",
    "specialValue": 32,
    "itemInputs": [
      {
        "id": "TwilightForest:tile.TFRoots:1",
        "displayName": "Liveroots",
        "amount": 1
      }
    ],
    "fluidInputs": [],
    "itemOutputs": [
      {
        "id": "minecraft:stick:0",
        "displayName": "Stick",
        "amount": 4
      }
    ],
    "fluidOutputs": []
  },
  {
    "machine": "gt.recipe.magicfuels",
    "recipeType": "gt_machine",
    "specialValue": 2048,
    "itemInputs": [
      {
        "id": "TwilightForest:item.fieryBlood:0",
        "displayName": "Fiery Blood",
        "amount": 1
      }
    ],
    "fluidInputs": [],
    "itemOutputs": [],
    "fluidOutputs": []
  },
  {
    "machine": "gt.recipe.magicfuels",
    "recipeType": "gt_machine",
    "specialValue": 2048,
    "itemInputs": [
      {
        "id": "TwilightForest:item.fieryTears:0",
        "displayName": "Fiery Tears",
        "amount": 1
      }
    ],
    "fluidInputs": [],
    "itemOutputs": [],
    "fluidOutputs": []
  },
  {
    "machine": "gt.recipe.magicfuels",
    "recipeType": "gt_machine",
    "specialValue": 400,
    "itemInputs": [
      {
        "id": "AWWayofTime:reinforcedSlate:0",
        "displayName": "Reinforced Slate",
        "amount": 1
      }
    ],
    "fluidInputs": [],
    "itemOutputs": [
      {
        "id": "AWWayofTime:blankSlate:0",
        "displayName": "Blank Slate",
        "amount": 1
      }
    ],
    "fluidOutputs": []
  },
  {
    "machine": "gt.recipe.magicfuels",
    "recipeType": "gt_machine",
    "specialValue": 1000,
    "itemInputs": [
      {
        "id": "AWWayofTime:imbuedSlate:0",
        "displayName": "Imbued Slate",
        "amount": 1
      }
    ],
    "fluidInputs": [],
    "itemOutputs": [
      {
        "id": "AWWayofTime:reinforcedSlate:0",
        "displayName": "Reinforced Slate",
        "amount": 1
      }
    ],
    "fluidOutputs": []
  },
  {
    "machine": "gt.recipe.magicfuels",
    "recipeType": "gt_machine",
    "specialValue": 8000,
    "itemInputs": [
      {
        "id": "AWWayofTime:demonicSlate:0",
        "displayName": "Demonic Slate",
        "amount": 1
      }
    ],
    "fluidInputs": [],
    "itemOutputs": [
      {
        "id": "AWWayofTime:imbuedSlate:0",
        "displayName": "Imbued Slate",
        "amount": 1
      }
    ],
    "fluidOutputs": []
  },
  {
    "machine": "gt.recipe.magicfuels",
    "recipeType": "gt_machine",
    "specialValue": 20000,
    "itemInputs": [
      {
        "id": "AWWayofTime:bloodMagicBaseItems:27",
        "displayName": "Ethereal Slate",
        "amount": 1
      }
    ],
    "fluidInputs": [],
    "itemOutputs": [
      {
        "id": "AWWayofTime:demonicSlate:0",
        "displayName": "Demonic Slate",
        "amount": 1
      }
    ],
    "fluidOutputs": []
  },
  {
    "machine": "gt.recipe.magicfuels",
    "recipeType": "gt_machine",
    "specialValue": 4,
    "itemInputs": [
      {
        "id": "Thaumcraft:ItemResource:4",
        "displayName": "Magic Tallow",
        "amount": 1
      }
    ],
    "fluidInputs": [],
    "itemOutputs": [],
    "fluidOutputs": []
  },
  {
    "machine": "gt.recipe.magicfuels",
    "recipeType": "gt_machine",
    "specialValue": 10,
    "itemInputs": [
      {
        "id": "minecraft:experience_bottle:0",
        "displayName": "Bottle o' Enchanting",
        "amount": 1
      }
    ],
    "fluidInputs": [],
    "itemOutputs": [],
    "fluidOutputs": []
  },
  {
    "machine": "gt.recipe.magicfuels",
    "recipeType": "gt_machine",
    "specialValue": 50,
    "itemInputs": [
      {
        "id": "minecraft:ghast_tear:0",
        "displayName": "Ghast Tear",
        "amount": 1
      }
    ],
    "fluidInputs": [],
    "itemOutputs": [],
    "fluidOutputs": []
  },
  {
    "machine": "gt.recipe.magicfuels",
    "recipeType": "gt_machine",
    "specialValue": 100000,
    "itemInputs": [
      {
        "id": "minecraft:beacon:0",
        "displayName": "Beacon",
        "amount": 1
      }
    ],
    "fluidInputs": [],
    "itemOutputs": [],
    "fluidOutputs": []
  },
  {
    "machine": "gt.recipe.magicfuels",
    "recipeType": "gt_machine",
    "specialValue": 6400,
    "itemInputs": [
      {
        "id": "minecraft:golden_apple:1",
        "displayName": "Golden Apple",
        "amount": 1
      }
    ],
    "fluidInputs": [],
    "itemOutputs": [
      {
        "id": "minecraft:apple:0",
        "displayName": "Apple",
        "amount": 1
      }
    ],
    "fluidOutputs": []
  },
  {
    "machine": "gt.recipe.magicfuels",
    "recipeType": "gt_machine",
    "specialValue": 720,
    "itemInputs": [
      {
        "id": "Thaumcraft:ItemShard:6",
        "displayName": "Balanced Shard",
        "amount": 1
      }
    ],
    "fluidInputs": [],
    "itemOutputs": [],
    "fluidOutputs": []
  },
  {
    "machine": "gt.recipe.magicfuels",
    "recipeType": "gt_machine",
    "specialValue": 720,
    "itemInputs": [
      {
        "id": "ForbiddenMagic:GluttonyShard:0",
        "displayName": "Gluttony Shard",
        "amount": 1
      }
    ],
    "fluidInputs": [],
    "itemOutputs": [],
    "fluidOutputs": []
  },
  {
    "machine": "gt.recipe.magicfuels",
    "recipeType": "gt_machine",
    "specialValue": 720,
    "itemInputs": [
      {
        "id": "ForbiddenMagic:FMResource:3",
        "displayName": "Tainted Blood Shard",
        "amount": 1
      }
    ],
    "fluidInputs": [],
    "itemOutputs": [],
    "fluidOutputs": []
  },
  {
    "machine": "gt.recipe.magicfuels",
    "recipeType": "gt_machine",
    "specialValue": 720,
    "itemInputs": [
      {
        "id": "ForbiddenMagic:NetherShard:0",
        "displayName": "Wrath Shard",
        "amount": 1
      }
    ],
    "fluidInputs": [],
    "itemOutputs": [],
    "fluidOutputs": []
  },
  {
    "machine": "gt.recipe.magicfuels",
    "recipeType": "gt_machine",
    "specialValue": 720,
    "itemInputs": [
      {
        "id": "ForbiddenMagic:NetherShard:1",
        "displayName": "Envy Shard",
        "amount": 1
      }
    ],
    "fluidInputs": [],
    "itemOutputs": [],
    "fluidOutputs": []
  },
  {
    "machine": "gt.recipe.magicfuels",
    "recipeType": "gt_machine",
    "specialValue": 720,
    "itemInputs": [
      {
        "id": "ForbiddenMagic:NetherShard:2",
        "displayName": "Taint Shard",
        "amount": 1
      }
    ],
    "fluidInputs": [],
    "itemOutputs": [],
    "fluidOutputs": []
  },
  {
    "machine": "gt.recipe.magicfuels",
    "recipeType": "gt_machine",
    "specialValue": 720,
    "itemInputs": [
      {
        "id": "ForbiddenMagic:NetherShard:3",
        "displayName": "Pride Shard",
        "amount": 1
      }
    ],
    "fluidInputs": [],
    "itemOutputs": [],
    "fluidOutputs": []
  },
  {
    "machine": "gt.recipe.magicfuels",
    "recipeType": "gt_machine",
    "specialValue": 720,
    "itemInputs": [
      {
        "id": "ForbiddenMagic:NetherShard:4",
        "displayName": "Lust Shard",
        "amount": 1
      }
    ],
    "fluidInputs": [],
    "itemOutputs": [],
    "fluidOutputs": []
  },
  {
    "machine": "gt.recipe.magicfuels",
    "recipeType": "gt_machine",
    "specialValue": 720,
    "itemInputs": [
      {
        "id": "ForbiddenMagic:NetherShard:5",
        "displayName": "Sloth Shard",
        "amount": 1
      }
    ],
    "fluidInputs": [],
    "itemOutputs": [],
    "fluidOutputs": []
  },
  {
    "machine": "gt.recipe.magicfuels",
    "recipeType": "gt_machine",
    "specialValue": 720,
    "itemInputs": [
      {
        "id": "ForbiddenMagic:NetherShard:6",
        "displayName": "Greed Shard",
        "amount": 1
      }
    ],
    "fluidInputs": [],
    "itemOutputs": [],
    "fluidOutputs": []
  },
  {
    "machine": "gt.recipe.magicfuels",
    "recipeType": "gt_machine",
    "specialValue": 720,
    "itemInputs": [
      {
        "id": "TaintedMagic:ItemMaterial:3",
        "displayName": "Warped Shard",
        "amount": 1
      }
    ],
    "fluidInputs": [],
    "itemOutputs": [],
    "fluidOutputs": []
  },
  {
    "machine": "gt.recipe.magicfuels",
    "recipeType": "gt_machine",
    "specialValue": 720,
    "itemInputs": [
      {
        "id": "TaintedMagic:ItemMaterial:4",
        "displayName": "Fluxed Shard",
        "amount": 1
      }
    ],
    "fluidInputs": [],
    "itemOutputs": [],
    "fluidOutputs": []
  },
  {
    "machine": "gt.recipe.magicfuels",
    "recipeType": "gt_machine",
    "specialValue": 720,
    "itemInputs": [
      {
        "id": "TaintedMagic:ItemMaterial:5",
        "displayName": "Shard of Creation",
        "amount": 1
      }
    ],
    "fluidInputs": [],
    "itemOutputs": [],
    "fluidOutputs": []
  },
  {
    "machine": "gt.recipe.magicfuels",
    "recipeType": "gt_machine",
    "specialValue": 720,
    "itemInputs": [
      {
        "id": "ThaumicTinkerer:kamiResource:6",
        "displayName": "Nether Shard",
        "amount": 1
      }
    ],
    "fluidInputs": [],
    "itemOutputs": [],
    "fluidOutputs": []
  },
  {
    "machine": "gt.recipe.magicfuels",
    "recipeType": "gt_machine",
    "specialValue": 720,
    "itemInputs": [
      {
        "id": "ThaumicTinkerer:kamiResource:7",
        "displayName": "Ender Shard",
        "amount": 1
      }
    ],
    "fluidInputs": [],
    "itemOutputs": [],
    "fluidOutputs": []
  },
  {
    "machine": "gt.recipe.magicfuels",
    "recipeType": "gt_machine",
    "specialValue": 320,
    "itemInputs": [
      {
        "id": "Thaumcraft:ItemShard:3",
        "displayName": "Earth Shard",
        "amount": 1
      }
    ],
    "fluidInputs": [],
    "itemOutputs": [],
    "fluidOutputs": []
  },
  {
    "machine": "gt.recipe.magicfuels",
    "recipeType": "gt_machine",
    "specialValue": 1500,
    "itemInputs": [
      {
        "id": "gregtech:gt.metaitem.01:17970",
        "displayName": "Void Plate",
        "amount": 1
      }
    ],
    "fluidInputs": [],
    "itemOutputs": [],
    "fluidOutputs": []
  },
  {
    "machine": "gt.recipe.magicfuels",
    "recipeType": "gt_machine",
    "specialValue": 1500,
    "itemInputs": [
      {
        "id": "gregtech:gt.metaitem.01:2970",
        "displayName": "Void Dust",
        "amount": 1
      }
    ],
    "fluidInputs": [],
    "itemOutputs": [],
    "fluidOutputs": []
  },
  {
    "machine": "gt.recipe.magicfuels",
    "recipeType": "gt_machine",
    "specialValue": 160,
    "itemInputs": [
      {
        "id": "gregtech:gt.metaitem.01:2543",
        "displayName": "Aqua Crystal Powder",
        "amount": 1
      }
    ],
    "fluidInputs": [],
    "itemOutputs": [],
    "fluidOutputs": []
  },
  {
    "machine": "gt.recipe.magicfuels",
    "recipeType": "gt_machine",
    "specialValue": 640,
    "itemInputs": [
      {
        "id": "Thaumcraft:ItemShard:1",
        "displayName": "Fire Shard",
        "amount": 1
      }
    ],
    "fluidInputs": [],
    "itemOutputs": [],
    "fluidOutputs": []
  },
  {
    "machine": "gt.recipe.magicfuels",
    "recipeType": "gt_machine",
    "specialValue": 320,
    "itemInputs": [
      {
        "id": "gregtech:gt.metaitem.01:2541",
        "displayName": "Ignis Crystal Powder",
        "amount": 1
      }
    ],
    "fluidInputs": [],
    "itemOutputs": [],
    "fluidOutputs": []
  },
  {
    "machine": "gt.recipe.magicfuels",
    "recipeType": "gt_machine",
    "specialValue": 24,
    "itemInputs": [
      {
        "id": "TwilightForest:item.knightMetal:0",
        "displayName": "Knightmetal Ingot",
        "amount": 1
      }
    ],
    "fluidInputs": [],
    "itemOutputs": [],
    "fluidOutputs": []
  },
  {
    "machine": "gt.recipe.magicfuels",
    "recipeType": "gt_machine",
    "specialValue": 320,
    "itemInputs": [
      {
        "id": "Thaumcraft:ItemShard:3",
        "displayName": "Earth Shard",
        "amount": 1
      }
    ],
    "fluidInputs": [],
    "itemOutputs": [],
    "fluidOutputs": []
  },
  {
    "machine": "gt.recipe.magicfuels",
    "recipeType": "gt_machine",
    "specialValue": 64,
    "itemInputs": [
      {
        "id": "Thaumcraft:ItemResource:3",
        "displayName": "Quicksilver",
        "amount": 1
      }
    ],
    "fluidInputs": [],
    "itemOutputs": [],
    "fluidOutputs": []
  },
  {
    "machine": "gt.recipe.magicfuels",
    "recipeType": "gt_machine",
    "specialValue": 320,
    "itemInputs": [
      {
        "id": "Thaumcraft:ItemShard:0",
        "displayName": "Air Shard",
        "amount": 1
      }
    ],
    "fluidInputs": [],
    "itemOutputs": [],
    "fluidOutputs": []
  },
  {
    "machine": "gt.recipe.magicfuels",
    "recipeType": "gt_machine",
    "specialValue": 320,
    "itemInputs": [
      {
        "id": "gregtech:gt.metaitem.01:2544",
        "displayName": "Perditio Crystal Powder",
        "amount": 1
      }
    ],
    "fluidInputs": [],
    "itemOutputs": [],
    "fluidOutputs": []
  },
  {
    "machine": "gt.recipe.magicfuels",
    "recipeType": "gt_machine",
    "specialValue": 5000000,
    "itemInputs": [
      {
        "id": "gregtech:gt.metaitem.01:2397",
        "displayName": "Infinity Dust",
        "amount": 1
      }
    ],
    "fluidInputs": [],
    "itemOutputs": [],
    "fluidOutputs": []
  },
  {
    "machine": "gt.recipe.magicfuels",
    "recipeType": "gt_machine",
    "specialValue": 160,
    "itemInputs": [
      {
        "id": "gregtech:gt.metaitem.01:17540",
        "displayName": "Aer Crystal Plate",
        "amount": 1
      }
    ],
    "fluidInputs": [],
    "itemOutputs": [],
    "fluidOutputs": []
  },
  {
    "machine": "gt.recipe.magicfuels",
    "recipeType": "gt_machine",
    "specialValue": 320,
    "itemInputs": [
      {
        "id": "gregtech:gt.metaitem.01:17541",
        "displayName": "Ignis Crystal Plate",
        "amount": 1
      }
    ],
    "fluidInputs": [],
    "itemOutputs": [],
    "fluidOutputs": []
  },
  {
    "machine": "gt.recipe.magicfuels",
    "recipeType": "gt_machine",
    "specialValue": 32,
    "itemInputs": [
      {
        "id": "gregtech:gt.metaitem.01:17529",
        "displayName": "Vinteum Plate",
        "amount": 1
      }
    ],
    "fluidInputs": [],
    "itemOutputs": [],
    "fluidOutputs": []
  },
  {
    "machine": "gt.recipe.magicfuels",
    "recipeType": "gt_machine",
    "specialValue": 24,
    "itemInputs": [
      {
        "id": "TwilightForest:item.steeleafIngot:0",
        "displayName": "Steeleaf",
        "amount": 1
      }
    ],
    "fluidInputs": [],
    "itemOutputs": [],
    "fluidOutputs": []
  },
  {
    "machine": "gt.recipe.magicfuels",
    "recipeType": "gt_machine",
    "specialValue": 8,
    "itemInputs": [
      {
        "id": "gregtech:gt.metaitem.01:2338",
        "displayName": "Ironwood Dust",
        "amount": 1
      }
    ],
    "fluidInputs": [],
    "itemOutputs": [],
    "fluidOutputs": []
  },
  {
    "machine": "gt.recipe.magicfuels",
    "recipeType": "gt_machine",
    "specialValue": 640,
    "itemInputs": [
      {
        "id": "Thaumcraft:ItemShard:1",
        "displayName": "Fire Shard",
        "amount": 1
      }
    ],
    "fluidInputs": [],
    "itemOutputs": [],
    "fluidOutputs": []
  },
  {
    "machine": "gt.recipe.magicfuels",
    "recipeType": "gt_machine",
    "specialValue": 20,
    "itemInputs": [
      {
        "id": "minecraft:ender_eye:0",
        "displayName": "Eye of Ender",
        "amount": 1
      }
    ],
    "fluidInputs": [],
    "itemOutputs": [],
    "fluidOutputs": []
  },
  {
    "machine": "gt.recipe.magicfuels",
    "recipeType": "gt_machine",
    "specialValue": 1500,
    "itemInputs": [
      {
        "id": "Thaumcraft:ItemResource:16",
        "displayName": "Void metal Ingot",
        "amount": 1
      }
    ],
    "fluidInputs": [],
    "itemOutputs": [],
    "fluidOutputs": []
  },
  {
    "machine": "gt.recipe.magicfuels",
    "recipeType": "gt_machine",
    "specialValue": 500000,
    "itemInputs": [
      {
        "id": "gregtech:gt.metaitem.01:11394",
        "displayName": "Infinity Catalyst Ingot",
        "amount": 1
      }
    ],
    "fluidInputs": [],
    "itemOutputs": [],
    "fluidOutputs": []
  },
  {
    "machine": "gt.recipe.magicfuels",
    "recipeType": "gt_machine",
    "specialValue": 160,
    "itemInputs": [
      {
        "id": "gregtech:gt.metaitem.01:17543",
        "displayName": "Aqua Crystal Plate",
        "amount": 1
      }
    ],
    "fluidInputs": [],
    "itemOutputs": [],
    "fluidOutputs": []
  },
  {
    "machine": "gt.recipe.magicfuels",
    "recipeType": "gt_machine",
    "specialValue": 320,
    "itemInputs": [
      {
        "id": "Thaumcraft:ItemShard:0",
        "displayName": "Air Shard",
        "amount": 1
      }
    ],
    "fluidInputs": [],
    "itemOutputs": [],
    "fluidOutputs": []
  },
  {
    "machine": "gt.recipe.magicfuels",
    "recipeType": "gt_machine",
    "specialValue": 320,
    "itemInputs": [
      {
        "id": "Thaumcraft:ItemShard:2",
        "displayName": "Water Shard",
        "amount": 1
      }
    ],
    "fluidInputs": [],
    "itemOutputs": [],
    "fluidOutputs": []
  },
  {
    "machine": "gt.recipe.magicfuels",
    "recipeType": "gt_machine",
    "specialValue": 100,
    "itemInputs": [
      {
        "id": "gregtech:gt.metaitem.01:30694",
        "displayName": "Life Cell",
        "amount": 1
      }
    ],
    "fluidInputs": [],
    "itemOutputs": [],
    "fluidOutputs": []
  },
  {
    "machine": "gt.recipe.magicfuels",
    "recipeType": "gt_machine",
    "specialValue": 6,
    "itemInputs": [
      {
        "id": "Thaumcraft:ItemResource:6",
        "displayName": "Amber",
        "amount": 1
      }
    ],
    "fluidInputs": [],
    "itemOutputs": [],
    "fluidOutputs": []
  },
  {
    "machine": "gt.recipe.magicfuels",
    "recipeType": "gt_machine",
    "specialValue": 8,
    "itemInputs": [
      {
        "id": "TwilightForest:item.ironwoodIngot:0",
        "displayName": "Ironwood Ingot",
        "amount": 1
      }
    ],
    "fluidInputs": [],
    "itemOutputs": [],
    "fluidOutputs": []
  },
  {
    "machine": "gt.recipe.magicfuels",
    "recipeType": "gt_machine",
    "specialValue": 160,
    "itemInputs": [
      {
        "id": "gregtech:gt.metaitem.01:2540",
        "displayName": "Aer Crystal Powder",
        "amount": 1
      }
    ],
    "fluidInputs": [],
    "itemOutputs": [],
    "fluidOutputs": []
  },
  {
    "machine": "gt.recipe.magicfuels",
    "recipeType": "gt_machine",
    "specialValue": 2048,
    "itemInputs": [
      {
        "id": "gregtech:gt.metaitem.01:2346",
        "displayName": "Fiery Steel Dust",
        "amount": 1
      }
    ],
    "fluidInputs": [],
    "itemOutputs": [],
    "fluidOutputs": []
  },
  {
    "machine": "gt.recipe.magicfuels",
    "recipeType": "gt_machine",
    "specialValue": 5000000,
    "itemInputs": [
      {
        "id": "Avaritia:Resource:6",
        "displayName": "Infinity Ingot",
        "amount": 1
      }
    ],
    "fluidInputs": [],
    "itemOutputs": [],
    "fluidOutputs": []
  },
  {
    "machine": "gt.recipe.magicfuels",
    "recipeType": "gt_machine",
    "specialValue": 10,
    "itemInputs": [
      {
        "id": "gregtech:gt.metaitem.01:2533",
        "displayName": "Endereye Dust",
        "amount": 1
      }
    ],
    "fluidInputs": [],
    "itemOutputs": [],
    "fluidOutputs": []
  },
  {
    "machine": "gt.recipe.magicfuels",
    "recipeType": "gt_machine",
    "specialValue": 8,
    "itemInputs": [
      {
        "id": "gregtech:gt.metaitem.01:17338",
        "displayName": "Ironwood Plate",
        "amount": 1
      }
    ],
    "fluidInputs": [],
    "itemOutputs": [],
    "fluidOutputs": []
  },
  {
    "machine": "gt.recipe.magicfuels",
    "recipeType": "gt_machine",
    "specialValue": 6,
    "itemInputs": [
      {
        "id": "Thaumcraft:ItemResource:6",
        "displayName": "Amber",
        "amount": 1
      }
    ],
    "fluidInputs": [],
    "itemOutputs": [],
    "fluidOutputs": []
  },
  {
    "machine": "gt.recipe.magicfuels",
    "recipeType": "gt_machine",
    "specialValue": 240,
    "itemInputs": [
      {
        "id": "gregtech:gt.metaitem.01:17545",
        "displayName": "Ordo Crystal Plate",
        "amount": 1
      }
    ],
    "fluidInputs": [],
    "itemOutputs": [],
    "fluidOutputs": []
  },
  {
    "machine": "gt.recipe.magicfuels",
    "recipeType": "gt_machine",
    "specialValue": 160,
    "itemInputs": [
      {
        "id": "gregtech:gt.metaitem.01:17542",
        "displayName": "Terra Crystal Plate",
        "amount": 1
      }
    ],
    "fluidInputs": [],
    "itemOutputs": [],
    "fluidOutputs": []
  },
  {
    "machine": "gt.recipe.magicfuels",
    "recipeType": "gt_machine",
    "specialValue": 250000,
    "itemInputs": [
      {
        "id": "gregtech:gt.metaitem.01:11978",
        "displayName": "Ichorium Ingot",
        "amount": 1
      }
    ],
    "fluidInputs": [],
    "itemOutputs": [],
    "fluidOutputs": []
  },
  {
    "machine": "gt.recipe.magicfuels",
    "recipeType": "gt_machine",
    "specialValue": 480,
    "itemInputs": [
      {
        "id": "Thaumcraft:ItemShard:4",
        "displayName": "Order Shard",
        "amount": 1
      }
    ],
    "fluidInputs": [],
    "itemOutputs": [],
    "fluidOutputs": []
  },
  {
    "machine": "gt.recipe.magicfuels",
    "recipeType": "gt_machine",
    "specialValue": 320,
    "itemInputs": [
      {
        "id": "Thaumcraft:ItemShard:2",
        "displayName": "Water Shard",
        "amount": 1
      }
    ],
    "fluidInputs": [],
    "itemOutputs": [],
    "fluidOutputs": []
  },
  {
    "machine": "gt.recipe.magicfuels",
    "recipeType": "gt_machine",
    "specialValue": 12,
    "itemInputs": [
      {
        "id": "gregtech:gt.metaitem.02:29514",
        "displayName": "Flawless Amber",
        "amount": 1
      }
    ],
    "fluidInputs": [],
    "itemOutputs": [],
    "fluidOutputs": []
  },
  {
    "machine": "gt.recipe.magicfuels",
    "recipeType": "gt_machine",
    "specialValue": 8,
    "itemInputs": [
      {
        "id": "TwilightForest:item.ironwoodIngot:0",
        "displayName": "Ironwood Ingot",
        "amount": 1
      }
    ],
    "fluidInputs": [],
    "itemOutputs": [],
    "fluidOutputs": []
  },
  {
    "machine": "gt.recipe.magicfuels",
    "recipeType": "gt_machine",
    "specialValue": 5000000,
    "itemInputs": [
      {
        "id": "gregtech:gt.metaitem.01:17397",
        "displayName": "Infinity Plate",
        "amount": 1
      }
    ],
    "fluidInputs": [],
    "itemOutputs": [],
    "fluidOutputs": []
  },
  {
    "machine": "gt.recipe.magicfuels",
    "recipeType": "gt_machine",
    "specialValue": 24,
    "itemInputs": [
      {
        "id": "gregtech:gt.metaitem.02:30514",
        "displayName": "Exquisite Amber",
        "amount": 1
      }
    ],
    "fluidInputs": [],
    "itemOutputs": [],
    "fluidOutputs": []
  },
  {
    "machine": "gt.recipe.magicfuels",
    "recipeType": "gt_machine",
    "specialValue": 24,
    "itemInputs": [
      {
        "id": "gregtech:gt.metaitem.01:2339",
        "displayName": "Steeleaf Dust",
        "amount": 1
      }
    ],
    "fluidInputs": [],
    "itemOutputs": [],
    "fluidOutputs": []
  },
  {
    "machine": "gt.recipe.magicfuels",
    "recipeType": "gt_machine",
    "specialValue": 500000,
    "itemInputs": [
      {
        "id": "gregtech:gt.metaitem.01:2394",
        "displayName": "Infinity Catalyst Dust",
        "amount": 1
      }
    ],
    "fluidInputs": [],
    "itemOutputs": [],
    "fluidOutputs": []
  },
  {
    "machine": "gt.recipe.magicfuels",
    "recipeType": "gt_machine",
    "specialValue": 10,
    "itemInputs": [
      {
        "id": "gregtech:gt.metaitem.01:17533",
        "displayName": "Endereye Plate",
        "amount": 1
      }
    ],
    "fluidInputs": [],
    "itemOutputs": [],
    "fluidOutputs": []
  },
  {
    "machine": "gt.recipe.magicfuels",
    "recipeType": "gt_machine",
    "specialValue": 1,
    "itemInputs": [
      {
        "id": "gregtech:gt.metaitem.02:27514",
        "displayName": "Chipped Amber",
        "amount": 1
      }
    ],
    "fluidInputs": [],
    "itemOutputs": [],
    "fluidOutputs": []
  },
  {
    "machine": "gt.recipe.magicfuels",
    "recipeType": "gt_machine",
    "specialValue": 32,
    "itemInputs": [
      {
        "id": "gregtech:gt.metaitem.01:2529",
        "displayName": "Vinteum Dust",
        "amount": 1
      }
    ],
    "fluidInputs": [],
    "itemOutputs": [],
    "fluidOutputs": []
  },
  {
    "machine": "gt.recipe.magicfuels",
    "recipeType": "gt_machine",
    "specialValue": 1500,
    "itemInputs": [
      {
        "id": "Thaumcraft:ItemResource:16",
        "displayName": "Void metal Ingot",
        "amount": 1
      }
    ],
    "fluidInputs": [],
    "itemOutputs": [],
    "fluidOutputs": []
  },
  {
    "machine": "gt.recipe.magicfuels",
    "recipeType": "gt_machine",
    "specialValue": 640,
    "itemInputs": [
      {
        "id": "Thaumcraft:ItemShard:5",
        "displayName": "Entropy Shard",
        "amount": 1
      }
    ],
    "fluidInputs": [],
    "itemOutputs": [],
    "fluidOutputs": []
  },
  {
    "machine": "gt.recipe.magicfuels",
    "recipeType": "gt_machine",
    "specialValue": 250000,
    "itemInputs": [
      {
        "id": "gregtech:gt.metaitem.01:17978",
        "displayName": "Ichorium Plate",
        "amount": 1
      }
    ],
    "fluidInputs": [],
    "itemOutputs": [],
    "fluidOutputs": []
  },
  {
    "machine": "gt.recipe.magicfuels",
    "recipeType": "gt_machine",
    "specialValue": 250000,
    "itemInputs": [
      {
        "id": "gregtech:gt.metaitem.01:2978",
        "displayName": "Ichorium Dust",
        "amount": 1
      }
    ],
    "fluidInputs": [],
    "itemOutputs": [],
    "fluidOutputs": []
  },
  {
    "machine": "gt.recipe.magicfuels",
    "recipeType": "gt_machine",
    "specialValue": 160,
    "itemInputs": [
      {
        "id": "gregtech:gt.metaitem.01:2543",
        "displayName": "Aqua Crystal Powder",
        "amount": 1
      }
    ],
    "fluidInputs": [],
    "itemOutputs": [],
    "fluidOutputs": []
  },
  {
    "machine": "gt.recipe.magicfuels",
    "recipeType": "gt_machine",
    "specialValue": 50000,
    "itemInputs": [
      {
        "id": "gregtech:gt.metaitem.01:17506",
        "displayName": "Nether Star Plate",
        "amount": 1
      }
    ],
    "fluidInputs": [],
    "itemOutputs": [],
    "fluidOutputs": []
  },
  {
    "machine": "gt.recipe.magicfuels",
    "recipeType": "gt_machine",
    "specialValue": 24,
    "itemInputs": [
      {
        "id": "gregtech:gt.metaitem.01:17339",
        "displayName": "Steeleaf Plate",
        "amount": 1
      }
    ],
    "fluidInputs": [],
    "itemOutputs": [],
    "fluidOutputs": []
  },
  {
    "machine": "gt.recipe.magicfuels",
    "recipeType": "gt_machine",
    "specialValue": 320,
    "itemInputs": [
      {
        "id": "gregtech:gt.metaitem.01:2541",
        "displayName": "Ignis Crystal Powder",
        "amount": 1
      }
    ],
    "fluidInputs": [],
    "itemOutputs": [],
    "fluidOutputs": []
  },
  {
    "machine": "gt.recipe.magicfuels",
    "recipeType": "gt_machine",
    "specialValue": 5000000,
    "itemInputs": [
      {
        "id": "Avaritia:Resource:6",
        "displayName": "Infinity Ingot",
        "amount": 1
      }
    ],
    "fluidInputs": [],
    "itemOutputs": [],
    "fluidOutputs": []
  },
  {
    "machine": "gt.recipe.magicfuels",
    "recipeType": "gt_machine",
    "specialValue": 16,
    "itemInputs": [
      {
        "id": "gregtech:gt.metaitem.01:2832",
        "displayName": "Liveroot Dust",
        "amount": 1
      }
    ],
    "fluidInputs": [],
    "itemOutputs": [],
    "fluidOutputs": []
  },
  {
    "machine": "gt.recipe.magicfuels",
    "recipeType": "gt_machine",
    "specialValue": 160,
    "itemInputs": [
      {
        "id": "gregtech:gt.metaitem.01:2542",
        "displayName": "Terra Crystal Powder",
        "amount": 1
      }
    ],
    "fluidInputs": [],
    "itemOutputs": [],
    "fluidOutputs": []
  },
  {
    "machine": "gt.recipe.magicfuels",
    "recipeType": "gt_machine",
    "specialValue": 24,
    "itemInputs": [
      {
        "id": "TwilightForest:item.steeleafIngot:0",
        "displayName": "Steeleaf",
        "amount": 1
      }
    ],
    "fluidInputs": [],
    "itemOutputs": [],
    "fluidOutputs": []
  },
  {
    "machine": "gt.recipe.magicfuels",
    "recipeType": "gt_machine",
    "specialValue": 50000,
    "itemInputs": [
      {
        "id": "gregtech:gt.metaitem.01:2506",
        "displayName": "Nether Star Dust",
        "amount": 1
      }
    ],
    "fluidInputs": [],
    "itemOutputs": [],
    "fluidOutputs": []
  },
  {
    "machine": "gt.recipe.magicfuels",
    "recipeType": "gt_machine",
    "specialValue": 6,
    "itemInputs": [
      {
        "id": "MagicBees:wax:0",
        "displayName": "Magic Wax",
        "amount": 1
      }
    ],
    "fluidInputs": [],
    "itemOutputs": [],
    "fluidOutputs": []
  },
  {
    "machine": "gt.recipe.magicfuels",
    "recipeType": "gt_machine",
    "specialValue": 24,
    "itemInputs": [
      {
        "id": "gregtech:gt.metaitem.01:2362",
        "displayName": "Knightmetal Dust",
        "amount": 1
      }
    ],
    "fluidInputs": [],
    "itemOutputs": [],
    "fluidOutputs": []
  },
  {
    "machine": "gt.recipe.magicfuels",
    "recipeType": "gt_machine",
    "specialValue": 32,
    "itemInputs": [
      {
        "id": "gregtech:gt.metaitem.01:30087",
        "displayName": "Mercury Cell",
        "amount": 1
      }
    ],
    "fluidInputs": [],
    "itemOutputs": [],
    "fluidOutputs": []
  },
  {
    "machine": "gt.recipe.magicfuels",
    "recipeType": "gt_machine",
    "specialValue": 6,
    "itemInputs": [
      {
        "id": "Thaumcraft:ItemResource:6",
        "displayName": "Amber",
        "amount": 1
      }
    ],
    "fluidInputs": [],
    "itemOutputs": [],
    "fluidOutputs": []
  },
  {
    "machine": "gt.recipe.magicfuels",
    "recipeType": "gt_machine",
    "specialValue": 160,
    "itemInputs": [
      {
        "id": "gregtech:gt.metaitem.01:2540",
        "displayName": "Aer Crystal Powder",
        "amount": 1
      }
    ],
    "fluidInputs": [],
    "itemOutputs": [],
    "fluidOutputs": []
  },
  {
    "machine": "gt.recipe.magicfuels",
    "recipeType": "gt_machine",
    "specialValue": 24,
    "itemInputs": [
      {
        "id": "TwilightForest:item.knightMetal:0",
        "displayName": "Knightmetal Ingot",
        "amount": 1
      }
    ],
    "fluidInputs": [],
    "itemOutputs": [],
    "fluidOutputs": []
  },
  {
    "machine": "gt.recipe.magicfuels",
    "recipeType": "gt_machine",
    "specialValue": 6,
    "itemInputs": [
      {
        "id": "MagicBees:wax:2",
        "displayName": "Amnesic Wax",
        "amount": 1
      }
    ],
    "fluidInputs": [],
    "itemOutputs": [],
    "fluidOutputs": []
  },
  {
    "machine": "gt.recipe.magicfuels",
    "recipeType": "gt_machine",
    "specialValue": 500000,
    "itemInputs": [
      {
        "id": "gregtech:gt.metaitem.01:17394",
        "displayName": "Infinity Catalyst Plate",
        "amount": 1
      }
    ],
    "fluidInputs": [],
    "itemOutputs": [],
    "fluidOutputs": []
  },
  {
    "machine": "gt.recipe.magicfuels",
    "recipeType": "gt_machine",
    "specialValue": 2048,
    "itemInputs": [
      {
        "id": "gregtech:gt.metaitem.01:17346",
        "displayName": "Fiery Steel Plate",
        "amount": 1
      }
    ],
    "fluidInputs": [],
    "itemOutputs": [],
    "fluidOutputs": []
  },
  {
    "machine": "gt.recipe.magicfuels",
    "recipeType": "gt_machine",
    "specialValue": 160,
    "itemInputs": [
      {
        "id": "gregtech:gt.metaitem.01:2542",
        "displayName": "Terra Crystal Powder",
        "amount": 1
      }
    ],
    "fluidInputs": [],
    "itemOutputs": [],
    "fluidOutputs": []
  },
  {
    "machine": "gt.recipe.magicfuels",
    "recipeType": "gt_machine",
    "specialValue": 3,
    "itemInputs": [
      {
        "id": "gregtech:gt.metaitem.02:28514",
        "displayName": "Flawed Amber",
        "amount": 1
      }
    ],
    "fluidInputs": [],
    "itemOutputs": [],
    "fluidOutputs": []
  },
  {
    "machine": "gt.recipe.magicfuels",
    "recipeType": "gt_machine",
    "specialValue": 320,
    "itemInputs": [
      {
        "id": "gregtech:gt.metaitem.01:17544",
        "displayName": "Perditio Crystal Plate",
        "amount": 1
      }
    ],
    "fluidInputs": [],
    "itemOutputs": [],
    "fluidOutputs": []
  },
  {
    "machine": "gt.recipe.magicfuels",
    "recipeType": "gt_machine",
    "specialValue": 2048,
    "itemInputs": [
      {
        "id": "TwilightForest:item.fieryIngot:0",
        "displayName": "Fiery Ingot",
        "amount": 1
      }
    ],
    "fluidInputs": [],
    "itemOutputs": [],
    "fluidOutputs": []
  },
  {
    "machine": "gt.recipe.magicfuels",
    "recipeType": "gt_machine",
    "specialValue": 64,
    "itemInputs": [
      {
        "id": "gregtech:gt.metaitem.01:8529",
        "displayName": "Vinteum",
        "amount": 1
      }
    ],
    "fluidInputs": [],
    "itemOutputs": [],
    "fluidOutputs": []
  },
  {
    "machine": "gt.recipe.magicfuels",
    "recipeType": "gt_machine",
    "specialValue": 480,
    "itemInputs": [
      {
        "id": "Thaumcraft:ItemShard:4",
        "displayName": "Order Shard",
        "amount": 1
      }
    ],
    "fluidInputs": [],
    "itemOutputs": [],
    "fluidOutputs": []
  },
  {
    "machine": "gt.recipe.magicfuels",
    "recipeType": "gt_machine",
    "specialValue": 100000,
    "itemInputs": [
      {
        "id": "minecraft:nether_star:0",
        "displayName": "Nether Star",
        "amount": 1
      }
    ],
    "fluidInputs": [],
    "itemOutputs": [],
    "fluidOutputs": []
  },
  {
    "machine": "gt.recipe.magicfuels",
    "recipeType": "gt_machine",
    "specialValue": 3,
    "itemInputs": [
      {
        "id": "gregtech:gt.metaitem.01:17514",
        "displayName": "Amber Plate",
        "amount": 1
      }
    ],
    "fluidInputs": [],
    "itemOutputs": [],
    "fluidOutputs": []
  },
  {
    "machine": "gt.recipe.magicfuels",
    "recipeType": "gt_machine",
    "specialValue": 640,
    "itemInputs": [
      {
        "id": "Thaumcraft:ItemShard:5",
        "displayName": "Entropy Shard",
        "amount": 1
      }
    ],
    "fluidInputs": [],
    "itemOutputs": [],
    "fluidOutputs": []
  },
  {
    "machine": "gt.recipe.magicfuels",
    "recipeType": "gt_machine",
    "specialValue": 240,
    "itemInputs": [
      {
        "id": "gregtech:gt.metaitem.01:2545",
        "displayName": "Ordo Crystal Powder",
        "amount": 1
      }
    ],
    "fluidInputs": [],
    "itemOutputs": [],
    "fluidOutputs": []
  },
  {
    "machine": "gt.recipe.magicfuels",
    "recipeType": "gt_machine",
    "specialValue": 24,
    "itemInputs": [
      {
        "id": "gregtech:gt.metaitem.01:17362",
        "displayName": "Knightmetal Plate",
        "amount": 1
      }
    ],
    "fluidInputs": [],
    "itemOutputs": [],
    "fluidOutputs": []
  },
  {
    "machine": "gt.recipe.magicfuels",
    "recipeType": "gt_machine",
    "specialValue": 2048,
    "itemInputs": [
      {
        "id": "TwilightForest:item.fieryIngot:0",
        "displayName": "Fiery Ingot",
        "amount": 1
      }
    ],
    "fluidInputs": [],
    "itemOutputs": [],
    "fluidOutputs": []
  },
  {
    "machine": "gt.recipe.magicfuels",
    "recipeType": "gt_machine",
    "specialValue": 250000,
    "itemInputs": [
      {
        "id": "gregtech:gt.metaitem.01:11978",
        "displayName": "Ichorium Ingot",
        "amount": 1
      }
    ],
    "fluidInputs": [],
    "itemOutputs": [],
    "fluidOutputs": []
  },
  {
    "machine": "gt.recipe.magicfuels",
    "recipeType": "gt_machine",
    "specialValue": 3,
    "itemInputs": [
      {
        "id": "gregtech:gt.metaitem.01:2514",
        "displayName": "Amber Dust",
        "amount": 1
      }
    ],
    "fluidInputs": [],
    "itemOutputs": [],
    "fluidOutputs": []
  },
  {
    "machine": "gt.recipe.magicfuels",
    "recipeType": "gt_machine",
    "specialValue": 32,
    "itemInputs": [
      {
        "id": "gregtech:gt.metaitem.01:11529",
        "displayName": "Vinteum Ingot",
        "amount": 1
      }
    ],
    "fluidInputs": [],
    "itemOutputs": [],
    "fluidOutputs": []
  }
]