[
  {
    "machine": "gt.recipe.purificationplantuvtreatment",
    "recipeType": "gt_machine",
    "euPerTick": 491520,
    "duration": 2400,
    "itemInputs": [],
    "fluidInputs": [
      {
        "id": "grade5purifiedwater",
        "displayName": "Extreme-Temperature Treated Water (Grade 5)",
        "amount": 1000
      }
    ],
    "itemOutputs": [],
    "fluidOutputs": [
      {
        "id": "grade6purifiedwater",
        "displayName": "Ultraviolet Treated Electrically Neutral Water (Grade 6)",
        "amount": 900
      }
    ]
  }
]