[
  {
    "machine": "gt.recipe.upgrade_costs",
    "recipeType": "gt_machine",
    "euPerTick": 1,
    "duration": 1,
    "itemInputs": [
      {
        "id": "gregtech:gt.blockframes:131",
        "displayName": "Superconductor Base UIV Frame Box",
        "amount": 64
      },
      {
        "id": "gregtech:gt.metaitem.01:32428",
        "displayName": "Superconductor Rare-Earth Composite",
        "amount": 32
      },
      {
        "id": "bartworks:gt.bwMetaGeneratedgearGt:10111",
        "displayName": "Metastable Oganesson Gear",
        "amount": 16
      },
      {
        "id": "eternalsingularity:eternal_singularity:0",
        "displayName": "Eternal Singularity",
        "amount": 8
      },
      {
        "id": "gregtech:gt.metaitem.01:32033",
        "displayName": "Robot Arm (UIV)",
        "amount": 64
      },
      {
        "id": "gregtech:gt.metaitem.01:32679",
        "displayName": "Field Generator (UEV)",
        "amount": 64
      }
    ],
    "fluidInputs": [],
    "itemOutputs": [
      {
        "id": "tectech:gt.godforgecasing:5",
        "displayName": "Remote Graviton Flow Modulator",
        "amount": 1
      },
      {
        "id": "gregtech:gt.blockmachines:15412",
        "displayName": "Helioflare Power Forge",
        "amount": 1
      }
    ],
    "fluidOutputs": []
  },
  {
    "machine": "gt.recipe.upgrade_costs",
    "recipeType": "gt_machine",
    "euPerTick": 1,
    "duration": 1,
    "itemInputs": [
      {
        "id": "gregtech:gt.blockmachines:31150",
        "displayName": "Mega Alloy Blast Smelter",
        "amount": 16
      },
      {
        "id": "gregtech:gt.blockcasings5:12",
        "displayName": "Hypogen Coil Block",
        "amount": 64
      },
      {
        "id": "tectech:gt.godforgecasing:8",
        "displayName": "Harmonic Phonon Transmission Conduit",
        "amount": 32
      },
      {
        "id": "eternalsingularity:eternal_singularity:0",
        "displayName": "Eternal Singularity",
        "amount": 16
      },
      {
        "id": "GoodGenerator:FRF_Coil_3:0",
        "displayName": "Ultimate Field Restriction Coil",
        "amount": 48
      },
      {
        "id": "gregtech:gt.metaitem.01:32033",
        "displayName": "Robot Arm (UIV)",
        "amount": 64
      },
      {
        "id": "gregtech:gt.metaitem.01:32679",
        "displayName": "Field Generator (UEV)",
        "amount": 64
      }
    ],
    "fluidInputs": [],
    "itemOutputs": [
      {
        "id": "gregtech:gt.blockmachines:15413",
        "displayName": "Helioflux Melting Core",
        "amount": 1
      }
    ],
    "fluidOutputs": []
  },
  {
    "machine": "gt.recipe.upgrade_costs",
    "recipeType": "gt_machine",
    "euPerTick": 1,
    "duration": 1,
    "itemInputs": [
      {
        "id": "tectech:gt.godforgecasing:4",
        "displayName": "Stellar Energy Siphon Casing",
        "amount": 8
      },
      {
        "id": "gregtech:gt.blockmachines:975",
        "displayName": "FusionTech MK V",
        "amount": 8
      },
      {
        "id": "miscutils:gtplusplus.blockcasings.6:1",
        "displayName": "Advanced Fusion Coil II",
        "amount": 64
      },
      {
        "id": "GalaxySpace:item.DysonSwarmParts:3",
        "displayName": "Ultra High Temperature Resistant Mesh",
        "amount": 64
      },
      {
        "id": "miscutils:itemPlateDenseQuantum:0",
        "displayName": "Dense Quantum Plate",
        "amount": 48
      },
      {
        "id": "miscutils:itemGearRhugnor:0",
        "displayName": "Rhugnor Gear",
        "amount": 32
      },
      {
        "id": "eternalsingularity:eternal_singularity:0",
        "displayName": "Eternal Singularity",
        "amount": 16
      },
      {
        "id": "gregtech:gt.metaitem.01:32033",
        "displayName": "Robot Arm (UIV)",
        "amount": 64
      },
      {
        "id": "gregtech:gt.metaitem.01:32679",
        "displayName": "Field Generator (UEV)",
        "amount": 64
      }
    ],
    "fluidInputs": [],
    "itemOutputs": [
      {
        "id": "gregtech:gt.blockmachines:15414",
        "displayName": "Heliothermal Plasma Fabricator",
        "amount": 1
      }
    ],
    "fluidOutputs": []
  },
  {
    "machine": "gt.recipe.upgrade_costs",
    "recipeType": "gt_machine",
    "euPerTick": 1,
    "duration": 1,
    "itemInputs": [
      {
        "id": "tectech:gt.godforgecasing:4",
        "displayName": "Stellar Energy Siphon Casing",
        "amount": 16
      },
      {
        "id": "gregtech:gt.blockmachines:32023",
        "displayName": "Compact Fusion Computer MK-V",
        "amount": 2
      },
      {
        "id": "GoodGenerator:compactFusionCoil:4",
        "displayName": "Compact Fusion Coil MK-II Finaltype",
        "amount": 64
      },
      {
        "id": "tectech:gt.godforgecasing:8",
        "displayName": "Harmonic Phonon Transmission Conduit",
        "amount": 16
      },
      {
        "id": "gregtech:gt.blockmachines:1006",
        "displayName": "Transcendent Plasma Mixer",
        "amount": 4
      },
      {
        "id": "miscutils:itemGearRhugnor:0",
        "displayName": "Rhugnor Gear",
        "amount": 64
      },
      {
        "id": "gregtech:gt.metaitem.02:31978",
        "displayName": "Ichorium Gear",
        "amount": 64
      },
      {
        "id": "eternalsingularity:eternal_singularity:0",
        "displayName": "Eternal Singularity",
        "amount": 32
      },
      {
        "id": "gregtech:gt.metaitem.01:32033",
        "displayName": "Robot Arm (UIV)",
        "amount": 64
      },
      {
        "id": "gregtech:gt.metaitem.01:32679",
        "displayName": "Field Generator (UEV)",
        "amount": 64
      }
    ],
    "fluidInputs": [],
    "itemOutputs": [
      {
        "id": "gregtech:gt.blockmachines:15415",
        "displayName": "Heliofusion Exoticizer",
        "amount": 1
      }
    ],
    "fluidOutputs": [
      {
        "id": "quarkgluonplasma",
        "displayName": "Degenerate Quark Gluon Plasma",
        "amount": 1000
      }
    ]
  },
  {
    "machine": "gt.recipe.upgrade_costs",
    "recipeType": "gt_machine",
    "euPerTick": 1,
    "duration": 1,
    "itemInputs": [
      {
        "id": "gregtech:gt.blockframes:588",
        "displayName": "SpaceTime Frame Box",
        "amount": 64
      },
      {
        "id": "gregtech:gt.blockframes:134",
        "displayName": "Superconductor Base UMV Frame Box",
        "amount": 64
      },
      {
        "id": "miscutils:blockFrameGtHypogen:0",
        "displayName": "Hypogen Frame Box",
        "amount": 64
      },
      {
        "id": "miscutils:blockFrameGtDragonblood:0",
        "displayName": "Dragonblood Frame Box",
        "amount": 64
      },
      {
        "id": "tectech:gt.blockcasingsBA0:11",
        "displayName": "Reinforced Spatial Structure Casing",
        "amount": 64
      },
      {
        "id": "tectech:gt.blockcasingsBA0:12",
        "displayName": "Infinite Spacetime Energy Boundary Casing",
        "amount": 8
      },
      {
        "id": "gregtech:gt.metaitem.01:32146",
        "displayName": "Mega Ultimate Battery",
        "amount": 2
      },
      {
        "id": "gregtech:gt.metaitem.01:32046",
        "displayName": "Field Generator (UMV)",
        "amount": 32
      }
    ],
    "fluidInputs": [],
    "itemOutputs": [
      {
        "id": "tectech:gt.godforgecasing:6",
        "displayName": "Medial Graviton Flow Modulator",
        "amount": 1
      }
    ],
    "fluidOutputs": []
  },
  {
    "machine": "gt.recipe.upgrade_costs",
    "recipeType": "gt_machine",
    "euPerTick": 1,
    "duration": 1,
    "itemInputs": [
      {
        "id": "gregtech:gt.blockframes:585",
        "displayName": "White Dwarf Matter Frame Box",
        "amount": 64
      },
      {
        "id": "gregtech:gt.blockframes:586",
        "displayName": "Black Dwarf Matter Frame Box",
        "amount": 64
      },
      {
        "id": "gregtech:gt.blockframes:141",
        "displayName": "Eternity Frame Box",
        "amount": 16
      },
      {
        "id": "gregtech:gt.blockframes:139",
        "displayName": "Universium Frame Box",
        "amount": 2
      },
      {
        "id": "tectech:gt.blockcasingsBA0:12",
        "displayName": "Infinite Spacetime Energy Boundary Casing",
        "amount": 64
      },
      {
        "id": "tectech:gt.stabilisation_field_generator:5",
        "displayName": "§fExotic§r Stabilisation Field Generator",
        "amount": 16
      },
      {
        "id": "gregtech:gt.metaitem.01:32146",
        "displayName": "Mega Ultimate Battery",
        "amount": 6
      },
      {
        "id": "gregtech:gt.metaitem.01:32046",
        "displayName": "Field Generator (UMV)",
        "amount": 64
      }
    ],
    "fluidInputs": [],
    "itemOutputs": [
      {
        "id": "tectech:gt.godforgecasing:7",
        "displayName": "Central Graviton Flow Modulator",
        "amount": 1
      }
    ],
    "fluidOutputs": []
  },
  {
    "machine": "gt.recipe.upgrade_costs",
    "recipeType": "gt_machine",
    "euPerTick": 1,
    "duration": 1,
    "itemInputs": [
      {
        "id": "gregtech:gt.blockmachines:15415",
        "displayName": "Heliofusion Exoticizer",
        "amount": 32
      },
      {
        "id": "tectech:gt.godforgecasing:4",
        "displayName": "Stellar Energy Siphon Casing",
        "amount": 64
      },
      {
        "id": "tectech:gt.stabilisation_field_generator:6",
        "displayName": "§fPerfect§r Stabilisation Field Generator",
        "amount": 48
      },
      {
        "id": "gregtech:gt.metaitem.03:32758",
        "displayName": "Transdimensional Alignment Matrix",
        "amount": 8
      },
      {
        "id": "gregtech:gt.metaitem.01:32146",
        "displayName": "Mega Ultimate Battery",
        "amount": 16
      },
      {
        "id": "gregtech:gt.metaitem.01:32034",
        "displayName": "Robot Arm (UMV)",
        "amount": 64
      },
      {
        "id": "gregtech:gt.metaitem.01:32030",
        "displayName": "Conveyor Module (UMV)",
        "amount": 64
      }
    ],
    "fluidInputs": [],
    "itemOutputs": [
      {
        "id": "gregtech:gt.metaitem.01:8150",
        "displayName": "Graviton Shard",
        "amount": 1
      }
    ],
    "fluidOutputs": [
      {
        "id": "molten.magmatter",
        "displayName": "Molten Magmatter",
        "amount": 576
      },
      {
        "id": "plasma.neutronium",
        "displayName": "Neutronium Plasma",
        "amount": 1000
      }
    ]
  }
]