[
  {
    "machine": "gt.recipe.purificationplantquarkextractor",
    "recipeType": "gt_machine",
    "euPerTick": 7864320,
    "duration": 2400,
    "itemInputs": [
      {
        "id": "gregtech:gt.metaitem.03:32238",
        "displayName": "Charm-Quark Releasing Catalyst",
        "amount": 1
      },
      {
        "id": "gregtech:gt.metaitem.03:32237",
        "displayName": "Strange-Quark Releasing Catalyst",
        "amount": 1
      }
    ],
    "fluidInputs": [
      {
        "id": "grade7purifiedwater",
        "displayName": "Degassed Decontaminant-Free Water (Grade 7)",
        "amount": 1000
      }
    ],
    "itemOutputs": [
      {
        "id": "gregtech:gt.metaitem.03:32241",
        "displayName": "Unaligned Quark Releasing Catalyst",
        "amount": 2
      },
      {
        "id": "miscutils:particleBase:24",
        "displayName": "Unknown Particle",
        "amount": 1
      }
    ],
    "fluidOutputs": [
      {
        "id": "grade8purifiedwater",
        "displayName": "Subatomically Perfect Water (Grade 8)",
        "amount": 900
      },
      {
        "id": "stablebaryonicmatter",
        "displayName": "Stabilised Baryonic Matter",
        "amount": 500
      }
    ],
    "outputChances": [
      10000,
      100
    ]
  }
]