[
  {
    "machine": "gt.recipe.spaceassembler",
    "recipeType": "gt_machine",
    "euPerTick": 1966080,
    "duration": 2400,
    "specialValue": 1,
    "itemInputs": [
      {
        "id": "gregtech:gt.metaitem.01:32688",
        "displayName": "Emitter (UHV)",
        "amount": 1
      },
      {
        "id": "IC2:blockGenerator:5",
        "displayName": "Nuclear Reactor",
        "amount": 16
      },
      {
        "id": "IC2:blockGenerator:5",
        "displayName": "Nuclear Reactor",
        "amount": 16
      },
      {
        "id": "gregtech:gt.metaitem.01:32688",
        "displayName": "Emitter (UHV)",
        "amount": 1
      },
      {
        "id": "gregtech:gt.metaitem.01:17154",
        "displayName": "Proto-Halkonite Steel Plate",
        "amount": 8
      },
      {
        "id": "gregtech:gt.metaitem.01:32417",
        "displayName": "Energised Tesseract",
        "amount": 1
      },
      {
        "id": "gregtech:gt.metaitem.01:32417",
        "displayName": "Energised Tesseract",
        "amount": 1
      },
      {
        "id": "gregtech:gt.metaitem.01:17154",
        "displayName": "Proto-Halkonite Steel Plate",
        "amount": 8
      },
      {
        "id": "gregtech:gt.metaitem.01:17154",
        "displayName": "Proto-Halkonite Steel Plate",
        "amount": 8
      },
      {
        "id": "gregtech:gt.metaitem.01:32417",
        "displayName": "Energised Tesseract",
        "amount": 1
      },
      {
        "id": "gregtech:gt.metaitem.01:32417",
        "displayName": "Energised Tesseract",
        "amount": 1
      },
      {
        "id": "gregtech:gt.metaitem.01:17154",
        "displayName": "Proto-Halkonite Steel Plate",
        "amount": 8
      },
      {
        "id": "gregtech:gt.metaitem.01:32688",
        "displayName": "Emitter (UHV)",
        "amount": 1
      },
      {
        "id": "IC2:blockGenerator:5",
        "displayName": "Nuclear Reactor",
        "amount": 16
      },
      {
        "id": "IC2:blockGenerator:5",
        "displayName": "Nuclear Reactor",
        "amount": 16
      },
      {
        "id": "gregtech:gt.metaitem.01:32688",
        "displayName": "Emitter (UHV)",
        "amount": 1
      }
    ],
    "fluidInputs": [
      {
        "id": "molten.plutonium",
        "displayName": "Molten Plutonium 239",
        "amount": 9216
      },
      {
        "id": "molten.atomic separation catalyst",
        "displayName": "Molten Atomic Separation Catalyst",
        "amount": 9216
      },
      {
        "id": "molten.tartarite",
        "displayName": "Molten Tartarite",
        "amount": 9216
      },
      {
        "id": "molten.longasssuperconductornameforuvwire",
        "displayName": "Molten Superconductor Base UV",
        "amount": 9216
      }
    ],
    "itemOutputs": [
      {
        "id": "gregtech:gt.metaitem.01:32418",
        "displayName": "Black Hole Seed",
        "amount": 1
      }
    ],
    "fluidOutputs": []
  },
  {
    "machine": "gt.recipe.spaceassembler",
    "recipeType": "gt_machine",
    "euPerTick": 1966080,
    "duration": 2400,
    "specialValue": 1,
    "itemInputs": [
      {
        "id": "gregtech:gt.metaitem.01:32698",
        "displayName": "Sensor (UHV)",
        "amount": 1
      },
      {
        "id": "gregtech:gt.metaitem.01:22327",
        "displayName": "Dense Naquadria Plate",
        "amount": 16
      },
      {
        "id": "gregtech:gt.metaitem.01:22327",
        "displayName": "Dense Naquadria Plate",
        "amount": 16
      },
      {
        "id": "gregtech:gt.metaitem.01:32698",
        "displayName": "Sensor (UHV)",
        "amount": 1
      },
      {
        "id": "gregtech:gt.metaitem.01:17154",
        "displayName": "Proto-Halkonite Steel Plate",
        "amount": 8
      },
      {
        "id": "gregtech:gt.metaitem.01:32415",
        "displayName": "Raw Tesseract",
        "amount": 1
      },
      {
        "id": "gregtech:gt.metaitem.01:32415",
        "displayName": "Raw Tesseract",
        "amount": 1
      },
      {
        "id": "gregtech:gt.metaitem.01:17154",
        "displayName": "Proto-Halkonite Steel Plate",
        "amount": 8
      },
      {
        "id": "gregtech:gt.metaitem.01:17154",
        "displayName": "Proto-Halkonite Steel Plate",
        "amount": 8
      },
      {
        "id": "gregtech:gt.metaitem.01:32415",
        "displayName": "Raw Tesseract",
        "amount": 1
      },
      {
        "id": "gregtech:gt.metaitem.01:32415",
        "displayName": "Raw Tesseract",
        "amount": 1
      },
      {
        "id": "gregtech:gt.metaitem.01:17154",
        "displayName": "Proto-Halkonite Steel Plate",
        "amount": 8
      },
      {
        "id": "gregtech:gt.metaitem.01:32698",
        "displayName": "Sensor (UHV)",
        "amount": 1
      },
      {
        "id": "gregtech:gt.metaitem.01:22327",
        "displayName": "Dense Naquadria Plate",
        "amount": 16
      },
      {
        "id": "gregtech:gt.metaitem.01:22327",
        "displayName": "Dense Naquadria Plate",
        "amount": 16
      },
      {
        "id": "gregtech:gt.metaitem.01:32698",
        "displayName": "Sensor (UHV)",
        "amount": 1
      }
    ],
    "fluidInputs": [
      {
        "id": "molten.longasssuperconductornameforuhvwire",
        "displayName": "Molten Superconductor Base UHV",
        "amount": 9216
      },
      {
        "id": "molten.osmiridium",
        "displayName": "Molten Osmiridium",
        "amount": 9216
      },
      {
        "id": "molten.ledox",
        "displayName": "Molten Ledox",
        "amount": 9216
      },
      {
        "id": "molten.callistoice",
        "displayName": "Molten Callisto Ice",
        "amount": 9216
      }
    ],
    "itemOutputs": [
      {
        "id": "gregtech:gt.metaitem.01:32419",
        "displayName": "Black Hole Collapser",
        "amount": 1
      }
    ],
    "fluidOutputs": []
  },
  {
    "machine": "gt.recipe.spaceassembler",
    "recipeType": "gt_machine",
    "euPerTick": 1966080,
    "duration": 400,
    "specialValue": 1,
    "itemInputs": [
      {
        "id": "gregtech:gt.metaitem.03:32724",
        "displayName": "Raw Exposed Optical Chip",
        "amount": 1
      },
      {
        "id": "gregtech:gt.metaitem.03:32727",
        "displayName": "Optical CPU Containment Housing",
        "amount": 1
      },
      {
        "id": "gregtech:gt.metaitem.01:27394",
        "displayName": "Infinity Catalyst Screw",
        "amount": 4
      },
      {
        "id": "gregtech:gt.metaitem.01:27982",
        "displayName": "Cosmic Neutronium Screw",
        "amount": 4
      },
      {
        "id": "gregtech:gt.metaitem.02:19975",
        "displayName": "Fine Draconium Wire",
        "amount": 4
      },
      {
        "id": "gregtech:gt.blockmachines:15470",
        "displayName": "Optical Fiber Cable",
        "amount": 1
      },
      {
        "id": "bartworks:gt.bwMetaGeneratedscrew:10022",
        "displayName": "Atomic Separation Catalyst Screw",
        "amount": 4
      },
      {
        "id": "bartworks:gt.bwMetaGeneratedscrew:10109",
        "displayName": "Precious Metals Alloy Screw",
        "amount": 4
      }
    ],
    "fluidInputs": [
      {
        "id": "molten.mutatedlivingsolder",
        "displayName": "Mutated Living Solder",
        "amount": 288
      }
    ],
    "itemOutputs": [
      {
        "id": "gregtech:gt.metaitem.03:32726",
        "displayName": "Optically Perfected CPU",
        "amount": 1
      }
    ],
    "fluidOutputs": []
  },
  {
    "machine": "gt.recipe.spaceassembler",
    "recipeType": "gt_machine",
    "euPerTick": 7864320,
    "duration": 400,
    "specialValue": 2,
    "itemInputs": [
      {
        "id": "gregtech:gt.metaitem.03:32724",
        "displayName": "Raw Exposed Optical Chip",
        "amount": 4
      },
      {
        "id": "gregtech:gt.metaitem.03:32727",
        "displayName": "Optical CPU Containment Housing",
        "amount": 4
      },
      {
        "id": "gregtech:gt.metaitem.01:27985",
        "displayName": "Superconductor Base UHV Screw",
        "amount": 8
      },
      {
        "id": "gregtech:gt.metaitem.01:27112",
        "displayName": "Attuned Tengam Screw",
        "amount": 8
      },
      {
        "id": "gregtech:gt.metaitem.02:19976",
        "displayName": "Fine Awakened Draconium Wire",
        "amount": 8
      },
      {
        "id": "gregtech:gt.blockmachines:15470",
        "displayName": "Optical Fiber Cable",
        "amount": 4
      },
      {
        "id": "bartworks:gt.bwMetaGeneratedscrew:10109",
        "displayName": "Precious Metals Alloy Screw",
        "amount": 8
      },
      {
        "id": "bartworks:gt.bwMetaGeneratedscrew:10110",
        "displayName": "Enriched Naquadah Alloy Screw",
        "amount": 8
      }
    ],
    "fluidInputs": [
      {
        "id": "molten.mutatedlivingsolder",
        "displayName": "Mutated Living Solder",
        "amount": 576
      }
    ],
    "itemOutputs": [
      {
        "id": "gregtech:gt.metaitem.03:32726",
        "displayName": "Optically Perfected CPU",
        "amount": 4
      }
    ],
    "fluidOutputs": []
  },
  {
    "machine": "gt.recipe.spaceassembler",
    "recipeType": "gt_machine",
    "euPerTick": 31457280,
    "duration": 400,
    "specialValue": 2,
    "itemInputs": [
      {
        "id": "gregtech:gt.metaitem.03:32724",
        "displayName": "Raw Exposed Optical Chip",
        "amount": 16
      },
      {
        "id": "gregtech:gt.metaitem.03:32727",
        "displayName": "Optical CPU Containment Housing",
        "amount": 16
      },
      {
        "id": "miscutils:itemScrewCelestialTungsten:0",
        "displayName": "Celestial Tungsten Screw",
        "amount": 16
      },
      {
        "id": "gregtech:gt.metaitem.01:27588",
        "displayName": "SpaceTime Screw",
        "amount": 16
      },
      {
        "id": "gregtech:gt.metaitem.02:19329",
        "displayName": "Fine Tritanium Wire",
        "amount": 16
      },
      {
        "id": "gregtech:gt.blockmachines:15470",
        "displayName": "Optical Fiber Cable",
        "amount": 16
      },
      {
        "id": "bartworks:gt.bwMetaGeneratedscrew:10110",
        "displayName": "Enriched Naquadah Alloy Screw",
        "amount": 16
      },
      {
        "id": "bartworks:gt.bwMetaGeneratedscrew:10112",
        "displayName": "Shirabon Screw",
        "amount": 16
      }
    ],
    "fluidInputs": [
      {
        "id": "molten.mutatedlivingsolder",
        "displayName": "Mutated Living Solder",
        "amount": 1152
      }
    ],
    "itemOutputs": [
      {
        "id": "gregtech:gt.metaitem.03:32726",
        "displayName": "Optically Perfected CPU",
        "amount": 16
      }
    ],
    "fluidOutputs": []
  },
  {
    "machine": "gt.recipe.spaceassembler",
    "recipeType": "gt_machine",
    "euPerTick": 122880,
    "duration": 1000,
    "specialValue": 1,
    "itemInputs": [
      {
        "id": "gregtech:gt.metaitem.01:32712",
        "displayName": "Multilayer Fiber-Reinforced Circuit Board",
        "amount": 1
      },
      {
        "id": "gregtech:gt.metaitem.01:29325",
        "displayName": "Naquadah Alloy Foil",
        "amount": 64
      },
      {
        "id": "dreamcraft:item.CircuitLuV:0",
        "displayName": "Any LuV Circuit",
        "amount": 4
      },
      {
        "id": "gregtech:gt.metaitem.01:32714",
        "displayName": "Engraved Lapotron Chip",
        "amount": 64
      },
      {
        "id": "gregtech:gt.metaitem.01:32714",
        "displayName": "Engraved Lapotron Chip",
        "amount": 8
      },
      {
        "id": "gregtech:gt.metaitem.03:32053",
        "displayName": "High Power IC",
        "amount": 64
      },
      {
        "id": "gregtech:gt.metaitem.03:32025",
        "displayName": "Advanced SMD Diode",
        "amount": 8
      },
      {
        "id": "gregtech:gt.metaitem.03:32027",
        "displayName": "Advanced SMD Capacitor",
        "amount": 8
      },
      {
        "id": "gregtech:gt.metaitem.03:32024",
        "displayName": "Advanced SMD Resistor",
        "amount": 8
      },
      {
        "id": "gregtech:gt.metaitem.03:32026",
        "displayName": "Advanced SMD Transistor",
        "amount": 8
      },
      {
        "id": "gregtech:gt.metaitem.02:19085",
        "displayName": "Fine Platinum Wire",
        "amount": 64
      }
    ],
    "fluidInputs": [
      {
        "id": "molten.indalloy140",
        "displayName": "Molten Indalloy 140",
        "amount": 720
      }
    ],
    "itemOutputs": [
      {
        "id": "gregtech:gt.metaitem.01:32599",
        "displayName": "Lapotronic Energy Orb Cluster",
        "amount": 1
      }
    ],
    "fluidOutputs": []
  },
  {
    "machine": "gt.recipe.spaceassembler",
    "recipeType": "gt_machine",
    "euPerTick": 491520,
    "duration": 1000,
    "specialValue": 1,
    "itemInputs": [
      {
        "id": "gregtech:gt.metaitem.03:32105",
        "displayName": "Extreme Wetware Lifesupport Circuit Board",
        "amount": 1
      },
      {
        "id": "gregtech:gt.metaitem.01:29395",
        "displayName": "Bedrockium Foil",
        "amount": 64
      },
      {
        "id": "dreamcraft:item.CircuitZPM:0",
        "displayName": "Any ZPM Circuit",
        "amount": 4
      },
      {
        "id": "gregtech:gt.metaitem.01:32714",
        "displayName": "Engraved Lapotron Chip",
        "amount": 64
      },
      {
        "id": "gregtech:gt.metaitem.01:32714",
        "displayName": "Engraved Lapotron Chip",
        "amount": 64
      },
      {
        "id": "gregtech:gt.metaitem.03:32059",
        "displayName": "Ultra High Power IC",
        "amount": 64
      },
      {
        "id": "gregtech:gt.metaitem.03:32179",
        "displayName": "Optical SMD Diode",
        "amount": 8
      },
      {
        "id": "gregtech:gt.metaitem.03:32181",
        "displayName": "Optical SMD Capacitor",
        "amount": 8
      },
      {
        "id": "gregtech:gt.metaitem.03:32178",
        "displayName": "Optical SMD Resistor",
        "amount": 8
      },
      {
        "id": "gregtech:gt.metaitem.03:32180",
        "displayName": "Optical SMD Transistor",
        "amount": 8
      },
      {
        "id": "miscutils:itemFineWireHypogen:0",
        "displayName": "Fine Hypogen Wire",
        "amount": 48
      }
    ],
    "fluidInputs": [
      {
        "id": "molten.mutatedlivingsolder",
        "displayName": "Mutated Living Solder",
        "amount": 720
      }
    ],
    "itemOutputs": [
      {
        "id": "gregtech:gt.metaitem.01:32736",
        "displayName": "Energy Module",
        "amount": 1
      }
    ],
    "fluidOutputs": []
  },
  {
    "machine": "gt.recipe.spaceassembler",
    "recipeType": "gt_machine",
    "euPerTick": 122880,
    "duration": 1000,
    "specialValue": 1,
    "itemInputs": [
      {
        "id": "gregtech:gt.metaitem.01:17064",
        "displayName": "Lanthanum Plate",
        "amount": 32
      },
      {
        "id": "gregtech:gt.metaitem.01:17320",
        "displayName": "Fluxed Electrum Plate",
        "amount": 16
      },
      {
        "id": "gregtech:gt.metaitem.01:17868",
        "displayName": "Trinium Plate",
        "amount": 16
      },
      {
        "id": "gregtech:gt.metaitem.01:17325",
        "displayName": "Naquadah Alloy Plate",
        "amount": 64
      },
      {
        "id": "gregtech:gt.metaitem.01:17325",
        "displayName": "Naquadah Alloy Plate",
        "amount": 16
      },
      {
        "id": "gregtech:gt.metaitem.01:17317",
        "displayName": "Osmiridium Plate",
        "amount": 16
      },
      {
        "id": "gregtech:gt.metaitem.01:17367",
        "displayName": "Vibrant Alloy Plate",
        "amount": 16
      }
    ],
    "fluidInputs": [
      {
        "id": "molten.indalloy140",
        "displayName": "Molten Indalloy 140",
        "amount": 4608
      },
      {
        "id": "molten.lead",
        "displayName": "Molten Lead",
        "amount": 9216
      }
    ],
    "itemOutputs": [
      {
        "id": "GoodGenerator:advancedRadiationProtectionPlate:0",
        "displayName": "Advanced Radiation Proof Plate",
        "amount": 4
      }
    ],
    "fluidOutputs": []
  },
  {
    "machine": "gt.recipe.spaceassembler",
    "recipeType": "gt_machine",
    "euPerTick": 1966080,
    "duration": 1000,
    "specialValue": 1,
    "itemInputs": [
      {
        "id": "gregtech:gt.metaitem.03:32107",
        "displayName": "Ultra Bio Mutated Circuit Board",
        "amount": 1
      },
      {
        "id": "gregtech:gt.metaitem.01:29982",
        "displayName": "Cosmic Neutronium Foil",
        "amount": 64
      },
      {
        "id": "dreamcraft:item.CircuitUV:0",
        "displayName": "Any UV Circuit",
        "amount": 4
      },
      {
        "id": "gregtech:gt.metaitem.01:32714",
        "displayName": "Engraved Lapotron Chip",
        "amount": 64
      },
      {
        "id": "gregtech:gt.metaitem.01:32714",
        "displayName": "Engraved Lapotron Chip",
        "amount": 64
      },
      {
        "id": "gregtech:gt.metaitem.01:32714",
        "displayName": "Engraved Lapotron Chip",
        "amount": 64
      },
      {
        "id": "gregtech:gt.metaitem.01:32714",
        "displayName": "Engraved Lapotron Chip",
        "amount": 64
      },
      {
        "id": "gregtech:gt.metaitem.03:32161",
        "displayName": "Nano Power IC",
        "amount": 64
      },
      {
        "id": "gregtech:gt.metaitem.03:32179",
        "displayName": "Optical SMD Diode",
        "amount": 32
      },
      {
        "id": "gregtech:gt.metaitem.03:32181",
        "displayName": "Optical SMD Capacitor",
        "amount": 32
      },
      {
        "id": "gregtech:gt.metaitem.03:32178",
        "displayName": "Optical SMD Resistor",
        "amount": 32
      },
      {
        "id": "gregtech:gt.metaitem.03:32180",
        "displayName": "Optical SMD Transistor",
        "amount": 32
      },
      {
        "id": "gregtech:gt.blockmachines:2606",
        "displayName": "1x SpaceTime Wire",
        "amount": 12
      }
    ],
    "fluidInputs": [
      {
        "id": "molten.mutatedlivingsolder",
        "displayName": "Mutated Living Solder",
        "amount": 1440
      }
    ],
    "itemOutputs": [
      {
        "id": "gregtech:gt.metaitem.01:32737",
        "displayName": "Energy Cluster",
        "amount": 1
      }
    ],
    "fluidOutputs": []
  },
  {
    "machine": "gt.recipe.spaceassembler",
    "recipeType": "gt_machine",
    "euPerTick": 7864320,
    "duration": 1000,
    "specialValue": 2,
    "itemInputs": [
      {
        "id": "gregtech:gt.metaitem.03:32728",
        "displayName": "Optical Circuit Board",
        "amount": 1
      },
      {
        "id": "bartworks:gt.bwMetaGeneratedfoil:10112",
        "displayName": "Shirabon Foil",
        "amount": 64
      },
      {
        "id": "dreamcraft:item.CircuitUHV:0",
        "displayName": "Any UHV Circuit",
        "amount": 4
      },
      {
        "id": "gregtech:gt.metaitem.01:32714",
        "displayName": "Engraved Lapotron Chip",
        "amount": 64
      },
      {
        "id": "gregtech:gt.metaitem.01:32714",
        "displayName": "Engraved Lapotron Chip",
        "amount": 64
      },
      {
        "id": "gregtech:gt.metaitem.01:32714",
        "displayName": "Engraved Lapotron Chip",
        "amount": 64
      },
      {
        "id": "gregtech:gt.metaitem.01:32714",
        "displayName": "Engraved Lapotron Chip",
        "amount": 64
      },
      {
        "id": "gregtech:gt.metaitem.01:32714",
        "displayName": "Engraved Lapotron Chip",
        "amount": 64
      },
      {
        "id": "gregtech:gt.metaitem.01:32714",
        "displayName": "Engraved Lapotron Chip",
        "amount": 64
      },
      {
        "id": "gregtech:gt.metaitem.01:32714",
        "displayName": "Engraved Lapotron Chip",
        "amount": 64
      },
      {
        "id": "gregtech:gt.metaitem.03:32163",
        "displayName": "Piko Power IC",
        "amount": 64
      },
      {
        "id": "gregtech:gt.metaitem.03:32179",
        "displayName": "Optical SMD Diode",
        "amount": 64
      },
      {
        "id": "gregtech:gt.metaitem.03:32181",
        "displayName": "Optical SMD Capacitor",
        "amount": 64
      },
      {
        "id": "gregtech:gt.metaitem.03:32178",
        "displayName": "Optical SMD Resistor",
        "amount": 64
      },
      {
        "id": "gregtech:gt.metaitem.03:32180",
        "displayName": "Optical SMD Transistor",
        "amount": 64
      },
      {
        "id": "gregtech:gt.metaitem.01:26583",
        "displayName": "Magnetohydrodynamically Constrained Star Matter Bolt",
        "amount": 4
      }
    ],
    "fluidInputs": [
      {
        "id": "molten.mutatedlivingsolder",
        "displayName": "Mutated Living Solder",
        "amount": 2880
      },
      {
        "id": "molten.whitedwarfmatter",
        "displayName": "Molten White Dwarf Matter",
        "amount": 576
      },
      {
        "id": "molten.blackdwarfmatter",
        "displayName": "Molten Black Dwarf Matter",
        "amount": 576
      }
    ],
    "itemOutputs": [
      {
        "id": "gregtech:gt.metaitem.01:32605",
        "displayName": "Ultimate Battery",
        "amount": 1
      }
    ],
    "fluidOutputs": []
  },
  {
    "machine": "gt.recipe.spaceassembler",
    "recipeType": "gt_machine",
    "euPerTick": 1966080,
    "duration": 400,
    "specialValue": 1,
    "itemInputs": [
      {
        "id": "OpenComputers:item:39",
        "displayName": "Memory (Tier 3.5)",
        "amount": 1
      },
      {
        "id": "gregtech:gt.metaitem.03:32724",
        "displayName": "Raw Exposed Optical Chip",
        "amount": 1
      },
      {
        "id": "gregtech:gt.blockmachines:15470",
        "displayName": "Optical Fiber Cable",
        "amount": 4
      },
      {
        "id": "gregtech:gt.blockmachines:2026",
        "displayName": "1x Superconductor UEV Wire",
        "amount": 4
      },
      {
        "id": "gregtech:gt.metaitem.01:27397",
        "displayName": "Infinity Screw",
        "amount": 8
      },
      {
        "id": "supersolarpanel:solarsplitter:0",
        "displayName": "Solar Light Splitter",
        "amount": 1
      }
    ],
    "fluidInputs": [
      {
        "id": "molten.mutatedlivingsolder",
        "displayName": "Mutated Living Solder",
        "amount": 288
      }
    ],
    "itemOutputs": [
      {
        "id": "gregtech:gt.metaitem.03:32725",
        "displayName": "Optically Compatible Memory",
        "amount": 2
      }
    ],
    "fluidOutputs": []
  },
  {
    "machine": "gt.recipe.spaceassembler",
    "recipeType": "gt_machine",
    "euPerTick": 7864320,
    "duration": 400,
    "specialValue": 2,
    "itemInputs": [
      {
        "id": "OpenComputers:item:39",
        "displayName": "Memory (Tier 3.5)",
        "amount": 4
      },
      {
        "id": "gregtech:gt.metaitem.03:32724",
        "displayName": "Raw Exposed Optical Chip",
        "amount": 1
      },
      {
        "id": "gregtech:gt.blockmachines:15470",
        "displayName": "Optical Fiber Cable",
        "amount": 16
      },
      {
        "id": "gregtech:gt.blockmachines:2081",
        "displayName": "1x Superconductor UIV Wire",
        "amount": 4
      },
      {
        "id": "gregtech:gt.metaitem.01:27397",
        "displayName": "Infinity Screw",
        "amount": 16
      },
      {
        "id": "supersolarpanel:solarsplitter:0",
        "displayName": "Solar Light Splitter",
        "amount": 4
      }
    ],
    "fluidInputs": [
      {
        "id": "molten.mutatedlivingsolder",
        "displayName": "Mutated Living Solder",
        "amount": 576
      }
    ],
    "itemOutputs": [
      {
        "id": "gregtech:gt.metaitem.03:32725",
        "displayName": "Optically Compatible Memory",
        "amount": 8
      }
    ],
    "fluidOutputs": []
  },
  {
    "machine": "gt.recipe.spaceassembler",
    "recipeType": "gt_machine",
    "euPerTick": 31457280,
    "duration": 400,
    "specialValue": 2,
    "itemInputs": [
      {
        "id": "OpenComputers:item:39",
        "displayName": "Memory (Tier 3.5)",
        "amount": 16
      },
      {
        "id": "gregtech:gt.metaitem.03:32724",
        "displayName": "Raw Exposed Optical Chip",
        "amount": 1
      },
      {
        "id": "gregtech:gt.blockmachines:15470",
        "displayName": "Optical Fiber Cable",
        "amount": 64
      },
      {
        "id": "gregtech:gt.blockmachines:2089",
        "displayName": "1x Superconductor UMV Wire",
        "amount": 4
      },
      {
        "id": "gregtech:gt.metaitem.01:27397",
        "displayName": "Infinity Screw",
        "amount": 32
      },
      {
        "id": "supersolarpanel:solarsplitter:0",
        "displayName": "Solar Light Splitter",
        "amount": 16
      }
    ],
    "fluidInputs": [
      {
        "id": "molten.mutatedlivingsolder",
        "displayName": "Mutated Living Solder",
        "amount": 1152
      }
    ],
    "itemOutputs": [
      {
        "id": "gregtech:gt.metaitem.03:32725",
        "displayName": "Optically Compatible Memory",
        "amount": 32
      }
    ],
    "fluidOutputs": []
  },
  {
    "machine": "gt.recipe.spaceassembler",
    "recipeType": "gt_machine",
    "euPerTick": 1966080,
    "duration": 300,
    "specialValue": 1,
    "itemInputs": [
      {
        "id": "gregtech:gt.blockmachines:715",
        "displayName": "Quadruple Input Hatch (UEV)",
        "amount": 4
      },
      {
        "id": "ae2fc:fluid_interface:0",
        "displayName": "ME Dual Interface",
        "amount": 1
      },
      {
        "id": "gregtech:gt.metaitem.03:32725",
        "displayName": "Optically Compatible Memory",
        "amount": 2
      },
      {
        "id": "gregtech:gt.metaitem.01:32619",
        "displayName": "Electric Pump (UEV)",
        "amount": 1
      },
      {
        "id": "ae2fc:fluid_part:7",
        "displayName": "§516384k§r ME Fluid Storage Component",
        "amount": 4
      },
      {
        "id": "appliedenergistics2:item.ItemMultiMaterial:56",
        "displayName": "Hyper-Acceleration Card",
        "amount": 4
      }
    ],
    "fluidInputs": [
      {
        "id": "molten.mutatedlivingsolder",
        "displayName": "Mutated Living Solder",
        "amount": 2304
      }
    ],
    "itemOutputs": [
      {
        "id": "gregtech:gt.blockmachines:2712",
        "displayName": "Advanced Stocking Input Hatch (ME)",
        "amount": 1
      }
    ],
    "fluidOutputs": []
  },
  {
    "machine": "gt.recipe.spaceassembler",
    "recipeType": "gt_machine",
    "euPerTick": 491520,
    "duration": 200,
    "specialValue": 1,
    "itemInputs": [
      {
        "id": "gregtech:gt.metaitem.03:32104",
        "displayName": "Elite Circuit Board",
        "amount": 4
      },
      {
        "id": "gregtech:gt.metaitem.03:32039",
        "displayName": "Random Access Memory Chip",
        "amount": 64
      },
      {
        "id": "gregtech:gt.metaitem.03:32047",
        "displayName": "SoC",
        "amount": 64
      },
      {
        "id": "gregtech:gt.metaitem.03:32041",
        "displayName": "NAND Memory Chip",
        "amount": 64
      },
      {
        "id": "dreamcraft:item.CircuitZPM:0",
        "displayName": "Any ZPM Circuit",
        "amount": 2
      },
      {
        "id": "gregtech:gt.metaitem.01:29357",
        "displayName": "Vanadium-Gallium Foil",
        "amount": 64
      }
    ],
    "fluidInputs": [
      {
        "id": "molten.indalloy140",
        "displayName": "Molten Indalloy 140",
        "amount": 1152
      }
    ],
    "itemOutputs": [
      {
        "id": "OpenComputers:item:39",
        "displayName": "Memory (Tier 3.5)",
        "amount": 64
      }
    ],
    "fluidOutputs": []
  },
  {
    "machine": "gt.recipe.spaceassembler",
    "recipeType": "gt_machine",
    "euPerTick": 1966080,
    "duration": 6000,
    "specialValue": 1,
    "itemInputs": [
      {
        "id": "appliedenergistics2:tile.BlockCraftingUnit:0",
        "displayName": "Crafting Unit",
        "amount": 1
      },
      {
        "id": "appliedenergistics2:tile.BlockCraftingUnit:3",
        "displayName": "16 Core Co-Processing Unit",
        "amount": 1
      },
      {
        "id": "appliedenergistics2:tile.BlockAdvancedCraftingStorage:3",
        "displayName": "16384k Crafting Storage",
        "amount": 1
      },
      {
        "id": "gregtech:gt.metaitem.01:32658",
        "displayName": "Robot Arm (UHV)",
        "amount": 16
      },
      {
        "id": "gregtech:gt.metaitem.03:32154",
        "displayName": "Optical Processor",
        "amount": 16
      },
      {
        "id": "gregtech:gt.metaitem.01:26019",
        "displayName": "Aluminium Bolt",
        "amount": 4
      },
      {
        "id": "ae2fc:part_fluid_pattern_terminal_ex:0",
        "displayName": "ME Fluid Processing Pattern Terminal",
        "amount": 1
      }
    ],
    "fluidInputs": [
      {
        "id": "molten.mutatedlivingsolder",
        "displayName": "Mutated Living Solder",
        "amount": 9216
      }
    ],
    "itemOutputs": [
      {
        "id": "appliedenergistics2:tile.BlockPatternOptimizationMatrix:0",
        "displayName": "Pattern Optimization Matrix",
        "amount": 1
      }
    ],
    "fluidOutputs": []
  },
  {
    "machine": "gt.recipe.spaceassembler",
    "recipeType": "gt_machine",
    "euPerTick": 503316480,
    "duration": 1200,
    "specialValue": 3,
    "itemInputs": [
      {
        "id": "appliedenergistics2:item.ItemExtremeStorageCell.Singularity:0",
        "displayName": "Digital Singularity ME Storage Cell",
        "amount": 1
      },
      {
        "id": "gregtech:gt.metaitem.01:22581",
        "displayName": "Dense Transcendent Metal Plate",
        "amount": 64
      },
      {
        "id": "gregtech:gt.metaitem.01:32047",
        "displayName": "Field Generator (UXV)",
        "amount": 1
      },
      {
        "id": "gregtech:gt.metaitem.01:32146",
        "displayName": "Mega Ultimate Battery",
        "amount": 1,
        "nbt": "{GT.ItemCharge:9223372036854775807L}"
      },
      {
        "id": "tectech:gt.spacetime_compression_field_generator:8",
        "displayName": "§f§lGallifreyan§r Spacetime Compression Field Generator",
        "amount": 4
      },
      {
        "id": "gregtech:gt.metaitem.03:4143",
        "displayName": "Magmatter Nanites",
        "amount": 4
      },
      {
        "id": "gregtech:gt.metaitem.03:4141",
        "displayName": "Eternity Nanites",
        "amount": 4
      }
    ],
    "fluidInputs": [
      {
        "id": "molten.eternity",
        "displayName": "Molten Eternity",
        "amount": 36864
      }
    ],
    "itemOutputs": [
      {
        "id": "appliedenergistics2:item.ItemExtremeStorageCell.Universe:0",
        "displayName": "Artificial Universe ME Storage Cell",
        "amount": 1
      }
    ],
    "fluidOutputs": []
  },
  {
    "machine": "gt.recipe.spaceassembler",
    "recipeType": "gt_machine",
    "euPerTick": 1966080,
    "duration": 200,
    "specialValue": 1,
    "itemInputs": [
      {
        "id": "eternalsingularity:eternal_singularity:0",
        "displayName": "Eternal Singularity",
        "amount": 1
      },
      {
        "id": "appliedenergistics2:item.ItemMultiMaterial:60",
        "displayName": "16384k ME Storage Component",
        "amount": 12
      },
      {
        "id": "gregtech:gt.blockmachines:129",
        "displayName": "Quantum Chest V",
        "amount": 8
      },
      {
        "id": "Avaritia:Resource_Block:1",
        "displayName": "Infinity Block",
        "amount": 4
      },
      {
        "id": "Avaritia:Resource:5",
        "displayName": "Infinity Catalyst",
        "amount": 4
      },
      {
        "id": "Avaritia:Resource_Block:0",
        "displayName": "Cosmic Neutronium Block",
        "amount": 12
      }
    ],
    "fluidInputs": [
      {
        "id": "molten.mutatedlivingsolder",
        "displayName": "Mutated Living Solder",
        "amount": 2304
      }
    ],
    "itemOutputs": [
      {
        "id": "appliedenergistics2:item.ItemExtremeStorageCell.Singularity:0",
        "displayName": "Digital Singularity ME Storage Cell",
        "amount": 1
      }
    ],
    "fluidOutputs": []
  },
  {
    "machine": "gt.recipe.spaceassembler",
    "recipeType": "gt_machine",
    "euPerTick": 503316480,
    "duration": 1200,
    "specialValue": 3,
    "itemInputs": [
      {
        "id": "ae2fc:fluid_storage.singularity:0",
        "displayName": "ME Fluid Digital Singularity Storage Cell",
        "amount": 1
      },
      {
        "id": "bartworks:gt.bwMetaGeneratedplateDense:10112",
        "displayName": "Dense Shirabon Plate",
        "amount": 16
      },
      {
        "id": "gregtech:gt.metaitem.01:32047",
        "displayName": "Field Generator (UXV)",
        "amount": 1
      },
      {
        "id": "GoodGenerator:yottaFluidTankCells:9",
        "displayName": "Fluid Cell Block T10",
        "amount": 2
      },
      {
        "id": "kekztech:kekztech_tfftstoragefield_block:10",
        "displayName": "T.F.F.T Storage Field Block (Tier X)",
        "amount": 2
      },
      {
        "id": "tectech:gt.spacetime_compression_field_generator:8",
        "displayName": "§f§lGallifreyan§r Spacetime Compression Field Generator",
        "amount": 4
      },
      {
        "id": "gregtech:gt.metaitem.03:4143",
        "displayName": "Magmatter Nanites",
        "amount": 4
      },
      {
        "id": "gregtech:gt.metaitem.03:4141",
        "displayName": "Eternity Nanites",
        "amount": 4
      }
    ],
    "fluidInputs": [
      {
        "id": "molten.eternity",
        "displayName": "Molten Eternity",
        "amount": 36864
      }
    ],
    "itemOutputs": [
      {
        "id": "ae2fc:fluid_storage.Universe:0",
        "displayName": "ME Fluid Artificial Universe Storage Cell",
        "amount": 1
      }
    ],
    "fluidOutputs": []
  },
  {
    "machine": "gt.recipe.spaceassembler",
    "recipeType": "gt_machine",
    "euPerTick": 1966080,
    "duration": 200,
    "specialValue": 1,
    "itemInputs": [
      {
        "id": "eternalsingularity:eternal_singularity:0",
        "displayName": "Eternal Singularity",
        "amount": 1
      },
      {
        "id": "GoodGenerator:yottaFluidTankCells:6",
        "displayName": "Fluid Cell Block T7",
        "amount": 4
      },
      {
        "id": "ae2fc:fluid_part:7",
        "displayName": "§516384k§r ME Fluid Storage Component",
        "amount": 8
      },
      {
        "id": "gregtech:gt.blockmachines:124",
        "displayName": "Quantum Tank V",
        "amount": 8
      },
      {
        "id": "Avaritia:Resource_Block:1",
        "displayName": "Infinity Block",
        "amount": 4
      },
      {
        "id": "Avaritia:Resource:5",
        "displayName": "Infinity Catalyst",
        "amount": 4
      },
      {
        "id": "Avaritia:Resource_Block:0",
        "displayName": "Cosmic Neutronium Block",
        "amount": 12
      }
    ],
    "fluidInputs": [
      {
        "id": "molten.mutatedlivingsolder",
        "displayName": "Mutated Living Solder",
        "amount": 2304
      }
    ],
    "itemOutputs": [
      {
        "id": "ae2fc:fluid_storage.singularity:0",
        "displayName": "ME Fluid Digital Singularity Storage Cell",
        "amount": 1
      }
    ],
    "fluidOutputs": []
  },
  {
    "machine": "gt.recipe.spaceassembler",
    "recipeType": "gt_machine",
    "euPerTick": 1966080,
    "duration": 200,
    "specialValue": 1,
    "itemInputs": [
      {
        "id": "eternalsingularity:eternal_singularity:0",
        "displayName": "Eternal Singularity",
        "amount": 1
      },
      {
        "id": "thaumicenergistics:storage.component:8",
        "displayName": "16384k ME Essentia Storage Component",
        "amount": 12
      },
      {
        "id": "Thaumcraft:blockEssentiaReservoir:0",
        "displayName": "Essentia Reservoir",
        "amount": 8
      },
      {
        "id": "Avaritia:Resource_Block:1",
        "displayName": "Infinity Block",
        "amount": 4
      },
      {
        "id": "Avaritia:Resource:5",
        "displayName": "Infinity Catalyst",
        "amount": 4
      },
      {
        "id": "Avaritia:Resource_Block:0",
        "displayName": "Cosmic Neutronium Block",
        "amount": 12
      }
    ],
    "fluidInputs": [
      {
        "id": "molten.mutatedlivingsolder",
        "displayName": "Mutated Living Solder",
        "amount": 2304
      }
    ],
    "itemOutputs": [
      {
        "id": "thaumicenergistics:storage.essentia:10",
        "displayName": "ME Essentia Digital Singularity Storage Cell",
        "amount": 1
      }
    ],
    "fluidOutputs": []
  }
]