[
  {
    "machine": "gt.recipe.fluidheater",
    "recipeType": "gt_machine",
    "euPerTick": 30720,
    "duration": 100,
    "itemInputs": [],
    "fluidInputs": [
      {
        "id": "steam",
        "displayName": "Steam",
        "amount": 3840
      }
    ],
    "itemOutputs": [],
    "fluidOutputs": [
      {
        "id": "ic2superheatedsteam",
        "displayName": "Superheated Steam",
        "amount": 3840
      }
    ]
  },
  {
    "machine": "gt.recipe.fluidheater",
    "recipeType": "gt_machine",
    "euPerTick": 120,
    "duration": 18,
    "itemInputs": [
      {
        "id": "gregtech:gt.integrated_circuit:10",
        "displayName": "Programmed Circuit",
        "amount": 0
      }
    ],
    "fluidInputs": [
      {
        "id": "fulvic acid",
        "displayName": "fulvic acid",
        "amount": 200
      }
    ],
    "itemOutputs": [],
    "fluidOutputs": [
      {
        "id": "heated fulvic acid",
        "displayName": "heated fulvic acid",
        "amount": 200
      }
    ]
  },
  {
    "machine": "gt.recipe.fluidheater",
    "recipeType": "gt_machine",
    "euPerTick": 120,
    "duration": 24,
    "itemInputs": [],
    "fluidInputs": [
      {
        "id": "diluted acetone",
        "displayName": "Diluted Acetone",
        "amount": 50
      }
    ],
    "itemOutputs": [],
    "fluidOutputs": [
      {
        "id": "acetone",
        "displayName": "Acetone",
        "amount": 30
      }
    ]
  },
  {
    "machine": "gt.recipe.fluidheater",
    "recipeType": "gt_machine",
    "euPerTick": 30,
    "duration": 30,
    "itemInputs": [
      {
        "id": "gregtech:gt.integrated_circuit:20",
        "displayName": "Programmed Circuit",
        "amount": 0
      }
    ],
    "fluidInputs": [
      {
        "id": "water",
        "displayName": "Water",
        "amount": 1000
      }
    ],
    "itemOutputs": [],
    "fluidOutputs": [
      {
        "id": "ic2hotwater",
        "displayName": "Heated Water",
        "amount": 1000
      }
    ]
  },
  {
    "machine": "gt.recipe.fluidheater",
    "recipeType": "gt_machine",
    "euPerTick": 480,
    "duration": 600,
    "itemInputs": [
      {
        "id": "miscutils:itemDustSodiumFluoride:0",
        "displayName": "Sodium Fluoride Dust",
        "amount": 1
      }
    ],
    "fluidInputs": [],
    "itemOutputs": [],
    "fluidOutputs": [
      {
        "id": "molten.sodiumfluoride",
        "displayName": "Sodium Fluoride",
        "amount": 144
      }
    ]
  },
  {
    "machine": "gt.recipe.fluidheater",
    "recipeType": "gt_machine",
    "euPerTick": 480,
    "duration": 18,
    "itemInputs": [
      {
        "id": "gregtech:gt.integrated_circuit:16",
        "displayName": "Programmed Circuit",
        "amount": 0
      }
    ],
    "fluidInputs": [
      {
        "id": "molten.cyanoacrylatepolymer",
        "displayName": "Cyanoacrylate Polymer",
        "amount": 2
      }
    ],
    "itemOutputs": [],
    "fluidOutputs": [
      {
        "id": "molten.ethylcyanoacrylatesuperglue",
        "displayName": "Ethyl Cyanoacrylate (Super Glue)",
        "amount": 2
      }
    ]
  },
  {
    "machine": "gt.recipe.fluidheater",
    "recipeType": "gt_machine",
    "euPerTick": 7680,
    "duration": 20,
    "itemInputs": [
      {
        "id": "gregtech:gt.integrated_circuit:1",
        "displayName": "Programmed Circuit",
        "amount": 0
      }
    ],
    "fluidInputs": [
      {
        "id": "growthmediumraw",
        "displayName": "Raw Growth Catalyst Medium",
        "amount": 100
      }
    ],
    "itemOutputs": [],
    "fluidOutputs": [
      {
        "id": "growthmediumsterilized",
        "displayName": "Growth Catalyst Medium",
        "amount": 100
      }
    ]
  },
  {
    "machine": "gt.recipe.fluidheater",
    "recipeType": "gt_machine",
    "euPerTick": 30720,
    "duration": 20,
    "itemInputs": [
      {
        "id": "gregtech:gt.integrated_circuit:1",
        "displayName": "Programmed Circuit",
        "amount": 0
      }
    ],
    "fluidInputs": [
      {
        "id": "biomediumraw",
        "displayName": "Raw Bio Catalyst Medium",
        "amount": 100
      }
    ],
    "itemOutputs": [],
    "fluidOutputs": [
      {
        "id": "biohmediumsterilized",
        "displayName": "Sterilized Bio Catalyst Medium",
        "amount": 100
      }
    ]
  },
  {
    "machine": "gt.recipe.fluidheater",
    "recipeType": "gt_machine",
    "euPerTick": 30,
    "duration": 30,
    "itemInputs": [
      {
        "id": "gregtech:gt.integrated_circuit:1",
        "displayName": "Programmed Circuit",
        "amount": 0
      }
    ],
    "fluidInputs": [
      {
        "id": "water",
        "displayName": "Water",
        "amount": 6
      }
    ],
    "itemOutputs": [],
    "fluidOutputs": [
      {
        "id": "steam",
        "displayName": "Steam",
        "amount": 960
      }
    ]
  },
  {
    "machine": "gt.recipe.fluidheater",
    "recipeType": "gt_machine",
    "euPerTick": 30,
    "duration": 30,
    "itemInputs": [
      {
        "id": "gregtech:gt.integrated_circuit:1",
        "displayName": "Programmed Circuit",
        "amount": 0
      }
    ],
    "fluidInputs": [
      {
        "id": "ic2distilledwater",
        "displayName": "Distilled Water",
        "amount": 6
      }
    ],
    "itemOutputs": [],
    "fluidOutputs": [
      {
        "id": "steam",
        "displayName": "Steam",
        "amount": 960
      }
    ]
  },
  {
    "machine": "gt.recipe.fluidheater",
    "recipeType": "gt_machine",
    "euPerTick": 30,
    "duration": 16,
    "itemInputs": [
      {
        "id": "gregtech:gt.integrated_circuit:1",
        "displayName": "Programmed Circuit",
        "amount": 0
      }
    ],
    "fluidInputs": [
      {
        "id": "seedoil",
        "displayName": "Seed Oil",
        "amount": 16
      }
    ],
    "itemOutputs": [],
    "fluidOutputs": [
      {
        "id": "hotfryingoil",
        "displayName": "Hot Frying Oil",
        "amount": 16
      }
    ]
  },
  {
    "machine": "gt.recipe.fluidheater",
    "recipeType": "gt_machine",
    "euPerTick": 30,
    "duration": 16,
    "itemInputs": [
      {
        "id": "gregtech:gt.integrated_circuit:1",
        "displayName": "Programmed Circuit",
        "amount": 0
      }
    ],
    "fluidInputs": [
      {
        "id": "fishoil",
        "displayName": "Fish Oil",
        "amount": 16
      }
    ],
    "itemOutputs": [],
    "fluidOutputs": [
      {
        "id": "hotfryingoil",
        "displayName": "Hot Frying Oil",
        "amount": 16
      }
    ]
  },
  {
    "machine": "gt.recipe.fluidheater",
    "recipeType": "gt_machine",
    "euPerTick": 30,
    "duration": 16,
    "itemInputs": [
      {
        "id": "gregtech:gt.integrated_circuit:1",
        "displayName": "Programmed Circuit",
        "amount": 0
      }
    ],
    "fluidInputs": [
      {
        "id": "calciumacetatesolution",
        "displayName": "Calcium Acetate Solution",
        "amount": 200
      }
    ],
    "itemOutputs": [],
    "fluidOutputs": [
      {
        "id": "acetone",
        "displayName": "Acetone",
        "amount": 200
      }
    ]
  },
  {
    "machine": "gt.recipe.fluidheater",
    "recipeType": "gt_machine",
    "euPerTick": 120,
    "duration": 200,
    "itemInputs": [
      {
        "id": "gregtech:gt.metaitem.01:2017",
        "displayName": "Sodium Dust",
        "amount": 1
      }
    ],
    "fluidInputs": [],
    "itemOutputs": [],
    "fluidOutputs": [
      {
        "id": "liquid_sodium",
        "displayName": "Liquid Sodium",
        "amount": 1000
      }
    ]
  },
  {
    "machine": "gt.recipe.fluidheater",
    "recipeType": "gt_machine",
    "euPerTick": 160,
    "duration": 16,
    "itemInputs": [
      {
        "id": "gregtech:gt.integrated_circuit:1",
        "displayName": "Programmed Circuit",
        "amount": 0
      }
    ],
    "fluidInputs": [
      {
        "id": "acetone",
        "displayName": "Acetone",
        "amount": 100
      }
    ],
    "itemOutputs": [],
    "fluidOutputs": [
      {
        "id": "ethenone",
        "displayName": "Ethenone",
        "amount": 100
      }
    ]
  },
  {
    "machine": "gt.recipe.fluidheater",
    "recipeType": "gt_machine",
    "euPerTick": 480,
    "duration": 40,
    "itemInputs": [
      {
        "id": "gregtech:gt.integrated_circuit:1",
        "displayName": "Programmed Circuit",
        "amount": 0
      }
    ],
    "fluidInputs": [
      {
        "id": "bauxiteslurry",
        "displayName": "Bauxite Slurry",
        "amount": 2000
      }
    ],
    "itemOutputs": [],
    "fluidOutputs": [
      {
        "id": "headedbauxiteslurry",
        "displayName": "Heated Bauxite Slurry",
        "amount": 2000
      }
    ]
  },
  {
    "machine": "gt.recipe.fluidheater",
    "recipeType": "gt_machine",
    "euPerTick": 480,
    "duration": 300,
    "itemInputs": [
      {
        "id": "gregtech:gt.integrated_circuit:1",
        "displayName": "Programmed Circuit",
        "amount": 0
      }
    ],
    "fluidInputs": [
      {
        "id": "ruthenium tetroxide solution",
        "displayName": "Ruthenium Tetroxide Solution",
        "amount": 1000
      }
    ],
    "itemOutputs": [],
    "fluidOutputs": [
      {
        "id": "hot ruthenium tetroxide solution",
        "displayName": "Hot Ruthenium Tetroxide Solution",
        "amount": 2000
      }
    ]
  }
]