[
  {
    "machine": "gt.recipe.fog_exotic",
    "recipeType": "gt_machine",
    "euPerTick": 2013265912,
    "duration": 200,
    "specialValue": 1,
    "itemInputs": [
      {
        "id": "gregtech:gt.metaitem.01:2032",
        "displayName": "Iron Dust",
        "amount": 1
      }
    ],
    "fluidInputs": [
      {
        "id": "molten.iron",
        "displayName": "Molten Iron",
        "amount": 1
      }
    ],
    "itemOutputs": [],
    "fluidOutputs": [
      {
        "id": "quarkgluonplasma",
        "displayName": "Degenerate Quark Gluon Plasma",
        "amount": 1000
      }
    ]
  },
  {
    "machine": "gt.recipe.fog_exotic",
    "recipeType": "gt_machine",
    "euPerTick": 2013265912,
    "duration": 200,
    "specialValue": 1,
    "itemInputs": [
      {
        "id": "gregtech:gt.metaitem.01:2032",
        "displayName": "Iron Dust",
        "amount": 1
      }
    ],
    "fluidInputs": [
      {
        "id": "molten.iron",
        "displayName": "Molten Iron",
        "amount": 1
      },
      {
        "id": "molten.bismuth",
        "displayName": "Molten Bismuth",
        "amount": 1
      }
    ],
    "itemOutputs": [],
    "fluidOutputs": [
      {
        "id": "molten.magmatter",
        "displayName": "Molten Magmatter",
        "amount": 576
      }
    ]
  }
]