[
  {
    "machine": "gt.recipe.purificationplantozonation",
    "recipeType": "gt_machine",
    "euPerTick": 30720,
    "duration": 2400,
    "itemInputs": [],
    "fluidInputs": [
      {
        "id": "grade1purifiedwater",
        "displayName": "Filtered Water (Grade 1)",
        "amount": 1000
      },
      {
        "id": "ozone",
        "displayName": "Ozone",
        "amount": 128000
      }
    ],
    "itemOutputs": [
      {
        "id": "gregtech:gt.metaitem.01:2031",
        "displayName": "Manganese Dust",
        "amount": 1
      },
      {
        "id": "gregtech:gt.metaitem.01:2032",
        "displayName": "Iron Dust",
        "amount": 1
      },
      {
        "id": "gregtech:gt.metaitem.01:2022",
        "displayName": "Sulfur Dust",
        "amount": 1
      }
    ],
    "fluidOutputs": [
      {
        "id": "grade2purifiedwater",
        "displayName": "Ozonated Water (Grade 2)",
        "amount": 900
      }
    ],
    "outputChances": [
      500,
      500,
      500
    ]
  },
  {
    "machine": "gt.recipe.purificationplantozonation",
    "recipeType": "gt_machine",
    "euPerTick": 30720,
    "duration": 2400,
    "itemInputs": [],
    "fluidInputs": [
      {
        "id": "grade1purifiedwater",
        "displayName": "Filtered Water (Grade 1)",
        "amount": 1000
      },
      {
        "id": "ozone",
        "displayName": "Ozone",
        "amount": 256000
      }
    ],
    "itemOutputs": [
      {
        "id": "gregtech:gt.metaitem.01:2031",
        "displayName": "Manganese Dust",
        "amount": 1
      },
      {
        "id": "gregtech:gt.metaitem.01:2032",
        "displayName": "Iron Dust",
        "amount": 1
      },
      {
        "id": "gregtech:gt.metaitem.01:2022",
        "displayName": "Sulfur Dust",
        "amount": 1
      }
    ],
    "fluidOutputs": [
      {
        "id": "grade2purifiedwater",
        "displayName": "Ozonated Water (Grade 2)",
        "amount": 900
      }
    ],
    "outputChances": [
      500,
      500,
      500
    ]
  },
  {
    "machine": "gt.recipe.purificationplantozonation",
    "recipeType": "gt_machine",
    "euPerTick": 30720,
    "duration": 2400,
    "itemInputs": [],
    "fluidInputs": [
      {
        "id": "grade1purifiedwater",
        "displayName": "Filtered Water (Grade 1)",
        "amount": 1000
      },
      {
        "id": "ozone",
        "displayName": "Ozone",
        "amount": 512000
      }
    ],
    "itemOutputs": [
      {
        "id": "gregtech:gt.metaitem.01:2031",
        "displayName": "Manganese Dust",
        "amount": 1
      },
      {
        "id": "gregtech:gt.metaitem.01:2032",
        "displayName": "Iron Dust",
        "amount": 1
      },
      {
        "id": "gregtech:gt.metaitem.01:2022",
        "displayName": "Sulfur Dust",
        "amount": 1
      }
    ],
    "fluidOutputs": [
      {
        "id": "grade2purifiedwater",
        "displayName": "Ozonated Water (Grade 2)",
        "amount": 900
      }
    ],
    "outputChances": [
      500,
      500,
      500
    ]
  },
  {
    "machine": "gt.recipe.purificationplantozonation",
    "recipeType": "gt_machine",
    "euPerTick": 30720,
    "duration": 2400,
    "itemInputs": [],
    "fluidInputs": [
      {
        "id": "grade1purifiedwater",
        "displayName": "Filtered Water (Grade 1)",
        "amount": 1000
      },
      {
        "id": "ozone",
        "displayName": "Ozone",
        "amount": 1024000
      }
    ],
    "itemOutputs": [
      {
        "id": "gregtech:gt.metaitem.01:2031",
        "displayName": "Manganese Dust",
        "amount": 1
      },
      {
        "id": "gregtech:gt.metaitem.01:2032",
        "displayName": "Iron Dust",
        "amount": 1
      },
      {
        "id": "gregtech:gt.metaitem.01:2022",
        "displayName": "Sulfur Dust",
        "amount": 1
      }
    ],
    "fluidOutputs": [
      {
        "id": "grade2purifiedwater",
        "displayName": "Ozonated Water (Grade 2)",
        "amount": 900
      }
    ],
    "outputChances": [
      500,
      500,
      500
    ]
  }
]