[
  {
    "machine": "gt.recipe.extremedieselgeneratorfuel",
    "recipeType": "gt_machine",
    "specialValue": 2248,
    "itemInputs": [
      {
        "id": "bartworks:gt.bwMetaGeneratedcell:10095",
        "displayName": "Jet Fuel A Cell",
        "amount": 1
      }
    ],
    "fluidInputs": [],
    "itemOutputs": [],
    "fluidOutputs": []
  },
  {
    "machine": "gt.recipe.extremedieselgeneratorfuel",
    "recipeType": "gt_machine",
    "specialValue": 1824,
    "itemInputs": [
      {
        "id": "bartworks:gt.bwMetaGeneratedcell:10094",
        "displayName": "Jet Fuel No.3 Cell",
        "amount": 1
      }
    ],
    "fluidInputs": [],
    "itemOutputs": [],
    "fluidOutputs": []
  },
  {
    "machine": "gt.recipe.extremedieselgeneratorfuel",
    "recipeType": "gt_machine",
    "specialValue": 2500,
    "itemInputs": [
      {
        "id": "gregtech:gt.metaitem.01:30998",
        "displayName": "High Octane Gasoline Cell",
        "amount": 1
      }
    ],
    "fluidInputs": [],
    "itemOutputs": [],
    "fluidOutputs": []
  }
]