[
  {
    "machine": "gt.recipe.uuamplifier",
    "recipeType": "gt_machine",
    "euPerTick": 30,
    "duration": 180,
    "itemInputs": [
      {
        "id": "IC2:itemScrap:0",
        "displayName": "Scrap",
        "amount": 9
      }
    ],
    "fluidInputs": [],
    "itemOutputs": [],
    "fluidOutputs": [
      {
        "id": "uuamplifier",
        "displayName": "UU Amplifier",
        "amount": 1
      }
    ]
  },
  {
    "machine": "gt.recipe.uuamplifier",
    "recipeType": "gt_machine",
    "euPerTick": 30,
    "duration": 180,
    "itemInputs": [
      {
        "id": "IC2:itemScrapbox:0",
        "displayName": "Scrap Box",
        "amount": 1
      }
    ],
    "fluidInputs": [],
    "itemOutputs": [],
    "fluidOutputs": [
      {
        "id": "uuamplifier",
        "displayName": "UU Amplifier",
        "amount": 1
      }
    ]
  }
]