[
  {
    "machine": "gt.recipe.extrahugenaquadahreactor",
    "recipeType": "gt_machine",
    "specialValue": 1000000,
    "itemInputs": [
      {
        "id": "gregtech:gt.metaitem.01:23327",
        "displayName": "Naquadria Rod",
        "amount": 1
      }
    ],
    "fluidInputs": [],
    "itemOutputs": [
      {
        "id": "gregtech:gt.metaitem.01:23324",
        "displayName": "Naquadah Rod",
        "amount": 1
      }
    ],
    "fluidOutputs": []
  },
  {
    "machine": "gt.recipe.extrahugenaquadahreactor",
    "recipeType": "gt_machine",
    "specialValue": 125000,
    "itemInputs": [
      {
        "id": "bartworks:gt.bwMetaGeneratedstickLong:89",
        "displayName": "Long Tiberium Rod",
        "amount": 1
      }
    ],
    "fluidInputs": [],
    "itemOutputs": [],
    "fluidOutputs": []
  }
]