[
  {
    "machine": "gt.recipe.rockbreaker",
    "recipeType": "gt_machine",
    "euPerTick": 30,
    "duration": 16,
    "itemInputs": [
      {
        "id": "gregtech:gt.metaitem.02:32765",
        "displayName": "IT'S FREE! Place Lava on Side",
        "amount": 1,
        "nbt": "{display:{Name:\"IT'S FREE! Place Lava on Side\"}}"
      }
    ],
    "fluidInputs": [],
    "itemOutputs": [
      {
        "id": "minecraft:cobblestone:0",
        "displayName": "Cobblestone",
        "amount": 1
      }
    ],
    "fluidOutputs": []
  },
  {
    "machine": "gt.recipe.rockbreaker",
    "recipeType": "gt_machine",
    "euPerTick": 30,
    "duration": 16,
    "itemInputs": [
      {
        "id": "gregtech:gt.metaitem.02:32765",
        "displayName": "IT'S FREE! Place Lava on Side",
        "amount": 1,
        "nbt": "{display:{Name:\"IT'S FREE! Place Lava on Side\"}}"
      }
    ],
    "fluidInputs": [],
    "itemOutputs": [
      {
        "id": "minecraft:stone:0",
        "displayName": "Stone",
        "amount": 1
      }
    ],
    "fluidOutputs": []
  },
  {
    "machine": "gt.recipe.rockbreaker",
    "recipeType": "gt_machine",
    "euPerTick": 30,
    "duration": 128,
    "itemInputs": [
      {
        "id": "minecraft:redstone:0",
        "displayName": "Redstone",
        "amount": 1
      },
      {
        "id": "gregtech:gt.integrated_circuit:1",
        "displayName": "Programmed Circuit",
        "amount": 0
      }
    ],
    "fluidInputs": [],
    "itemOutputs": [
      {
        "id": "minecraft:obsidian:0",
        "displayName": "Obsidian",
        "amount": 1
      }
    ],
    "fluidOutputs": []
  }
]