[
  {
    "machine": "gt.recipe.fakespaceprojects",
    "recipeType": "gt_machine",
    "euPerTick": 491520,
    "duration": 5000,
    "specialValue": 40,
    "itemInputs": [
      {
        "id": "bartworks:BW_GlasBlocks:5",
        "displayName": "Osmium Reinforced Borosilicate Glass Block",
        "amount": 640
      },
      {
        "id": "GalaxySpace:dysonswarmparts:9",
        "displayName": "Ultra High Strength Concrete Floor",
        "amount": 1280
      },
      {
        "id": "supersolarpanel:SingularSolarPanel:0",
        "displayName": "Singular Solar Panel",
        "amount": 40
      },
      {
        "id": "gregtech:gt.blockreinforced:11",
        "displayName": "Neutronium Reinforced Block",
        "amount": 640
      },
      {
        "id": "gregtech:gt.metaitem.01:32697",
        "displayName": "Sensor (UV)",
        "amount": 40
      },
      {
        "id": "gregtech:gt.metaitem.01:32687",
        "displayName": "Emitter (UV)",
        "amount": 40
      }
    ],
    "fluidInputs": [
      {
        "id": "molten.indalloy140",
        "displayName": "Molten Indalloy 140",
        "amount": 115200
      }
    ],
    "itemOutputs": [],
    "fluidOutputs": []
  },
  {
    "machine": "gt.recipe.fakespaceprojects",
    "recipeType": "gt_machine",
    "euPerTick": 491520,
    "duration": 5000,
    "specialValue": 8,
    "itemInputs": [
      {
        "id": "bartworks:BW_GlasBlocks:5",
        "displayName": "Osmium Reinforced Borosilicate Glass Block",
        "amount": 64
      },
      {
        "id": "gregtech:gt.blockreinforced:11",
        "displayName": "Neutronium Reinforced Block",
        "amount": 32
      },
      {
        "id": "gregtech:gt.metaitem.01:32697",
        "displayName": "Sensor (UV)",
        "amount": 16
      },
      {
        "id": "gregtech:gt.metaitem.01:32687",
        "displayName": "Emitter (UV)",
        "amount": 16
      }
    ],
    "fluidInputs": [
      {
        "id": "molten.indalloy140",
        "displayName": "Molten Indalloy 140",
        "amount": 23040
      }
    ],
    "itemOutputs": [],
    "fluidOutputs": []
  }
]