[
  {
    "machine": "gt.recipe.nanoforge",
    "recipeType": "gt_machine",
    "euPerTick": 10000000,
    "duration": 10000,
    "specialValue": 1,
    "itemInputs": [
      {
        "id": "dreamcraft:item.MysteriousCrystalLens:0",
        "displayName": "Quite Certain Crystal Lens",
        "amount": 0
      },
      {
        "id": "bartworks:bw.werkstoffblockscasingadvanced.01:31776",
        "displayName": "Rebolted Carbon Casing",
        "amount": 8
      },
      {
        "id": "gregtech:gt.metaitem.03:32047",
        "displayName": "SoC",
        "amount": 64
      }
    ],
    "fluidInputs": [
      {
        "id": "ic2uumatter",
        "displayName": "UU-Matter",
        "amount": 200000
      }
    ],
    "itemOutputs": [
      {
        "id": "gregtech:gt.metaitem.03:4010",
        "displayName": "Carbon Nanites",
        "amount": 64
      }
    ],
    "fluidOutputs": []
  },
  {
    "machine": "gt.recipe.nanoforge",
    "recipeType": "gt_machine",
    "euPerTick": 10000000,
    "duration": 15000,
    "specialValue": 2,
    "itemInputs": [
      {
        "id": "dreamcraft:item.RadoxPolymerLens:0",
        "displayName": "Radox Polymer Lens",
        "amount": 0
      },
      {
        "id": "gregtech:gt.blockmetal6:10",
        "displayName": "Block of Silver",
        "amount": 8
      },
      {
        "id": "gregtech:gt.metaitem.03:32047",
        "displayName": "SoC",
        "amount": 16
      }
    ],
    "fluidInputs": [
      {
        "id": "ic2uumatter",
        "displayName": "UU-Matter",
        "amount": 200000
      }
    ],
    "itemOutputs": [
      {
        "id": "gregtech:gt.metaitem.03:4054",
        "displayName": "Silver Nanites",
        "amount": 1
      }
    ],
    "fluidOutputs": []
  },
  {
    "machine": "gt.recipe.nanoforge",
    "recipeType": "gt_machine",
    "euPerTick": 100000000,
    "duration": 2000,
    "specialValue": 1,
    "itemInputs": [
      {
        "id": "dreamcraft:item.ChromaticLens:0",
        "displayName": "Chromatic Lens",
        "amount": 0
      },
      {
        "id": "gregtech:gt.blockmetal5:2",
        "displayName": "Block of Neutronium",
        "amount": 8
      },
      {
        "id": "gregtech:gt.metaitem.03:32049",
        "displayName": "ASoC",
        "amount": 64
      },
      {
        "id": "gregtech:gt.metaitem.03:32049",
        "displayName": "ASoC",
        "amount": 32
      }
    ],
    "fluidInputs": [
      {
        "id": "ic2uumatter",
        "displayName": "UU-Matter",
        "amount": 200000
      }
    ],
    "itemOutputs": [
      {
        "id": "gregtech:gt.metaitem.03:4129",
        "displayName": "Neutronium Nanites",
        "amount": 1
      }
    ],
    "fluidOutputs": []
  },
  {
    "machine": "gt.recipe.nanoforge",
    "recipeType": "gt_machine",
    "euPerTick": 50000000,
    "duration": 4000,
    "specialValue": 2,
    "itemInputs": [
      {
        "id": "dreamcraft:item.RadoxPolymerLens:0",
        "displayName": "Radox Polymer Lens",
        "amount": 0
      },
      {
        "id": "miscutils:blockCompressedObsidian:7",
        "displayName": "Double Compressed Glowstone (81)",
        "amount": 8
      },
      {
        "id": "gregtech:gt.metaitem.03:32049",
        "displayName": "ASoC",
        "amount": 64
      }
    ],
    "fluidInputs": [
      {
        "id": "ic2uumatter",
        "displayName": "UU-Matter",
        "amount": 50000
      }
    ],
    "itemOutputs": [
      {
        "id": "gregtech:gt.metaitem.03:4811",
        "displayName": "Glowstone Nanites",
        "amount": 64
      }
    ],
    "fluidOutputs": []
  },
  {
    "machine": "gt.recipe.nanoforge",
    "recipeType": "gt_machine",
    "euPerTick": 100000000,
    "duration": 20000,
    "specialValue": 3,
    "itemInputs": [
      {
        "id": "gregtech:gt.metaitem.01:24515",
        "displayName": "Dilithium Lens",
        "amount": 0
      },
      {
        "id": "minecraft:gold_block:0",
        "displayName": "Block of Gold",
        "amount": 8
      },
      {
        "id": "gregtech:gt.metaitem.03:32047",
        "displayName": "SoC",
        "amount": 16
      }
    ],
    "fluidInputs": [
      {
        "id": "ic2uumatter",
        "displayName": "UU-Matter",
        "amount": 300000
      }
    ],
    "itemOutputs": [
      {
        "id": "gregtech:gt.metaitem.03:4086",
        "displayName": "Gold Nanites",
        "amount": 1
      }
    ],
    "fluidOutputs": []
  },
  {
    "machine": "gt.recipe.nanoforge",
    "recipeType": "gt_machine",
    "euPerTick": 1000000000,
    "duration": 15000,
    "specialValue": 2,
    "itemInputs": [
      {
        "id": "gregtech:gt.metaitem.01:32417",
        "displayName": "Energised Tesseract",
        "amount": 0
      },
      {
        "id": "gregtech:gt.blockmetal9:4",
        "displayName": "Block of Transcendent Metal",
        "amount": 8
      },
      {
        "id": "gregtech:gt.metaitem.03:32049",
        "displayName": "ASoC",
        "amount": 64
      },
      {
        "id": "gregtech:gt.metaitem.03:32049",
        "displayName": "ASoC",
        "amount": 64
      },
      {
        "id": "gregtech:gt.metaitem.03:32049",
        "displayName": "ASoC",
        "amount": 64
      }
    ],
    "fluidInputs": [
      {
        "id": "ic2uumatter",
        "displayName": "UU-Matter",
        "amount": 2000000
      }
    ],
    "itemOutputs": [
      {
        "id": "gregtech:gt.metaitem.03:4581",
        "displayName": "Transcendent Metal Nanites",
        "amount": 1
      }
    ],
    "fluidOutputs": []
  },
  {
    "machine": "gt.recipe.nanoforge",
    "recipeType": "gt_machine",
    "euPerTick": 2000000000,
    "duration": 2000,
    "specialValue": 3,
    "itemInputs": [
      {
        "id": "gregtech:gt.metaitem.01:32417",
        "displayName": "Energised Tesseract",
        "amount": 0
      },
      {
        "id": "gregtech:gt.blockmetal9:11",
        "displayName": "Block of Six-Phased Copper",
        "amount": 16
      },
      {
        "id": "gregtech:gt.metaitem.03:32049",
        "displayName": "ASoC",
        "amount": 64
      },
      {
        "id": "gregtech:gt.metaitem.03:32049",
        "displayName": "ASoC",
        "amount": 64
      },
      {
        "id": "gregtech:gt.metaitem.03:32049",
        "displayName": "ASoC",
        "amount": 64
      }
    ],
    "fluidInputs": [
      {
        "id": "ic2uumatter",
        "displayName": "UU-Matter",
        "amount": 500000
      },
      {
        "id": "dimensionallytranscendentresidue",
        "displayName": "Dimensionally Transcendent Residue",
        "amount": 50000
      }
    ],
    "itemOutputs": [
      {
        "id": "gregtech:gt.metaitem.03:4147",
        "displayName": "Six-Phased Copper Nanites",
        "amount": 8
      }
    ],
    "fluidOutputs": []
  },
  {
    "machine": "gt.recipe.nanoforge",
    "recipeType": "gt_machine",
    "euPerTick": 2000000000,
    "duration": 15000,
    "specialValue": 3,
    "itemInputs": [
      {
        "id": "gregtech:gt.metaitem.01:24515",
        "displayName": "Dilithium Lens",
        "amount": 0
      },
      {
        "id": "bartworks:gt.bwMetaGeneratedlens:36",
        "displayName": "Magneto Resonatic Lens",
        "amount": 0
      },
      {
        "id": "miscutils:MU-metaitem.01:32105",
        "displayName": "Quantum Anomaly",
        "amount": 0
      },
      {
        "id": "gregtech:gt.blockmetal9:6",
        "displayName": "Block of White Dwarf Matter",
        "amount": 8
      },
      {
        "id": "dreamcraft:item.PicoWafer:0",
        "displayName": "Pico Wafer",
        "amount": 32
      },
      {
        "id": "GoodGenerator:huiCircuit:4",
        "displayName": "Hi-Computation Station MK-V Finaltype",
        "amount": 1
      }
    ],
    "fluidInputs": [
      {
        "id": "ic2uumatter",
        "displayName": "UU-Matter",
        "amount": 500000
      },
      {
        "id": "rawstarmatter",
        "displayName": "Condensed Raw Stellar Plasma Mixture",
        "amount": 50000
      },
      {
        "id": "spatialfluid",
        "displayName": "Spatially Enlarged Fluid",
        "amount": 720
      }
    ],
    "itemOutputs": [
      {
        "id": "gregtech:gt.metaitem.03:4585",
        "displayName": "White Dwarf Matter Nanites",
        "amount": 4
      }
    ],
    "fluidOutputs": []
  },
  {
    "machine": "gt.recipe.nanoforge",
    "recipeType": "gt_machine",
    "euPerTick": 2000000000,
    "duration": 15000,
    "specialValue": 3,
    "itemInputs": [
      {
        "id": "gregtech:gt.metaitem.01:24515",
        "displayName": "Dilithium Lens",
        "amount": 0
      },
      {
        "id": "bartworks:gt.bwMetaGeneratedlens:36",
        "displayName": "Magneto Resonatic Lens",
        "amount": 0
      },
      {
        "id": "miscutils:MU-metaitem.01:32105",
        "displayName": "Quantum Anomaly",
        "amount": 0
      },
      {
        "id": "gregtech:gt.blockmetal9:7",
        "displayName": "Block of Black Dwarf Matter",
        "amount": 8
      },
      {
        "id": "dreamcraft:item.PicoWafer:0",
        "displayName": "Pico Wafer",
        "amount": 32
      },
      {
        "id": "GoodGenerator:huiCircuit:4",
        "displayName": "Hi-Computation Station MK-V Finaltype",
        "amount": 1
      }
    ],
    "fluidInputs": [
      {
        "id": "ic2uumatter",
        "displayName": "UU-Matter",
        "amount": 500000
      },
      {
        "id": "rawstarmatter",
        "displayName": "Condensed Raw Stellar Plasma Mixture",
        "amount": 50000
      },
      {
        "id": "temporalfluid",
        "displayName": "Tachyon Rich Temporal Fluid",
        "amount": 720
      }
    ],
    "itemOutputs": [
      {
        "id": "gregtech:gt.metaitem.03:4586",
        "displayName": "Black Dwarf Matter Nanites",
        "amount": 4
      }
    ],
    "fluidOutputs": []
  },
  {
    "machine": "gt.recipe.nanoforge",
    "recipeType": "gt_machine",
    "euPerTick": 2000000000,
    "duration": 15000,
    "specialValue": 3,
    "itemInputs": [
      {
        "id": "gregtech:gt.metaitem.01:24515",
        "displayName": "Dilithium Lens",
        "amount": 0
      },
      {
        "id": "miscutils:MU-metaitem.01:32105",
        "displayName": "Quantum Anomaly",
        "amount": 0
      },
      {
        "id": "gregtech:gt.blockmetal9:8",
        "displayName": "Block of Universium",
        "amount": 8
      },
      {
        "id": "gregtech:gt.metaitem.03:32726",
        "displayName": "Optically Perfected CPU",
        "amount": 16
      },
      {
        "id": "gregtech:gt.metaitem.03:32725",
        "displayName": "Optically Compatible Memory",
        "amount": 16
      },
      {
        "id": "GoodGenerator:huiCircuit:4",
        "displayName": "Hi-Computation Station MK-V Finaltype",
        "amount": 1
      }
    ],
    "fluidInputs": [
      {
        "id": "molten.spacetime",
        "displayName": "Molten SpaceTime",
        "amount": 144
      },
      {
        "id": "molten.infinity",
        "displayName": "Molten Infinity",
        "amount": 576
      },
      {
        "id": "primordialmatter",
        "displayName": "Liquid Primordial Matter",
        "amount": 64000
      }
    ],
    "itemOutputs": [
      {
        "id": "gregtech:gt.metaitem.03:4139",
        "displayName": "Universium Nanites",
        "amount": 2
      }
    ],
    "fluidOutputs": []
  },
  {
    "machine": "gt.recipe.nanoforge",
    "recipeType": "gt_machine",
    "euPerTick": 2013265912,
    "duration": 15000,
    "specialValue": 3,
    "itemInputs": [
      {
        "id": "gregtech:gt.metaitem.01:24518",
        "displayName": "Forcicium Lens",
        "amount": 0
      },
      {
        "id": "miscutils:MU-metaitem.01:32105",
        "displayName": "Quantum Anomaly",
        "amount": 0
      },
      {
        "id": "gregtech:gt.metaitem.03:4581",
        "displayName": "Transcendent Metal Nanites",
        "amount": 1
      },
      {
        "id": "gregtech:gt.blockmetal9:9",
        "displayName": "Block of Eternity",
        "amount": 8
      },
      {
        "id": "dreamcraft:item.PicoWafer:0",
        "displayName": "Pico Wafer",
        "amount": 32
      },
      {
        "id": "gregtech:gt.metaitem.03:32757",
        "displayName": "Timepiece",
        "amount": 4
      }
    ],
    "fluidInputs": [
      {
        "id": "spatialfluid",
        "displayName": "Spatially Enlarged Fluid",
        "amount": 1152
      },
      {
        "id": "exciteddtsc",
        "displayName": "Excited Dimensionally Transcendent Stellar Catalyst",
        "amount": 50000
      },
      {
        "id": "primordialmatter",
        "displayName": "Liquid Primordial Matter",
        "amount": 64000
      }
    ],
    "itemOutputs": [
      {
        "id": "gregtech:gt.metaitem.03:4141",
        "displayName": "Eternity Nanites",
        "amount": 4
      }
    ],
    "fluidOutputs": []
  },
  {
    "machine": "gt.recipe.nanoforge",
    "recipeType": "gt_machine",
    "euPerTick": 2013265912,
    "duration": 20000,
    "specialValue": 3,
    "itemInputs": [
      {
        "id": "gregtech:gt.metaitem.01:24518",
        "displayName": "Forcicium Lens",
        "amount": 0
      },
      {
        "id": "gregtech:gt.metaitem.01:24519",
        "displayName": "Forcillium Lens",
        "amount": 0
      },
      {
        "id": "gregtech:gt.metaitem.03:4139",
        "displayName": "Universium Nanites",
        "amount": 1
      },
      {
        "id": "gregtech:gt.blockmetal9:10",
        "displayName": "Block of Magmatter",
        "amount": 8
      },
      {
        "id": "dreamcraft:item.PicoWafer:0",
        "displayName": "Pico Wafer",
        "amount": 64
      },
      {
        "id": "dreamcraft:item.CircuitUXV:0",
        "displayName": "Any UXV Circuit",
        "amount": 1
      }
    ],
    "fluidInputs": [
      {
        "id": "quarkgluonplasma",
        "displayName": "Degenerate Quark Gluon Plasma",
        "amount": 100000
      },
      {
        "id": "phononmedium",
        "displayName": "Lossless Phonon Transfer Medium",
        "amount": 64000
      },
      {
        "id": "primordialmatter",
        "displayName": "Liquid Primordial Matter",
        "amount": 128000
      }
    ],
    "itemOutputs": [
      {
        "id": "gregtech:gt.metaitem.03:4143",
        "displayName": "Magmatter Nanites",
        "amount": 1
      }
    ],
    "fluidOutputs": []
  }
]