[
  {
    "machine": "gt.recipe.massfab",
    "recipeType": "gt_machine",
    "euPerTick": 256,
    "duration": 3215,
    "itemInputs": [],
    "fluidInputs": [],
    "itemOutputs": [],
    "fluidOutputs": [
      {
        "id": "ic2uumatter",
        "displayName": "UU-Matter",
        "amount": 1
      }
    ]
  },
  {
    "machine": "gt.recipe.massfab",
    "recipeType": "gt_machine",
    "euPerTick": 256,
    "duration": 803,
    "itemInputs": [
      {
        "id": "gregtech:gt.integrated_circuit:1",
        "displayName": "Programmed Circuit",
        "amount": 0
      }
    ],
    "fluidInputs": [
      {
        "id": "uuamplifier",
        "displayName": "UU Amplifier",
        "amount": 1
      }
    ],
    "itemOutputs": [],
    "fluidOutputs": [
      {
        "id": "ic2uumatter",
        "displayName": "UU-Matter",
        "amount": 1
      }
    ]
  }
]