[
  {
    "machine": "gt.recipe.fluidnaquadahreactor",
    "recipeType": "gt_machine",
    "specialValue": 500000,
    "itemInputs": [
      {
        "id": "gregtech:gt.metaitem.02:22326",
        "displayName": "Long Enriched Naquadah Rod",
        "amount": 1
      }
    ],
    "fluidInputs": [],
    "itemOutputs": [
      {
        "id": "gregtech:gt.metaitem.02:22324",
        "displayName": "Long Naquadah Rod",
        "amount": 1
      }
    ],
    "fluidOutputs": []
  },
  {
    "machine": "gt.recipe.fluidnaquadahreactor",
    "recipeType": "gt_machine",
    "specialValue": 125000,
    "itemInputs": [
      {
        "id": "bartworks:gt.bwMetaGeneratedstickLong:89",
        "displayName": "Long Tiberium Rod",
        "amount": 1
      }
    ],
    "fluidInputs": [],
    "itemOutputs": [],
    "fluidOutputs": []
  }
]