[
  {
    "machine": "gt.recipe.largenaquadahreactor",
    "recipeType": "gt_machine",
    "specialValue": 250000,
    "itemInputs": [
      {
        "id": "gregtech:gt.metaitem.01:23326",
        "displayName": "Enriched Naquadah Rod",
        "amount": 1
      }
    ],
    "fluidInputs": [],
    "itemOutputs": [
      {
        "id": "gregtech:gt.metaitem.01:23324",
        "displayName": "Naquadah Rod",
        "amount": 1
      }
    ],
    "fluidOutputs": []
  },
  {
    "machine": "gt.recipe.largenaquadahreactor",
    "recipeType": "gt_machine",
    "specialValue": 62500,
    "itemInputs": [
      {
        "id": "bartworks:gt.bwMetaGeneratedstick:89",
        "displayName": "Tiberium Rod",
        "amount": 1
      }
    ],
    "fluidInputs": [],
    "itemOutputs": [],
    "fluidOutputs": []
  }
]