[
  {
    "machine": "gt.recipe.dieselgeneratorfuel",
    "recipeType": "gt_machine",
    "specialValue": 537,
    "itemInputs": [
      {
        "id": "bartworks:gt.bwMetaGeneratedcell:10029",
        "displayName": "Ether Cell",
        "amount": 1
      }
    ],
    "fluidInputs": [],
    "itemOutputs": [],
    "fluidOutputs": []
  },
  {
    "machine": "gt.recipe.dieselgeneratorfuel",
    "recipeType": "gt_machine",
    "specialValue": 1100,
    "itemInputs": [
      {
        "id": "bartworks:gt.bwMetaGeneratedcell:10086",
        "displayName": "Ethanol Gasoline Cell",
        "amount": 1
      }
    ],
    "fluidInputs": [],
    "itemOutputs": [],
    "fluidOutputs": []
  },
  {
    "machine": "gt.recipe.dieselgeneratorfuel",
    "recipeType": "gt_machine",
    "specialValue": 2248,
    "itemInputs": [
      {
        "id": "bartworks:gt.bwMetaGeneratedcell:10095",
        "displayName": "Jet Fuel A Cell",
        "amount": 1
      }
    ],
    "fluidInputs": [],
    "itemOutputs": [],
    "fluidOutputs": []
  },
  {
    "machine": "gt.recipe.dieselgeneratorfuel",
    "recipeType": "gt_machine",
    "specialValue": 1824,
    "itemInputs": [
      {
        "id": "bartworks:gt.bwMetaGeneratedcell:10094",
        "displayName": "Jet Fuel No.3 Cell",
        "amount": 1
      }
    ],
    "fluidInputs": [],
    "itemOutputs": [],
    "fluidOutputs": []
  },
  {
    "machine": "gt.recipe.dieselgeneratorfuel",
    "recipeType": "gt_machine",
    "specialValue": 400,
    "itemInputs": [
      {
        "id": "miscutils:butanol:0",
        "displayName": "Butanol Cell",
        "amount": 1
      }
    ],
    "fluidInputs": [],
    "itemOutputs": [],
    "fluidOutputs": []
  },
  {
    "machine": "gt.recipe.dieselgeneratorfuel",
    "recipeType": "gt_machine",
    "specialValue": 320,
    "itemInputs": [
      {
        "id": "gregtech:gt.metaitem.01:30627",
        "displayName": "Bio Diesel Cell",
        "amount": 1
      }
    ],
    "fluidInputs": [],
    "itemOutputs": [],
    "fluidOutputs": []
  },
  {
    "machine": "gt.recipe.dieselgeneratorfuel",
    "recipeType": "gt_machine",
    "specialValue": 480,
    "itemInputs": [
      {
        "id": "gregtech:gt.metaitem.01:30708",
        "displayName": "Diesel Cell",
        "amount": 1
      }
    ],
    "fluidInputs": [],
    "itemOutputs": [],
    "fluidOutputs": []
  },
  {
    "machine": "gt.recipe.dieselgeneratorfuel",
    "recipeType": "gt_machine",
    "specialValue": 40,
    "itemInputs": [
      {
        "id": "gregtech:gt.metaitem.01:30737",
        "displayName": "Sulfuric Light Fuel Cell",
        "amount": 1
      }
    ],
    "fluidInputs": [],
    "itemOutputs": [],
    "fluidOutputs": []
  },
  {
    "machine": "gt.recipe.dieselgeneratorfuel",
    "recipeType": "gt_machine",
    "specialValue": 80,
    "itemInputs": [
      {
        "id": "gregtech:gt.metaitem.01:30995",
        "displayName": "Octane Cell",
        "amount": 1
      }
    ],
    "fluidInputs": [],
    "itemOutputs": [],
    "fluidOutputs": []
  },
  {
    "machine": "gt.recipe.dieselgeneratorfuel",
    "recipeType": "gt_machine",
    "specialValue": 2500,
    "itemInputs": [
      {
        "id": "gregtech:gt.metaitem.01:30998",
        "displayName": "High Octane Gasoline Cell",
        "amount": 1
      }
    ],
    "fluidInputs": [],
    "itemOutputs": [],
    "fluidOutputs": []
  },
  {
    "machine": "gt.recipe.dieselgeneratorfuel",
    "recipeType": "gt_machine",
    "specialValue": 1000,
    "itemInputs": [
      {
        "id": "gregtech:gt.metaitem.01:30709",
        "displayName": "Cetane-Boosted Diesel Cell",
        "amount": 1
      }
    ],
    "fluidInputs": [],
    "itemOutputs": [],
    "fluidOutputs": []
  },
  {
    "machine": "gt.recipe.dieselgeneratorfuel",
    "recipeType": "gt_machine",
    "specialValue": 6,
    "itemInputs": [
      {
        "id": "gregtech:gt.metaitem.01:30705",
        "displayName": "Biofuel Cell",
        "amount": 1
      }
    ],
    "fluidInputs": [],
    "itemOutputs": [
      {
        "id": "IC2:itemCellEmpty:0",
        "displayName": "Empty Cell",
        "amount": 1
      }
    ],
    "fluidOutputs": []
  },
  {
    "machine": "gt.recipe.dieselgeneratorfuel",
    "recipeType": "gt_machine",
    "specialValue": 192,
    "itemInputs": [
      {
        "id": "gregtech:gt.metaitem.01:30706",
        "displayName": "Ethanol Cell",
        "amount": 1
      }
    ],
    "fluidInputs": [],
    "itemOutputs": [],
    "fluidOutputs": []
  },
  {
    "machine": "gt.recipe.dieselgeneratorfuel",
    "recipeType": "gt_machine",
    "specialValue": 84,
    "itemInputs": [
      {
        "id": "gregtech:gt.metaitem.01:30673",
        "displayName": "Methanol Cell",
        "amount": 1
      }
    ],
    "fluidInputs": [],
    "itemOutputs": [],
    "fluidOutputs": []
  },
  {
    "machine": "gt.recipe.dieselgeneratorfuel",
    "recipeType": "gt_machine",
    "specialValue": 576,
    "itemInputs": [
      {
        "id": "gregtech:gt.metaitem.01:30997",
        "displayName": "Gasoline Cell",
        "amount": 1
      }
    ],
    "fluidInputs": [],
    "itemOutputs": [],
    "fluidOutputs": []
  },
  {
    "machine": "gt.recipe.dieselgeneratorfuel",
    "recipeType": "gt_machine",
    "specialValue": 305,
    "itemInputs": [
      {
        "id": "gregtech:gt.metaitem.01:30740",
        "displayName": "Light Fuel Cell",
        "amount": 1
      }
    ],
    "fluidInputs": [],
    "itemOutputs": [],
    "fluidOutputs": []
  },
  {
    "machine": "gt.recipe.dieselgeneratorfuel",
    "recipeType": "gt_machine",
    "specialValue": 4,
    "itemInputs": [
      {
        "id": "Forestry:bucketShortMead:0",
        "displayName": "Short Mead Bucket",
        "amount": 1
      }
    ],
    "fluidInputs": [],
    "itemOutputs": [
      {
        "id": "minecraft:bucket:0",
        "displayName": "Bucket",
        "amount": 1
      }
    ],
    "fluidOutputs": []
  },
  {
    "machine": "gt.recipe.dieselgeneratorfuel",
    "recipeType": "gt_machine",
    "specialValue": 2,
    "itemInputs": [
      {
        "id": "gregtech:gt.metaitem.01:30711",
        "displayName": "Fish Oil Cell",
        "amount": 1
      }
    ],
    "fluidInputs": [],
    "itemOutputs": [
      {
        "id": "IC2:itemCellEmpty:0",
        "displayName": "Empty Cell",
        "amount": 1
      }
    ],
    "fluidOutputs": []
  },
  {
    "machine": "gt.recipe.dieselgeneratorfuel",
    "recipeType": "gt_machine",
    "specialValue": 8,
    "itemInputs": [
      {
        "id": "Forestry:canBiomass:0",
        "displayName": "Biomass Can",
        "amount": 1
      }
    ],
    "fluidInputs": [],
    "itemOutputs": [
      {
        "id": "Forestry:canEmpty:0",
        "displayName": "Can",
        "amount": 1
      }
    ],
    "fluidOutputs": []
  },
  {
    "machine": "gt.recipe.dieselgeneratorfuel",
    "recipeType": "gt_machine",
    "specialValue": 16,
    "itemInputs": [
      {
        "id": "gregtech:gt.metaitem.01:30707",
        "displayName": "Oil Cell",
        "amount": 1
      }
    ],
    "fluidInputs": [],
    "itemOutputs": [
      {
        "id": "IC2:itemCellEmpty:0",
        "displayName": "Empty Cell",
        "amount": 1
      }
    ],
    "fluidOutputs": []
  },
  {
    "machine": "gt.recipe.dieselgeneratorfuel",
    "recipeType": "gt_machine",
    "specialValue": 8,
    "itemInputs": [
      {
        "id": "gregtech:gt.metaitem.01:30712",
        "displayName": "Creosote Cell",
        "amount": 1
      }
    ],
    "fluidInputs": [],
    "itemOutputs": [],
    "fluidOutputs": []
  }
]