[
  {
    "machine": "gt.recipe.purificationplantclarifier",
    "recipeType": "gt_machine",
    "euPerTick": 30720,
    "duration": 2400,
    "itemInputs": [
      {
        "id": "gregtech:gt.metaitem.03:32233",
        "displayName": "Activated Carbon Filter Mesh",
        "amount": 1
      }
    ],
    "fluidInputs": [
      {
        "id": "water",
        "displayName": "Water",
        "amount": 1000
      }
    ],
    "itemOutputs": [
      {
        "id": "minecraft:stick:0",
        "displayName": "Stick",
        "amount": 1
      },
      {
        "id": "gregtech:gt.metaitem.01:2299",
        "displayName": "Stone Dust",
        "amount": 1
      },
      {
        "id": "minecraft:gold_nugget:0",
        "displayName": "Gold Nugget",
        "amount": 1
      }
    ],
    "fluidOutputs": [
      {
        "id": "grade1purifiedwater",
        "displayName": "Filtered Water (Grade 1)",
        "amount": 900
      }
    ],
    "outputChances": [
      1000,
      500,
      100
    ]
  }
]