[
  {
    "machine": "gt.recipe.replicator",
    "recipeType": "gt_machine",
    "euPerTick": 30,
    "duration": 25088,
    "itemInputs": [],
    "fluidInputs": [
      {
        "id": "ic2uumatter",
        "displayName": "UU-Matter",
        "amount": 49
      }
    ],
    "itemOutputs": [
      {
        "id": "gregtech:gt.metaitem.01:2019",
        "displayName": "Aluminium Dust",
        "amount": 1
      }
    ],
    "fluidOutputs": []
  },
  {
    "machine": "gt.recipe.replicator",
    "recipeType": "gt_machine",
    "euPerTick": 30,
    "duration": 376832,
    "itemInputs": [],
    "fluidInputs": [
      {
        "id": "ic2uumatter",
        "displayName": "UU-Matter",
        "amount": 736
      }
    ],
    "itemOutputs": [
      {
        "id": "gregtech:gt.metaitem.01:2103",
        "displayName": "Americium Dust",
        "amount": 1
      }
    ],
    "fluidOutputs": []
  },
  {
    "machine": "gt.recipe.replicator",
    "recipeType": "gt_machine",
    "euPerTick": 30,
    "duration": 161280,
    "itemInputs": [],
    "fluidInputs": [
      {
        "id": "ic2uumatter",
        "displayName": "UU-Matter",
        "amount": 315
      }
    ],
    "itemOutputs": [
      {
        "id": "gregtech:gt.metaitem.01:2058",
        "displayName": "Antimony Dust",
        "amount": 1
      }
    ],
    "fluidOutputs": []
  },
  {
    "machine": "gt.recipe.replicator",
    "recipeType": "gt_machine",
    "euPerTick": 30,
    "duration": 42496,
    "itemInputs": [],
    "fluidInputs": [
      {
        "id": "ic2uumatter",
        "displayName": "UU-Matter",
        "amount": 83
      }
    ],
    "itemOutputs": [],
    "fluidOutputs": [
      {
        "id": "argon",
        "displayName": "Argon Gas",
        "amount": 1000
      }
    ]
  },
  {
    "machine": "gt.recipe.replicator",
    "recipeType": "gt_machine",
    "euPerTick": 30,
    "duration": 90624,
    "itemInputs": [],
    "fluidInputs": [
      {
        "id": "ic2uumatter",
        "displayName": "UU-Matter",
        "amount": 177
      }
    ],
    "itemOutputs": [
      {
        "id": "gregtech:gt.metaitem.01:2039",
        "displayName": "Arsenic Dust",
        "amount": 1
      }
    ],
    "fluidOutputs": []
  },
  {
    "machine": "gt.recipe.replicator",
    "recipeType": "gt_machine",
    "euPerTick": 30,
    "duration": 187392,
    "itemInputs": [],
    "fluidInputs": [
      {
        "id": "ic2uumatter",
        "displayName": "UU-Matter",
        "amount": 366
      }
    ],
    "itemOutputs": [
      {
        "id": "gregtech:gt.metaitem.01:2063",
        "displayName": "Barium Dust",
        "amount": 1
      }
    ],
    "fluidOutputs": []
  },
  {
    "machine": "gt.recipe.replicator",
    "recipeType": "gt_machine",
    "euPerTick": 30,
    "duration": 6656,
    "itemInputs": [],
    "fluidInputs": [
      {
        "id": "ic2uumatter",
        "displayName": "UU-Matter",
        "amount": 13
      }
    ],
    "itemOutputs": [
      {
        "id": "gregtech:gt.metaitem.01:2008",
        "displayName": "Beryllium Dust",
        "amount": 1
      }
    ],
    "fluidOutputs": []
  },
  {
    "machine": "gt.recipe.replicator",
    "recipeType": "gt_machine",
    "euPerTick": 30,
    "duration": 309248,
    "itemInputs": [],
    "fluidInputs": [
      {
        "id": "ic2uumatter",
        "displayName": "UU-Matter",
        "amount": 604
      }
    ],
    "itemOutputs": [
      {
        "id": "gregtech:gt.metaitem.01:2090",
        "displayName": "Bismuth Dust",
        "amount": 1
      }
    ],
    "fluidOutputs": []
  },
  {
    "machine": "gt.recipe.replicator",
    "recipeType": "gt_machine",
    "euPerTick": 30,
    "duration": 7680,
    "itemInputs": [],
    "fluidInputs": [
      {
        "id": "ic2uumatter",
        "displayName": "UU-Matter",
        "amount": 15
      }
    ],
    "itemOutputs": [
      {
        "id": "gregtech:gt.metaitem.01:2009",
        "displayName": "Boron Dust",
        "amount": 1
      }
    ],
    "fluidOutputs": []
  },
  {
    "machine": "gt.recipe.replicator",
    "recipeType": "gt_machine",
    "euPerTick": 30,
    "duration": 179200,
    "itemInputs": [],
    "fluidInputs": [
      {
        "id": "ic2uumatter",
        "displayName": "UU-Matter",
        "amount": 350
      }
    ],
    "itemOutputs": [
      {
        "id": "gregtech:gt.metaitem.01:2062",
        "displayName": "Caesium Dust",
        "amount": 1
      }
    ],
    "fluidOutputs": []
  },
  {
    "machine": "gt.recipe.replicator",
    "recipeType": "gt_machine",
    "euPerTick": 30,
    "duration": 42496,
    "itemInputs": [],
    "fluidInputs": [
      {
        "id": "ic2uumatter",
        "displayName": "UU-Matter",
        "amount": 83
      }
    ],
    "itemOutputs": [
      {
        "id": "gregtech:gt.metaitem.01:2026",
        "displayName": "Calcium Dust",
        "amount": 1
      }
    ],
    "fluidOutputs": []
  },
  {
    "machine": "gt.recipe.replicator",
    "recipeType": "gt_machine",
    "euPerTick": 30,
    "duration": 9728,
    "itemInputs": [],
    "fluidInputs": [
      {
        "id": "ic2uumatter",
        "displayName": "UU-Matter",
        "amount": 19
      }
    ],
    "itemOutputs": [
      {
        "id": "gregtech:gt.metaitem.01:2010",
        "displayName": "Carbon Dust",
        "amount": 1
      }
    ],
    "fluidOutputs": []
  },
  {
    "machine": "gt.recipe.replicator",
    "recipeType": "gt_machine",
    "euPerTick": 30,
    "duration": 146944,
    "itemInputs": [],
    "fluidInputs": [
      {
        "id": "ic2uumatter",
        "displayName": "UU-Matter",
        "amount": 287
      }
    ],
    "itemOutputs": [
      {
        "id": "gregtech:gt.metaitem.01:2055",
        "displayName": "Cadmium Dust",
        "amount": 1
      }
    ],
    "fluidOutputs": []
  },
  {
    "machine": "gt.recipe.replicator",
    "recipeType": "gt_machine",
    "euPerTick": 30,
    "duration": 192512,
    "itemInputs": [],
    "fluidInputs": [
      {
        "id": "ic2uumatter",
        "displayName": "UU-Matter",
        "amount": 376
      }
    ],
    "itemOutputs": [
      {
        "id": "gregtech:gt.metaitem.01:2065",
        "displayName": "Cerium Dust",
        "amount": 1
      }
    ],
    "fluidOutputs": []
  },
  {
    "machine": "gt.recipe.replicator",
    "recipeType": "gt_machine",
    "euPerTick": 30,
    "duration": 36352,
    "itemInputs": [],
    "fluidInputs": [
      {
        "id": "ic2uumatter",
        "displayName": "UU-Matter",
        "amount": 71
      }
    ],
    "itemOutputs": [],
    "fluidOutputs": [
      {
        "id": "chlorine",
        "displayName": "Chlorine",
        "amount": 1000
      }
    ]
  },
  {
    "machine": "gt.recipe.replicator",
    "recipeType": "gt_machine",
    "euPerTick": 30,
    "duration": 58368,
    "itemInputs": [],
    "fluidInputs": [
      {
        "id": "ic2uumatter",
        "displayName": "UU-Matter",
        "amount": 114
      }
    ],
    "itemOutputs": [
      {
        "id": "gregtech:gt.metaitem.01:2030",
        "displayName": "Chrome Dust",
        "amount": 1
      }
    ],
    "fluidOutputs": []
  },
  {
    "machine": "gt.recipe.replicator",
    "recipeType": "gt_machine",
    "euPerTick": 30,
    "duration": 68096,
    "itemInputs": [],
    "fluidInputs": [
      {
        "id": "ic2uumatter",
        "displayName": "UU-Matter",
        "amount": 133
      }
    ],
    "itemOutputs": [
      {
        "id": "gregtech:gt.metaitem.01:2033",
        "displayName": "Cobalt Dust",
        "amount": 1
      }
    ],
    "fluidOutputs": []
  },
  {
    "machine": "gt.recipe.replicator",
    "recipeType": "gt_machine",
    "euPerTick": 30,
    "duration": 73728,
    "itemInputs": [],
    "fluidInputs": [
      {
        "id": "ic2uumatter",
        "displayName": "UU-Matter",
        "amount": 144
      }
    ],
    "itemOutputs": [
      {
        "id": "gregtech:gt.metaitem.01:2035",
        "displayName": "Copper Dust",
        "amount": 1
      }
    ],
    "fluidOutputs": []
  },
  {
    "machine": "gt.recipe.replicator",
    "recipeType": "gt_machine",
    "euPerTick": 30,
    "duration": 229376,
    "itemInputs": [],
    "fluidInputs": [
      {
        "id": "ic2uumatter",
        "displayName": "UU-Matter",
        "amount": 448
      }
    ],
    "itemOutputs": [
      {
        "id": "gregtech:gt.metaitem.01:2073",
        "displayName": "Dysprosium Dust",
        "amount": 1
      }
    ],
    "fluidOutputs": []
  },
  {
    "machine": "gt.recipe.replicator",
    "recipeType": "gt_machine",
    "euPerTick": 30,
    "duration": 237568,
    "itemInputs": [],
    "fluidInputs": [
      {
        "id": "ic2uumatter",
        "displayName": "UU-Matter",
        "amount": 464
      }
    ],
    "itemOutputs": [
      {
        "id": "gregtech:gt.metaitem.01:2075",
        "displayName": "Erbium Dust",
        "amount": 1
      }
    ],
    "fluidOutputs": []
  },
  {
    "machine": "gt.recipe.replicator",
    "recipeType": "gt_machine",
    "euPerTick": 30,
    "duration": 210432,
    "itemInputs": [],
    "fluidInputs": [
      {
        "id": "ic2uumatter",
        "displayName": "UU-Matter",
        "amount": 411
      }
    ],
    "itemOutputs": [
      {
        "id": "gregtech:gt.metaitem.01:2070",
        "displayName": "Europium Dust",
        "amount": 1
      }
    ],
    "fluidOutputs": []
  },
  {
    "machine": "gt.recipe.replicator",
    "recipeType": "gt_machine",
    "euPerTick": 30,
    "duration": 16384,
    "itemInputs": [],
    "fluidInputs": [
      {
        "id": "ic2uumatter",
        "displayName": "UU-Matter",
        "amount": 32
      }
    ],
    "itemOutputs": [],
    "fluidOutputs": [
      {
        "id": "fluorine",
        "displayName": "Fluorine",
        "amount": 1000
      }
    ]
  },
  {
    "machine": "gt.recipe.replicator",
    "recipeType": "gt_machine",
    "euPerTick": 30,
    "duration": 220672,
    "itemInputs": [],
    "fluidInputs": [
      {
        "id": "ic2uumatter",
        "displayName": "UU-Matter",
        "amount": 431
      }
    ],
    "itemOutputs": [
      {
        "id": "gregtech:gt.metaitem.01:2071",
        "displayName": "Gadolinium Dust",
        "amount": 1
      }
    ],
    "fluidOutputs": []
  },
  {
    "machine": "gt.recipe.replicator",
    "recipeType": "gt_machine",
    "euPerTick": 30,
    "duration": 83456,
    "itemInputs": [],
    "fluidInputs": [
      {
        "id": "ic2uumatter",
        "displayName": "UU-Matter",
        "amount": 163
      }
    ],
    "itemOutputs": [
      {
        "id": "gregtech:gt.metaitem.01:2037",
        "displayName": "Gallium Dust",
        "amount": 1
      }
    ],
    "fluidOutputs": []
  },
  {
    "machine": "gt.recipe.replicator",
    "recipeType": "gt_machine",
    "euPerTick": 30,
    "duration": 288256,
    "itemInputs": [],
    "fluidInputs": [
      {
        "id": "ic2uumatter",
        "displayName": "UU-Matter",
        "amount": 563
      }
    ],
    "itemOutputs": [
      {
        "id": "gregtech:gt.metaitem.01:2086",
        "displayName": "Gold Dust",
        "amount": 1
      }
    ],
    "fluidOutputs": []
  },
  {
    "machine": "gt.recipe.replicator",
    "recipeType": "gt_machine",
    "euPerTick": 30,
    "duration": 232448,
    "itemInputs": [],
    "fluidInputs": [
      {
        "id": "ic2uumatter",
        "displayName": "UU-Matter",
        "amount": 454
      }
    ],
    "itemOutputs": [
      {
        "id": "gregtech:gt.metaitem.01:2074",
        "displayName": "Holmium Dust",
        "amount": 1
      }
    ],
    "fluidOutputs": []
  },
  {
    "machine": "gt.recipe.replicator",
    "recipeType": "gt_machine",
    "euPerTick": 30,
    "duration": 512,
    "itemInputs": [],
    "fluidInputs": [
      {
        "id": "ic2uumatter",
        "displayName": "UU-Matter",
        "amount": 1
      }
    ],
    "itemOutputs": [],
    "fluidOutputs": [
      {
        "id": "hydrogen",
        "displayName": "Hydrogen Gas",
        "amount": 1000
      }
    ]
  },
  {
    "machine": "gt.recipe.replicator",
    "recipeType": "gt_machine",
    "euPerTick": 30,
    "duration": 2560,
    "itemInputs": [],
    "fluidInputs": [
      {
        "id": "ic2uumatter",
        "displayName": "UU-Matter",
        "amount": 5
      }
    ],
    "itemOutputs": [],
    "fluidOutputs": [
      {
        "id": "helium",
        "displayName": "Helium Gas",
        "amount": 1000
      }
    ]
  },
  {
    "machine": "gt.recipe.replicator",
    "recipeType": "gt_machine",
    "euPerTick": 30,
    "duration": 150016,
    "itemInputs": [],
    "fluidInputs": [
      {
        "id": "ic2uumatter",
        "displayName": "UU-Matter",
        "amount": 293
      }
    ],
    "itemOutputs": [
      {
        "id": "gregtech:gt.metaitem.01:2056",
        "displayName": "Indium Dust",
        "amount": 1
      }
    ],
    "fluidOutputs": []
  },
  {
    "machine": "gt.recipe.replicator",
    "recipeType": "gt_machine",
    "euPerTick": 30,
    "duration": 281088,
    "itemInputs": [],
    "fluidInputs": [
      {
        "id": "ic2uumatter",
        "displayName": "UU-Matter",
        "amount": 549
      }
    ],
    "itemOutputs": [
      {
        "id": "gregtech:gt.metaitem.01:2084",
        "displayName": "Iridium Dust",
        "amount": 1
      }
    ],
    "fluidOutputs": []
  },
  {
    "machine": "gt.recipe.replicator",
    "recipeType": "gt_machine",
    "euPerTick": 30,
    "duration": 64000,
    "itemInputs": [],
    "fluidInputs": [
      {
        "id": "ic2uumatter",
        "displayName": "UU-Matter",
        "amount": 125
      }
    ],
    "itemOutputs": [
      {
        "id": "gregtech:gt.metaitem.01:2032",
        "displayName": "Iron Dust",
        "amount": 1
      }
    ],
    "fluidOutputs": []
  },
  {
    "machine": "gt.recipe.replicator",
    "recipeType": "gt_machine",
    "euPerTick": 30,
    "duration": 188928,
    "itemInputs": [],
    "fluidInputs": [
      {
        "id": "ic2uumatter",
        "displayName": "UU-Matter",
        "amount": 369
      }
    ],
    "itemOutputs": [
      {
        "id": "gregtech:gt.metaitem.01:2064",
        "displayName": "Lanthanum Dust",
        "amount": 1
      }
    ],
    "fluidOutputs": []
  },
  {
    "machine": "gt.recipe.replicator",
    "recipeType": "gt_machine",
    "euPerTick": 30,
    "duration": 307712,
    "itemInputs": [],
    "fluidInputs": [
      {
        "id": "ic2uumatter",
        "displayName": "UU-Matter",
        "amount": 601
      }
    ],
    "itemOutputs": [
      {
        "id": "gregtech:gt.metaitem.01:2089",
        "displayName": "Lead Dust",
        "amount": 1
      }
    ],
    "fluidOutputs": []
  },
  {
    "machine": "gt.recipe.replicator",
    "recipeType": "gt_machine",
    "euPerTick": 30,
    "duration": 5120,
    "itemInputs": [],
    "fluidInputs": [
      {
        "id": "ic2uumatter",
        "displayName": "UU-Matter",
        "amount": 10
      }
    ],
    "itemOutputs": [
      {
        "id": "gregtech:gt.metaitem.01:2006",
        "displayName": "Lithium Dust",
        "amount": 1
      }
    ],
    "fluidOutputs": []
  },
  {
    "machine": "gt.recipe.replicator",
    "recipeType": "gt_machine",
    "euPerTick": 30,
    "duration": 249856,
    "itemInputs": [],
    "fluidInputs": [
      {
        "id": "ic2uumatter",
        "displayName": "UU-Matter",
        "amount": 488
      }
    ],
    "itemOutputs": [
      {
        "id": "gregtech:gt.metaitem.01:2078",
        "displayName": "Lutetium Dust",
        "amount": 1
      }
    ],
    "fluidOutputs": []
  },
  {
    "machine": "gt.recipe.replicator",
    "recipeType": "gt_machine",
    "euPerTick": 30,
    "duration": 23040,
    "itemInputs": [],
    "fluidInputs": [
      {
        "id": "ic2uumatter",
        "displayName": "UU-Matter",
        "amount": 45
      }
    ],
    "itemOutputs": [
      {
        "id": "gregtech:gt.metaitem.01:2018",
        "displayName": "Magnesium Dust",
        "amount": 1
      }
    ],
    "fluidOutputs": []
  },
  {
    "machine": "gt.recipe.replicator",
    "recipeType": "gt_machine",
    "euPerTick": 30,
    "duration": 62464,
    "itemInputs": [],
    "fluidInputs": [
      {
        "id": "ic2uumatter",
        "displayName": "UU-Matter",
        "amount": 122
      }
    ],
    "itemOutputs": [
      {
        "id": "gregtech:gt.metaitem.01:2031",
        "displayName": "Manganese Dust",
        "amount": 1
      }
    ],
    "fluidOutputs": []
  },
  {
    "machine": "gt.recipe.replicator",
    "recipeType": "gt_machine",
    "euPerTick": 30,
    "duration": 295424,
    "itemInputs": [],
    "fluidInputs": [
      {
        "id": "ic2uumatter",
        "displayName": "UU-Matter",
        "amount": 577
      }
    ],
    "itemOutputs": [],
    "fluidOutputs": [
      {
        "id": "mercury",
        "displayName": "Mercury",
        "amount": 1000
      }
    ]
  },
  {
    "machine": "gt.recipe.replicator",
    "recipeType": "gt_machine",
    "euPerTick": 30,
    "duration": 120832,
    "itemInputs": [],
    "fluidInputs": [
      {
        "id": "ic2uumatter",
        "displayName": "UU-Matter",
        "amount": 236
      }
    ],
    "itemOutputs": [
      {
        "id": "gregtech:gt.metaitem.01:2048",
        "displayName": "Molybdenum Dust",
        "amount": 1
      }
    ],
    "fluidOutputs": []
  },
  {
    "machine": "gt.recipe.replicator",
    "recipeType": "gt_machine",
    "euPerTick": 30,
    "duration": 199168,
    "itemInputs": [],
    "fluidInputs": [
      {
        "id": "ic2uumatter",
        "displayName": "UU-Matter",
        "amount": 389
      }
    ],
    "itemOutputs": [
      {
        "id": "gregtech:gt.metaitem.01:2067",
        "displayName": "Neodymium Dust",
        "amount": 1
      }
    ],
    "fluidOutputs": []
  },
  {
    "machine": "gt.recipe.replicator",
    "recipeType": "gt_machine",
    "euPerTick": 30,
    "duration": 128512,
    "itemInputs": [],
    "fluidInputs": [
      {
        "id": "ic2uumatter",
        "displayName": "UU-Matter",
        "amount": 251
      }
    ],
    "itemOutputs": [
      {
        "id": "gregtech:gt.metaitem.01:2129",
        "displayName": "Neutronium Dust",
        "amount": 1
      }
    ],
    "fluidOutputs": []
  },
  {
    "machine": "gt.recipe.replicator",
    "recipeType": "gt_machine",
    "euPerTick": 30,
    "duration": 66560,
    "itemInputs": [],
    "fluidInputs": [
      {
        "id": "ic2uumatter",
        "displayName": "UU-Matter",
        "amount": 130
      }
    ],
    "itemOutputs": [
      {
        "id": "gregtech:gt.metaitem.01:2034",
        "displayName": "Nickel Dust",
        "amount": 1
      }
    ],
    "fluidOutputs": []
  },
  {
    "machine": "gt.recipe.replicator",
    "recipeType": "gt_machine",
    "euPerTick": 30,
    "duration": 119296,
    "itemInputs": [],
    "fluidInputs": [
      {
        "id": "ic2uumatter",
        "displayName": "UU-Matter",
        "amount": 233
      }
    ],
    "itemOutputs": [
      {
        "id": "gregtech:gt.metaitem.01:2047",
        "displayName": "Niobium Dust",
        "amount": 1
      }
    ],
    "fluidOutputs": []
  },
  {
    "machine": "gt.recipe.replicator",
    "recipeType": "gt_machine",
    "euPerTick": 30,
    "duration": 11776,
    "itemInputs": [],
    "fluidInputs": [
      {
        "id": "ic2uumatter",
        "displayName": "UU-Matter",
        "amount": 23
      }
    ],
    "itemOutputs": [],
    "fluidOutputs": [
      {
        "id": "nitrogen",
        "displayName": "Nitrogen Gas",
        "amount": 1000
      }
    ]
  },
  {
    "machine": "gt.recipe.replicator",
    "recipeType": "gt_machine",
    "euPerTick": 30,
    "duration": 277504,
    "itemInputs": [],
    "fluidInputs": [
      {
        "id": "ic2uumatter",
        "displayName": "UU-Matter",
        "amount": 542
      }
    ],
    "itemOutputs": [
      {
        "id": "gregtech:gt.metaitem.01:2083",
        "displayName": "Osmium Dust",
        "amount": 1
      }
    ],
    "fluidOutputs": []
  },
  {
    "machine": "gt.recipe.replicator",
    "recipeType": "gt_machine",
    "euPerTick": 30,
    "duration": 13824,
    "itemInputs": [],
    "fluidInputs": [
      {
        "id": "ic2uumatter",
        "displayName": "UU-Matter",
        "amount": 27
      }
    ],
    "itemOutputs": [],
    "fluidOutputs": [
      {
        "id": "oxygen",
        "displayName": "Oxygen Gas",
        "amount": 1000
      }
    ]
  },
  {
    "machine": "gt.recipe.replicator",
    "recipeType": "gt_machine",
    "euPerTick": 30,
    "duration": 137728,
    "itemInputs": [],
    "fluidInputs": [
      {
        "id": "ic2uumatter",
        "displayName": "UU-Matter",
        "amount": 269
      }
    ],
    "itemOutputs": [
      {
        "id": "gregtech:gt.metaitem.01:2052",
        "displayName": "Palladium Dust",
        "amount": 1
      }
    ],
    "fluidOutputs": []
  },
  {
    "machine": "gt.recipe.replicator",
    "recipeType": "gt_machine",
    "euPerTick": 30,
    "duration": 30208,
    "itemInputs": [],
    "fluidInputs": [
      {
        "id": "ic2uumatter",
        "displayName": "UU-Matter",
        "amount": 59
      }
    ],
    "itemOutputs": [
      {
        "id": "gregtech:gt.metaitem.01:2021",
        "displayName": "Phosphorus Dust",
        "amount": 1
      }
    ],
    "fluidOutputs": []
  },
  {
    "machine": "gt.recipe.replicator",
    "recipeType": "gt_machine",
    "euPerTick": 30,
    "duration": 286208,
    "itemInputs": [],
    "fluidInputs": [
      {
        "id": "ic2uumatter",
        "displayName": "UU-Matter",
        "amount": 559
      }
    ],
    "itemOutputs": [
      {
        "id": "gregtech:gt.metaitem.01:2085",
        "displayName": "Platinum Dust",
        "amount": 1
      }
    ],
    "fluidOutputs": []
  },
  {
    "machine": "gt.recipe.replicator",
    "recipeType": "gt_machine",
    "euPerTick": 30,
    "duration": 378368,
    "itemInputs": [],
    "fluidInputs": [
      {
        "id": "ic2uumatter",
        "displayName": "UU-Matter",
        "amount": 739
      }
    ],
    "itemOutputs": [
      {
        "id": "gregtech:gt.metaitem.01:2100",
        "displayName": "Plutonium 239 Dust",
        "amount": 1
      }
    ],
    "fluidOutputs": []
  },
  {
    "machine": "gt.recipe.replicator",
    "recipeType": "gt_machine",
    "euPerTick": 30,
    "duration": 41472,
    "itemInputs": [],
    "fluidInputs": [
      {
        "id": "ic2uumatter",
        "displayName": "UU-Matter",
        "amount": 81
      }
    ],
    "itemOutputs": [
      {
        "id": "gregtech:gt.metaitem.01:2025",
        "displayName": "Potassium Dust",
        "amount": 1
      }
    ],
    "fluidOutputs": []
  },
  {
    "machine": "gt.recipe.replicator",
    "recipeType": "gt_machine",
    "euPerTick": 30,
    "duration": 192512,
    "itemInputs": [],
    "fluidInputs": [
      {
        "id": "ic2uumatter",
        "displayName": "UU-Matter",
        "amount": 376
      }
    ],
    "itemOutputs": [
      {
        "id": "gregtech:gt.metaitem.01:2066",
        "displayName": "Praseodymium Dust",
        "amount": 1
      }
    ],
    "fluidOutputs": []
  },
  {
    "machine": "gt.recipe.replicator",
    "recipeType": "gt_machine",
    "euPerTick": 30,
    "duration": 199168,
    "itemInputs": [],
    "fluidInputs": [
      {
        "id": "ic2uumatter",
        "displayName": "UU-Matter",
        "amount": 389
      }
    ],
    "itemOutputs": [
      {
        "id": "gregtech:gt.metaitem.01:2068",
        "displayName": "Promethium Dust",
        "amount": 1
      }
    ],
    "fluidOutputs": []
  },
  {
    "machine": "gt.recipe.replicator",
    "recipeType": "gt_machine",
    "euPerTick": 30,
    "duration": 331264,
    "itemInputs": [],
    "fluidInputs": [
      {
        "id": "ic2uumatter",
        "displayName": "UU-Matter",
        "amount": 647
      }
    ],
    "itemOutputs": [],
    "fluidOutputs": [
      {
        "id": "radon",
        "displayName": "Radon",
        "amount": 1000
      }
    ]
  },
  {
    "machine": "gt.recipe.replicator",
    "recipeType": "gt_machine",
    "euPerTick": 30,
    "duration": 105472,
    "itemInputs": [],
    "fluidInputs": [
      {
        "id": "ic2uumatter",
        "displayName": "UU-Matter",
        "amount": 206
      }
    ],
    "itemOutputs": [
      {
        "id": "gregtech:gt.metaitem.01:2043",
        "displayName": "Rubidium Dust",
        "amount": 1
      }
    ],
    "fluidOutputs": []
  },
  {
    "machine": "gt.recipe.replicator",
    "recipeType": "gt_machine",
    "euPerTick": 30,
    "duration": 208896,
    "itemInputs": [],
    "fluidInputs": [
      {
        "id": "ic2uumatter",
        "displayName": "UU-Matter",
        "amount": 408
      }
    ],
    "itemOutputs": [
      {
        "id": "gregtech:gt.metaitem.01:2069",
        "displayName": "Samarium Dust",
        "amount": 1
      }
    ],
    "fluidOutputs": []
  },
  {
    "machine": "gt.recipe.replicator",
    "recipeType": "gt_machine",
    "euPerTick": 30,
    "duration": 49152,
    "itemInputs": [],
    "fluidInputs": [
      {
        "id": "ic2uumatter",
        "displayName": "UU-Matter",
        "amount": 96
      }
    ],
    "itemOutputs": [
      {
        "id": "gregtech:gt.metaitem.01:2027",
        "displayName": "Scandium Dust",
        "amount": 1
      }
    ],
    "fluidOutputs": []
  },
  {
    "machine": "gt.recipe.replicator",
    "recipeType": "gt_machine",
    "euPerTick": 30,
    "duration": 27648,
    "itemInputs": [],
    "fluidInputs": [
      {
        "id": "ic2uumatter",
        "displayName": "UU-Matter",
        "amount": 54
      }
    ],
    "itemOutputs": [
      {
        "id": "gregtech:gt.metaitem.01:2020",
        "displayName": "Raw Silicon Dust",
        "amount": 1
      }
    ],
    "fluidOutputs": []
  },
  {
    "machine": "gt.recipe.replicator",
    "recipeType": "gt_machine",
    "euPerTick": 30,
    "duration": 139264,
    "itemInputs": [],
    "fluidInputs": [
      {
        "id": "ic2uumatter",
        "displayName": "UU-Matter",
        "amount": 272
      }
    ],
    "itemOutputs": [
      {
        "id": "gregtech:gt.metaitem.01:2054",
        "displayName": "Silver Dust",
        "amount": 1
      }
    ],
    "fluidOutputs": []
  },
  {
    "machine": "gt.recipe.replicator",
    "recipeType": "gt_machine",
    "euPerTick": 30,
    "duration": 20480,
    "itemInputs": [],
    "fluidInputs": [
      {
        "id": "ic2uumatter",
        "displayName": "UU-Matter",
        "amount": 40
      }
    ],
    "itemOutputs": [
      {
        "id": "gregtech:gt.metaitem.01:2017",
        "displayName": "Sodium Dust",
        "amount": 1
      }
    ],
    "fluidOutputs": []
  },
  {
    "machine": "gt.recipe.replicator",
    "recipeType": "gt_machine",
    "euPerTick": 30,
    "duration": 108544,
    "itemInputs": [],
    "fluidInputs": [
      {
        "id": "ic2uumatter",
        "displayName": "UU-Matter",
        "amount": 212
      }
    ],
    "itemOutputs": [
      {
        "id": "gregtech:gt.metaitem.01:2044",
        "displayName": "Strontium Dust",
        "amount": 1
      }
    ],
    "fluidOutputs": []
  },
  {
    "machine": "gt.recipe.replicator",
    "recipeType": "gt_machine",
    "euPerTick": 30,
    "duration": 32768,
    "itemInputs": [],
    "fluidInputs": [
      {
        "id": "ic2uumatter",
        "displayName": "UU-Matter",
        "amount": 64
      }
    ],
    "itemOutputs": [
      {
        "id": "gregtech:gt.metaitem.01:2022",
        "displayName": "Sulfur Dust",
        "amount": 1
      }
    ],
    "fluidOutputs": []
  },
  {
    "machine": "gt.recipe.replicator",
    "recipeType": "gt_machine",
    "euPerTick": 30,
    "duration": 260096,
    "itemInputs": [],
    "fluidInputs": [
      {
        "id": "ic2uumatter",
        "displayName": "UU-Matter",
        "amount": 508
      }
    ],
    "itemOutputs": [
      {
        "id": "gregtech:gt.metaitem.01:2080",
        "displayName": "Tantalum Dust",
        "amount": 1
      }
    ],
    "fluidOutputs": []
  },
  {
    "machine": "gt.recipe.replicator",
    "recipeType": "gt_machine",
    "euPerTick": 30,
    "duration": 171008,
    "itemInputs": [],
    "fluidInputs": [
      {
        "id": "ic2uumatter",
        "displayName": "UU-Matter",
        "amount": 334
      }
    ],
    "itemOutputs": [
      {
        "id": "gregtech:gt.metaitem.01:2059",
        "displayName": "Tellurium Dust",
        "amount": 1
      }
    ],
    "fluidOutputs": []
  },
  {
    "machine": "gt.recipe.replicator",
    "recipeType": "gt_machine",
    "euPerTick": 30,
    "duration": 222208,
    "itemInputs": [],
    "fluidInputs": [
      {
        "id": "ic2uumatter",
        "displayName": "UU-Matter",
        "amount": 434
      }
    ],
    "itemOutputs": [
      {
        "id": "gregtech:gt.metaitem.01:2072",
        "displayName": "Terbium Dust",
        "amount": 1
      }
    ],
    "fluidOutputs": []
  },
  {
    "machine": "gt.recipe.replicator",
    "recipeType": "gt_machine",
    "euPerTick": 30,
    "duration": 349184,
    "itemInputs": [],
    "fluidInputs": [
      {
        "id": "ic2uumatter",
        "displayName": "UU-Matter",
        "amount": 682
      }
    ],
    "itemOutputs": [
      {
        "id": "gregtech:gt.metaitem.01:2096",
        "displayName": "Thorium Dust",
        "amount": 1
      }
    ],
    "fluidOutputs": []
  },
  {
    "machine": "gt.recipe.replicator",
    "recipeType": "gt_machine",
    "euPerTick": 30,
    "duration": 239616,
    "itemInputs": [],
    "fluidInputs": [
      {
        "id": "ic2uumatter",
        "displayName": "UU-Matter",
        "amount": 468
      }
    ],
    "itemOutputs": [
      {
        "id": "gregtech:gt.metaitem.01:2076",
        "displayName": "Thulium Dust",
        "amount": 1
      }
    ],
    "fluidOutputs": []
  },
  {
    "machine": "gt.recipe.replicator",
    "recipeType": "gt_machine",
    "euPerTick": 30,
    "duration": 156672,
    "itemInputs": [],
    "fluidInputs": [
      {
        "id": "ic2uumatter",
        "displayName": "UU-Matter",
        "amount": 306
      }
    ],
    "itemOutputs": [
      {
        "id": "gregtech:gt.metaitem.01:2057",
        "displayName": "Tin Dust",
        "amount": 1
      }
    ],
    "fluidOutputs": []
  },
  {
    "machine": "gt.recipe.replicator",
    "recipeType": "gt_machine",
    "euPerTick": 30,
    "duration": 53248,
    "itemInputs": [],
    "fluidInputs": [
      {
        "id": "ic2uumatter",
        "displayName": "UU-Matter",
        "amount": 104
      }
    ],
    "itemOutputs": [
      {
        "id": "gregtech:gt.metaitem.01:2028",
        "displayName": "Titanium Dust",
        "amount": 1
      }
    ],
    "fluidOutputs": []
  },
  {
    "machine": "gt.recipe.replicator",
    "recipeType": "gt_machine",
    "euPerTick": 30,
    "duration": 524800,
    "itemInputs": [],
    "fluidInputs": [
      {
        "id": "ic2uumatter",
        "displayName": "UU-Matter",
        "amount": 1025
      }
    ],
    "itemOutputs": [
      {
        "id": "gregtech:gt.metaitem.01:2329",
        "displayName": "Tritanium Dust",
        "amount": 1
      }
    ],
    "fluidOutputs": []
  },
  {
    "machine": "gt.recipe.replicator",
    "recipeType": "gt_machine",
    "euPerTick": 30,
    "duration": 265216,
    "itemInputs": [],
    "fluidInputs": [
      {
        "id": "ic2uumatter",
        "displayName": "UU-Matter",
        "amount": 518
      }
    ],
    "itemOutputs": [
      {
        "id": "gregtech:gt.metaitem.01:2081",
        "displayName": "Tungsten Dust",
        "amount": 1
      }
    ],
    "fluidOutputs": []
  },
  {
    "machine": "gt.recipe.replicator",
    "recipeType": "gt_machine",
    "euPerTick": 30,
    "duration": 364032,
    "itemInputs": [],
    "fluidInputs": [
      {
        "id": "ic2uumatter",
        "displayName": "UU-Matter",
        "amount": 711
      }
    ],
    "itemOutputs": [
      {
        "id": "gregtech:gt.metaitem.01:2098",
        "displayName": "Uranium 238 Dust",
        "amount": 1
      }
    ],
    "fluidOutputs": []
  },
  {
    "machine": "gt.recipe.replicator",
    "recipeType": "gt_machine",
    "euPerTick": 30,
    "duration": 56832,
    "itemInputs": [],
    "fluidInputs": [
      {
        "id": "ic2uumatter",
        "displayName": "UU-Matter",
        "amount": 111
      }
    ],
    "itemOutputs": [
      {
        "id": "gregtech:gt.metaitem.01:2029",
        "displayName": "Vanadium Dust",
        "amount": 1
      }
    ],
    "fluidOutputs": []
  },
  {
    "machine": "gt.recipe.replicator",
    "recipeType": "gt_machine",
    "euPerTick": 30,
    "duration": 247808,
    "itemInputs": [],
    "fluidInputs": [
      {
        "id": "ic2uumatter",
        "displayName": "UU-Matter",
        "amount": 484
      }
    ],
    "itemOutputs": [
      {
        "id": "gregtech:gt.metaitem.01:2077",
        "displayName": "Ytterbium Dust",
        "amount": 1
      }
    ],
    "fluidOutputs": []
  },
  {
    "machine": "gt.recipe.replicator",
    "recipeType": "gt_machine",
    "euPerTick": 30,
    "duration": 111616,
    "itemInputs": [],
    "fluidInputs": [
      {
        "id": "ic2uumatter",
        "displayName": "UU-Matter",
        "amount": 218
      }
    ],
    "itemOutputs": [
      {
        "id": "gregtech:gt.metaitem.01:2045",
        "displayName": "Yttrium Dust",
        "amount": 1
      }
    ],
    "fluidOutputs": []
  },
  {
    "machine": "gt.recipe.replicator",
    "recipeType": "gt_machine",
    "euPerTick": 30,
    "duration": 76288,
    "itemInputs": [],
    "fluidInputs": [
      {
        "id": "ic2uumatter",
        "displayName": "UU-Matter",
        "amount": 149
      }
    ],
    "itemOutputs": [
      {
        "id": "gregtech:gt.metaitem.01:2036",
        "displayName": "Zinc Dust",
        "amount": 1
      }
    ],
    "fluidOutputs": []
  },
  {
    "machine": "gt.recipe.replicator",
    "recipeType": "gt_machine",
    "euPerTick": 30,
    "duration": 459264,
    "itemInputs": [],
    "fluidInputs": [
      {
        "id": "ic2uumatter",
        "displayName": "UU-Matter",
        "amount": 897
      }
    ],
    "itemOutputs": [
      {
        "id": "gregtech:gt.metaitem.01:2984",
        "displayName": "Flerovium Dust",
        "amount": 1
      }
    ],
    "fluidOutputs": []
  },
  {
    "machine": "gt.recipe.replicator",
    "recipeType": "gt_machine",
    "euPerTick": 30,
    "duration": 54272,
    "itemInputs": [],
    "fluidInputs": [
      {
        "id": "ic2uumatter",
        "displayName": "UU-Matter",
        "amount": 106
      }
    ],
    "itemOutputs": [
      {
        "id": "gregtech:gt.metaitem.01:2884",
        "displayName": "Desh Dust",
        "amount": 1
      }
    ],
    "fluidOutputs": []
  },
  {
    "machine": "gt.recipe.replicator",
    "recipeType": "gt_machine",
    "euPerTick": 30,
    "duration": 80896,
    "itemInputs": [],
    "fluidInputs": [
      {
        "id": "ic2uumatter",
        "displayName": "UU-Matter",
        "amount": 158
      }
    ],
    "itemOutputs": [
      {
        "id": "gregtech:gt.metaitem.01:2340",
        "displayName": "Meteoric Iron Dust",
        "amount": 1
      }
    ],
    "fluidOutputs": []
  },
  {
    "machine": "gt.recipe.replicator",
    "recipeType": "gt_machine",
    "euPerTick": 30,
    "duration": 538624,
    "itemInputs": [],
    "fluidInputs": [
      {
        "id": "ic2uumatter",
        "displayName": "UU-Matter",
        "amount": 1052
      }
    ],
    "itemOutputs": [
      {
        "id": "gregtech:gt.metaitem.01:2324",
        "displayName": "Naquadah Dust",
        "amount": 1
      }
    ],
    "fluidOutputs": []
  },
  {
    "machine": "gt.recipe.replicator",
    "recipeType": "gt_machine",
    "euPerTick": 30,
    "duration": 296960,
    "itemInputs": [],
    "fluidInputs": [
      {
        "id": "ic2uumatter",
        "displayName": "UU-Matter",
        "amount": 580
      }
    ],
    "itemOutputs": [
      {
        "id": "gregtech:gt.metaitem.01:2393",
        "displayName": "Oriharukon Dust",
        "amount": 1
      }
    ],
    "fluidOutputs": []
  },
  {
    "machine": "gt.recipe.replicator",
    "recipeType": "gt_machine",
    "euPerTick": 30,
    "duration": 114688,
    "itemInputs": [],
    "fluidInputs": [
      {
        "id": "ic2uumatter",
        "displayName": "UU-Matter",
        "amount": 224
      }
    ],
    "itemOutputs": [
      {
        "id": "bartworks:gt.bwMetaGenerateddust:3",
        "displayName": "Zirconium Dust",
        "amount": 1
      }
    ],
    "fluidOutputs": []
  },
  {
    "machine": "gt.recipe.replicator",
    "recipeType": "gt_machine",
    "euPerTick": 30,
    "duration": 177664,
    "itemInputs": [],
    "fluidInputs": [
      {
        "id": "ic2uumatter",
        "displayName": "UU-Matter",
        "amount": 347
      }
    ],
    "itemOutputs": [],
    "fluidOutputs": [
      {
        "id": "xenon",
        "displayName": "Xenon",
        "amount": 1000
      }
    ]
  },
  {
    "machine": "gt.recipe.replicator",
    "recipeType": "gt_machine",
    "euPerTick": 30,
    "duration": 468992,
    "itemInputs": [],
    "fluidInputs": [
      {
        "id": "ic2uumatter",
        "displayName": "UU-Matter",
        "amount": 916
      }
    ],
    "itemOutputs": [],
    "fluidOutputs": [
      {
        "id": "oganesson",
        "displayName": "Oganesson",
        "amount": 1000
      }
    ]
  },
  {
    "machine": "gt.recipe.replicator",
    "recipeType": "gt_machine",
    "euPerTick": 30,
    "duration": 387584,
    "itemInputs": [],
    "fluidInputs": [
      {
        "id": "ic2uumatter",
        "displayName": "UU-Matter",
        "amount": 757
      }
    ],
    "itemOutputs": [
      {
        "id": "bartworks:gt.bwMetaGenerateddust:39",
        "displayName": "Californium Dust",
        "amount": 1
      }
    ],
    "fluidOutputs": []
  },
  {
    "machine": "gt.recipe.replicator",
    "recipeType": "gt_machine",
    "euPerTick": 30,
    "duration": 18432,
    "itemInputs": [],
    "fluidInputs": [
      {
        "id": "ic2uumatter",
        "displayName": "UU-Matter",
        "amount": 36
      }
    ],
    "itemOutputs": [],
    "fluidOutputs": [
      {
        "id": "neon",
        "displayName": "Neon",
        "amount": 1000
      }
    ]
  },
  {
    "machine": "gt.recipe.replicator",
    "recipeType": "gt_machine",
    "euPerTick": 30,
    "duration": 103936,
    "itemInputs": [],
    "fluidInputs": [
      {
        "id": "ic2uumatter",
        "displayName": "UU-Matter",
        "amount": 203
      }
    ],
    "itemOutputs": [],
    "fluidOutputs": [
      {
        "id": "krypton",
        "displayName": "Krypton",
        "amount": 1000
      }
    ]
  },
  {
    "machine": "gt.recipe.replicator",
    "recipeType": "gt_machine",
    "euPerTick": 30,
    "duration": 130048,
    "itemInputs": [],
    "fluidInputs": [
      {
        "id": "ic2uumatter",
        "displayName": "UU-Matter",
        "amount": 254
      }
    ],
    "itemOutputs": [
      {
        "id": "bartworks:gt.bwMetaGenerateddust:64",
        "displayName": "Ruthenium Dust",
        "amount": 1
      }
    ],
    "fluidOutputs": []
  },
  {
    "machine": "gt.recipe.replicator",
    "recipeType": "gt_machine",
    "euPerTick": 30,
    "duration": 133120,
    "itemInputs": [],
    "fluidInputs": [
      {
        "id": "ic2uumatter",
        "displayName": "UU-Matter",
        "amount": 260
      }
    ],
    "itemOutputs": [
      {
        "id": "bartworks:gt.bwMetaGenerateddust:78",
        "displayName": "Rhodium Dust",
        "amount": 1
      }
    ],
    "fluidOutputs": []
  },
  {
    "machine": "gt.recipe.replicator",
    "recipeType": "gt_machine",
    "euPerTick": 30,
    "duration": 530944,
    "itemInputs": [],
    "fluidInputs": [
      {
        "id": "ic2uumatter",
        "displayName": "UU-Matter",
        "amount": 1037
      }
    ],
    "itemOutputs": [
      {
        "id": "bartworks:gt.bwMetaGenerateddust:89",
        "displayName": "Tiberium Dust",
        "amount": 1
      }
    ],
    "fluidOutputs": []
  },
  {
    "machine": "gt.recipe.replicator",
    "recipeType": "gt_machine",
    "euPerTick": 30,
    "duration": 256512,
    "itemInputs": [],
    "fluidInputs": [
      {
        "id": "ic2uumatter",
        "displayName": "UU-Matter",
        "amount": 501
      }
    ],
    "itemOutputs": [
      {
        "id": "bartworks:gt.bwMetaGenerateddust:11000",
        "displayName": "Hafnium Dust",
        "amount": 1
      }
    ],
    "fluidOutputs": []
  },
  {
    "machine": "gt.recipe.replicator",
    "recipeType": "gt_machine",
    "euPerTick": 30,
    "duration": 171008,
    "itemInputs": [],
    "fluidInputs": [
      {
        "id": "ic2uumatter",
        "displayName": "UU-Matter",
        "amount": 334
      }
    ],
    "itemOutputs": [
      {
        "id": "bartworks:gt.bwMetaGenerateddust:11012",
        "displayName": "Iodine Dust",
        "amount": 1
      }
    ],
    "fluidOutputs": []
  }
]