[
  {
    "machine": "gt.recipe.gasturbinefuel",
    "recipeType": "gt_machine",
    "specialValue": 250,
    "itemInputs": [
      {
        "id": "EnderIO:bucketRocket_fuel:0",
        "displayName": "Rocket Fuel Bucket",
        "amount": 1
      }
    ],
    "fluidInputs": [],
    "itemOutputs": [],
    "fluidOutputs": []
  },
  {
    "machine": "gt.recipe.gasturbinefuel",
    "recipeType": "gt_machine",
    "specialValue": 537,
    "itemInputs": [
      {
        "id": "bartworks:gt.bwMetaGeneratedcell:10029",
        "displayName": "Ether Cell",
        "amount": 1
      }
    ],
    "fluidInputs": [],
    "itemOutputs": [],
    "fluidOutputs": []
  },
  {
    "machine": "gt.recipe.gasturbinefuel",
    "recipeType": "gt_machine",
    "specialValue": 70,
    "itemInputs": [
      {
        "id": "bartworks:gt.bwMetaGeneratedcell:10087",
        "displayName": "Cyclopentadiene Cell",
        "amount": 1
      }
    ],
    "fluidInputs": [],
    "itemOutputs": [],
    "fluidOutputs": []
  },
  {
    "machine": "gt.recipe.gasturbinefuel",
    "recipeType": "gt_machine",
    "specialValue": 1024,
    "itemInputs": [
      {
        "id": "bartworks:gt.bwMetaGeneratedcell:10027",
        "displayName": "Naquadah Gas Cell",
        "amount": 1
      }
    ],
    "fluidInputs": [],
    "itemOutputs": [],
    "fluidOutputs": []
  },
  {
    "machine": "gt.recipe.gasturbinefuel",
    "recipeType": "gt_machine",
    "specialValue": 96,
    "itemInputs": [
      {
        "id": "miscutils:CoalGas:0",
        "displayName": "Coal Gas Cell",
        "amount": 1
      }
    ],
    "fluidInputs": [],
    "itemOutputs": [],
    "fluidOutputs": []
  },
  {
    "machine": "gt.recipe.gasturbinefuel",
    "recipeType": "gt_machine",
    "specialValue": 1600,
    "itemInputs": [
      {
        "id": "miscutils:nitrobenzene:0",
        "displayName": "Nitrobenzene Cell",
        "amount": 1
      }
    ],
    "fluidInputs": [],
    "itemOutputs": [],
    "fluidOutputs": []
  },
  {
    "machine": "gt.recipe.gasturbinefuel",
    "recipeType": "gt_machine",
    "specialValue": 40,
    "itemInputs": [
      {
        "id": "IC2:itemCellEmpty:7",
        "displayName": "Biogas Cell",
        "amount": 1
      }
    ],
    "fluidInputs": [],
    "itemOutputs": [],
    "fluidOutputs": []
  },
  {
    "machine": "gt.recipe.gasturbinefuel",
    "recipeType": "gt_machine",
    "specialValue": 360,
    "itemInputs": [
      {
        "id": "gregtech:gt.metaitem.01:30686",
        "displayName": "Benzene Cell",
        "amount": 1
      }
    ],
    "fluidInputs": [],
    "itemOutputs": [],
    "fluidOutputs": []
  },
  {
    "machine": "gt.recipe.gasturbinefuel",
    "recipeType": "gt_machine",
    "specialValue": 288,
    "itemInputs": [
      {
        "id": "gregtech:gt.metaitem.01:30687",
        "displayName": "Phenol Cell",
        "amount": 1
      }
    ],
    "fluidInputs": [],
    "itemOutputs": [],
    "fluidOutputs": []
  },
  {
    "machine": "gt.recipe.gasturbinefuel",
    "recipeType": "gt_machine",
    "specialValue": 160,
    "itemInputs": [
      {
        "id": "gregtech:gt.metaitem.01:30735",
        "displayName": "Refinery Gas Cell",
        "amount": 1
      }
    ],
    "fluidInputs": [],
    "itemOutputs": [],
    "fluidOutputs": []
  },
  {
    "machine": "gt.recipe.gasturbinefuel",
    "recipeType": "gt_machine",
    "specialValue": 25,
    "itemInputs": [
      {
        "id": "gregtech:gt.metaitem.01:30734",
        "displayName": "Sulfuric Gas Cell",
        "amount": 1
      }
    ],
    "fluidInputs": [],
    "itemOutputs": [],
    "fluidOutputs": []
  },
  {
    "machine": "gt.recipe.gasturbinefuel",
    "recipeType": "gt_machine",
    "specialValue": 192,
    "itemInputs": [
      {
        "id": "gregtech:gt.metaitem.01:30678",
        "displayName": "Propene Cell",
        "amount": 1
      }
    ],
    "fluidInputs": [],
    "itemOutputs": [],
    "fluidOutputs": []
  },
  {
    "machine": "gt.recipe.gasturbinefuel",
    "recipeType": "gt_machine",
    "specialValue": 20,
    "itemInputs": [
      {
        "id": "gregtech:gt.metaitem.01:30733",
        "displayName": "Natural Gas Cell",
        "amount": 1
      }
    ],
    "fluidInputs": [],
    "itemOutputs": [],
    "fluidOutputs": []
  },
  {
    "machine": "gt.recipe.gasturbinefuel",
    "recipeType": "gt_machine",
    "specialValue": 296,
    "itemInputs": [
      {
        "id": "gregtech:gt.metaitem.01:30644",
        "displayName": "Butane Cell",
        "amount": 1
      }
    ],
    "fluidInputs": [],
    "itemOutputs": [],
    "fluidOutputs": []
  },
  {
    "machine": "gt.recipe.gasturbinefuel",
    "recipeType": "gt_machine",
    "specialValue": 206,
    "itemInputs": [
      {
        "id": "gregtech:gt.metaitem.01:30646",
        "displayName": "Butadiene Cell",
        "amount": 1
      }
    ],
    "fluidInputs": [],
    "itemOutputs": [],
    "fluidOutputs": []
  },
  {
    "machine": "gt.recipe.gasturbinefuel",
    "recipeType": "gt_machine",
    "specialValue": 168,
    "itemInputs": [
      {
        "id": "gregtech:gt.metaitem.01:30642",
        "displayName": "Ethane Cell",
        "amount": 1
      }
    ],
    "fluidInputs": [],
    "itemOutputs": [],
    "fluidOutputs": []
  },
  {
    "machine": "gt.recipe.gasturbinefuel",
    "recipeType": "gt_machine",
    "specialValue": 24,
    "itemInputs": [
      {
        "id": "gregtech:gt.metaitem.01:30660",
        "displayName": "Wood Gas Cell",
        "amount": 1
      }
    ],
    "fluidInputs": [],
    "itemOutputs": [],
    "fluidOutputs": []
  },
  {
    "machine": "gt.recipe.gasturbinefuel",
    "recipeType": "gt_machine",
    "specialValue": 320,
    "itemInputs": [
      {
        "id": "gregtech:gt.metaitem.01:30742",
        "displayName": "LPG Cell",
        "amount": 1
      }
    ],
    "fluidInputs": [],
    "itemOutputs": [],
    "fluidOutputs": []
  },
  {
    "machine": "gt.recipe.gasturbinefuel",
    "recipeType": "gt_machine",
    "specialValue": 128,
    "itemInputs": [
      {
        "id": "gregtech:gt.metaitem.01:30677",
        "displayName": "Ethylene Cell",
        "amount": 1
      }
    ],
    "fluidInputs": [],
    "itemOutputs": [],
    "fluidOutputs": []
  },
  {
    "machine": "gt.recipe.gasturbinefuel",
    "recipeType": "gt_machine",
    "specialValue": 40,
    "itemInputs": [
      {
        "id": "gregtech:gt.metaitem.01:30736",
        "displayName": "Sulfuric Naphtha Cell",
        "amount": 1
      }
    ],
    "fluidInputs": [],
    "itemOutputs": [],
    "fluidOutputs": []
  },
  {
    "machine": "gt.recipe.gasturbinefuel",
    "recipeType": "gt_machine",
    "specialValue": 220,
    "itemInputs": [
      {
        "id": "gregtech:gt.metaitem.01:30739",
        "displayName": "Naphtha Cell",
        "amount": 1
      }
    ],
    "fluidInputs": [],
    "itemOutputs": [],
    "fluidOutputs": []
  },
  {
    "machine": "gt.recipe.gasturbinefuel",
    "recipeType": "gt_machine",
    "specialValue": 328,
    "itemInputs": [
      {
        "id": "gregtech:gt.metaitem.01:30647",
        "displayName": "Toluene Cell",
        "amount": 1
      }
    ],
    "fluidInputs": [],
    "itemOutputs": [],
    "fluidOutputs": []
  },
  {
    "machine": "gt.recipe.gasturbinefuel",
    "recipeType": "gt_machine",
    "specialValue": 20,
    "itemInputs": [
      {
        "id": "gregtech:gt.metaitem.01:30001",
        "displayName": "Hydrogen Cell",
        "amount": 1
      }
    ],
    "fluidInputs": [],
    "itemOutputs": [],
    "fluidOutputs": []
  },
  {
    "machine": "gt.recipe.gasturbinefuel",
    "recipeType": "gt_machine",
    "specialValue": 232,
    "itemInputs": [
      {
        "id": "gregtech:gt.metaitem.01:30643",
        "displayName": "Propane Cell",
        "amount": 1
      }
    ],
    "fluidInputs": [],
    "itemOutputs": [],
    "fluidOutputs": []
  },
  {
    "machine": "gt.recipe.gasturbinefuel",
    "recipeType": "gt_machine",
    "specialValue": 256,
    "itemInputs": [
      {
        "id": "gregtech:gt.metaitem.01:30645",
        "displayName": "Butene Cell",
        "amount": 1
      }
    ],
    "fluidInputs": [],
    "itemOutputs": [],
    "fluidOutputs": []
  },
  {
    "machine": "gt.recipe.gasturbinefuel",
    "recipeType": "gt_machine",
    "specialValue": 24,
    "itemInputs": [
      {
        "id": "gregtech:gt.metaitem.01:30674",
        "displayName": "Carbon Monoxide Cell",
        "amount": 1
      }
    ],
    "fluidInputs": [],
    "itemOutputs": [],
    "fluidOutputs": []
  },
  {
    "machine": "gt.recipe.gasturbinefuel",
    "recipeType": "gt_machine",
    "specialValue": 104,
    "itemInputs": [
      {
        "id": "gregtech:gt.metaitem.01:30715",
        "displayName": "Methane Cell",
        "amount": 1
      }
    ],
    "fluidInputs": [],
    "itemOutputs": [],
    "fluidOutputs": []
  }
]