[
  {
    "machine": "gtnhlanth.recipe.sc",
    "recipeType": "gt_machine",
    "euPerTick": 7680,
    "duration": 20,
    "itemInputs": [
      {
        "id": "gregtech:gt.metaitem.01:23081",
        "displayName": "Tungsten Rod",
        "amount": 1
      }
    ],
    "fluidInputs": [],
    "itemOutputs": [],
    "fluidOutputs": []
  },
  {
    "machine": "gtnhlanth.recipe.sc",
    "recipeType": "gt_machine",
    "euPerTick": 7680,
    "duration": 20,
    "itemInputs": [
      {
        "id": "bartworks:gt.bwMetaGeneratedstickLong:11358",
        "displayName": "Long Lanthanum Hexaboride Rod",
        "amount": 1
      }
    ],
    "fluidInputs": [],
    "itemOutputs": [],
    "fluidOutputs": []
  },
  {
    "machine": "gtnhlanth.recipe.sc",
    "recipeType": "gt_machine",
    "euPerTick": 1920,
    "duration": 20,
    "itemInputs": [
      {
        "id": "bartworks:gt.bwMetaGenerateddust:39",
        "displayName": "Californium Dust",
        "amount": 1
      }
    ],
    "fluidInputs": [],
    "itemOutputs": [],
    "fluidOutputs": []
  },
  {
    "machine": "gtnhlanth.recipe.sc",
    "recipeType": "gt_machine",
    "euPerTick": 480,
    "duration": 20,
    "itemInputs": [
      {
        "id": "gregtech:gt.metaitem.01:2098",
        "displayName": "Uranium 238 Dust",
        "amount": 1
      }
    ],
    "fluidInputs": [],
    "itemOutputs": [
      {
        "id": "bartworks:gt.bwMetaGenerateddust:11352",
        "displayName": "Thorium 234 Dust",
        "amount": 1
      }
    ],
    "fluidOutputs": [],
    "outputChances": [
      10000
    ]
  }
]