[
  {
    "machine": "gtnhlanth.recipe.disstank",
    "recipeType": "gt_machine",
    "euPerTick": 480,
    "duration": 900,
    "specialValue": 10,
    "itemInputs": [
      {
        "id": "gregtech:gt.integrated_circuit:1",
        "displayName": "Programmed Circuit",
        "amount": 0
      },
      {
        "id": "gregtech:gt.metaitem.01:2836",
        "displayName": "Saltpeter Dust",
        "amount": 1
      }
    ],
    "fluidInputs": [
      {
        "id": "water",
        "displayName": "Water",
        "amount": 10000
      },
      {
        "id": "muddy monazite rare earth solution",
        "displayName": "Muddy Monazite Rare Earth Solution",
        "amount": 1000
      }
    ],
    "itemOutputs": [
      {
        "id": "bartworks:gt.bwMetaGenerateddustTiny:11011",
        "displayName": "Tiny Pile of Hafnia-Zirconia Blend Dust",
        "amount": 4
      },
      {
        "id": "bartworks:gt.bwMetaGenerateddust:18",
        "displayName": "Thorianite Dust",
        "amount": 1
      },
      {
        "id": "gregtech:gt.metaitem.01:520",
        "displayName": "Tiny Pile of Monazite Dust",
        "amount": 2
      }
    ],
    "fluidOutputs": [
      {
        "id": "diluted monazite rare earth mud",
        "displayName": "Diluted Monazite Rare Earth Mud",
        "amount": 11000
      }
    ]
  },
  {
    "machine": "gtnhlanth.recipe.disstank",
    "recipeType": "gt_machine",
    "euPerTick": 480,
    "duration": 8100,
    "specialValue": 10,
    "itemInputs": [
      {
        "id": "gregtech:gt.integrated_circuit:9",
        "displayName": "Programmed Circuit",
        "amount": 0
      },
      {
        "id": "gregtech:gt.metaitem.01:2836",
        "displayName": "Saltpeter Dust",
        "amount": 9
      }
    ],
    "fluidInputs": [
      {
        "id": "water",
        "displayName": "Water",
        "amount": 90000
      },
      {
        "id": "muddy monazite rare earth solution",
        "displayName": "Muddy Monazite Rare Earth Solution",
        "amount": 9000
      }
    ],
    "itemOutputs": [
      {
        "id": "bartworks:gt.bwMetaGenerateddust:11011",
        "displayName": "Hafnia-Zirconia Blend Dust",
        "amount": 4
      },
      {
        "id": "bartworks:gt.bwMetaGenerateddust:18",
        "displayName": "Thorianite Dust",
        "amount": 9
      },
      {
        "id": "gregtech:gt.metaitem.01:2520",
        "displayName": "Monazite Dust",
        "amount": 2
      }
    ],
    "fluidOutputs": [
      {
        "id": "diluted monazite rare earth mud",
        "displayName": "Diluted Monazite Rare Earth Mud",
        "amount": 99000
      }
    ]
  },
  {
    "machine": "gtnhlanth.recipe.disstank",
    "recipeType": "gt_machine",
    "euPerTick": 1920,
    "duration": 1000,
    "specialValue": 10,
    "itemInputs": [
      {
        "id": "gregtech:gt.metaitem.01:2836",
        "displayName": "Saltpeter Dust",
        "amount": 1
      }
    ],
    "fluidInputs": [
      {
        "id": "water",
        "displayName": "Water",
        "amount": 10000
      },
      {
        "id": "conditioned bastnasite mud",
        "displayName": "Conditioned Bastnasite Mud",
        "amount": 1000
      }
    ],
    "itemOutputs": [
      {
        "id": "bartworks:gt.bwMetaGenerateddust:11109",
        "displayName": "Gangue Dust",
        "amount": 1
      }
    ],
    "fluidOutputs": [
      {
        "id": "diluted bastnasite mud",
        "displayName": "Diluted Bastnasite Mud",
        "amount": 11000
      }
    ]
  },
  {
    "machine": "gtnhlanth.recipe.disstank",
    "recipeType": "gt_machine",
    "euPerTick": 1920,
    "duration": 200,
    "specialValue": 1,
    "itemInputs": [
      {
        "id": "gregtech:gt.integrated_circuit:1",
        "displayName": "Programmed Circuit",
        "amount": 0
      }
    ],
    "fluidInputs": [
      {
        "id": "nitricacid",
        "displayName": "Nitric Acid",
        "amount": 1000
      },
      {
        "id": "muddy samarium rare earth solution",
        "displayName": "Muddy Samarium Rare Earth Solution",
        "amount": 1000
      }
    ],
    "itemOutputs": [
      {
        "id": "bartworks:gt.bwMetaGenerateddust:11025",
        "displayName": "Cerium Dioxide Dust",
        "amount": 1
      },
      {
        "id": "bartworks:gt.bwMetaGenerateddust:11029",
        "displayName": "Cerium-Rich Mixture Dust",
        "amount": 1
      }
    ],
    "fluidOutputs": [
      {
        "id": "samarium rare earth mud",
        "displayName": "Samarium Rare Earth Mud",
        "amount": 2000
      }
    ],
    "outputChances": [
      8000,
      6000
    ]
  },
  {
    "machine": "gtnhlanth.recipe.disstank",
    "recipeType": "gt_machine",
    "euPerTick": 7680,
    "duration": 300,
    "specialValue": 1,
    "itemInputs": [
      {
        "id": "gregtech:gt.integrated_circuit:9",
        "displayName": "Programmed Circuit",
        "amount": 0
      }
    ],
    "fluidInputs": [
      {
        "id": "nitricacid",
        "displayName": "Nitric Acid",
        "amount": 9000
      },
      {
        "id": "muddy samarium rare earth solution",
        "displayName": "Muddy Samarium Rare Earth Solution",
        "amount": 9000
      }
    ],
    "itemOutputs": [
      {
        "id": "bartworks:gt.bwMetaGenerateddust:11025",
        "displayName": "Cerium Dioxide Dust",
        "amount": 9
      },
      {
        "id": "bartworks:gt.bwMetaGenerateddust:11029",
        "displayName": "Cerium-Rich Mixture Dust",
        "amount": 9
      }
    ],
    "fluidOutputs": [
      {
        "id": "samarium rare earth mud",
        "displayName": "Samarium Rare Earth Mud",
        "amount": 18000
      }
    ],
    "outputChances": [
      8000,
      6000
    ]
  },
  {
    "machine": "gtnhlanth.recipe.disstank",
    "recipeType": "gt_machine",
    "euPerTick": 1920,
    "duration": 600,
    "specialValue": 9,
    "itemInputs": [
      {
        "id": "gregtech:gt.integrated_circuit:1",
        "displayName": "Programmed Circuit",
        "amount": 0
      }
    ],
    "fluidInputs": [
      {
        "id": "water",
        "displayName": "Water",
        "amount": 9000
      },
      {
        "id": "samarium rare earth mud",
        "displayName": "Samarium Rare Earth Mud",
        "amount": 1000
      }
    ],
    "itemOutputs": [
      {
        "id": "bartworks:gt.bwMetaGenerateddust:11117",
        "displayName": "Neodymium Rare Earth Concentrate Dust",
        "amount": 1
      },
      {
        "id": "bartworks:gt.bwMetaGenerateddust:11117",
        "displayName": "Neodymium Rare Earth Concentrate Dust",
        "amount": 1
      }
    ],
    "fluidOutputs": [
      {
        "id": "diluted samarium rare earth solution",
        "displayName": "Diluted Samarium Rare Earth Solution",
        "amount": 10000
      }
    ],
    "outputChances": [
      9000,
      6000
    ]
  },
  {
    "machine": "gtnhlanth.recipe.disstank",
    "recipeType": "gt_machine",
    "euPerTick": 7680,
    "duration": 900,
    "specialValue": 9,
    "itemInputs": [
      {
        "id": "gregtech:gt.integrated_circuit:9",
        "displayName": "Programmed Circuit",
        "amount": 0
      }
    ],
    "fluidInputs": [
      {
        "id": "water",
        "displayName": "Water",
        "amount": 81000
      },
      {
        "id": "samarium rare earth mud",
        "displayName": "Samarium Rare Earth Mud",
        "amount": 9000
      }
    ],
    "itemOutputs": [
      {
        "id": "bartworks:gt.bwMetaGenerateddust:11117",
        "displayName": "Neodymium Rare Earth Concentrate Dust",
        "amount": 9
      },
      {
        "id": "bartworks:gt.bwMetaGenerateddust:11117",
        "displayName": "Neodymium Rare Earth Concentrate Dust",
        "amount": 9
      }
    ],
    "fluidOutputs": [
      {
        "id": "diluted samarium rare earth solution",
        "displayName": "Diluted Samarium Rare Earth Solution",
        "amount": 90000
      }
    ],
    "outputChances": [
      9000,
      6000
    ]
  }
]