[
  {
    "machine": "gtnhlanth.recipe.digester",
    "recipeType": "gt_machine",
    "euPerTick": 1920,
    "duration": 400,
    "specialValue": 800,
    "itemInputs": [
      {
        "id": "gregtech:gt.metaitem.01:5520",
        "displayName": "Crushed Monazite Ore",
        "amount": 2
      }
    ],
    "fluidInputs": [
      {
        "id": "nitricacid",
        "displayName": "Nitric Acid",
        "amount": 700
      }
    ],
    "itemOutputs": [
      {
        "id": "gregtech:gt.metaitem.01:2837",
        "displayName": "Silicon Dioxide Dust",
        "amount": 1
      }
    ],
    "fluidOutputs": [
      {
        "id": "muddy monazite rare earth solution",
        "displayName": "Muddy Monazite Rare Earth Solution",
        "amount": 400
      }
    ]
  },
  {
    "machine": "gtnhlanth.recipe.digester",
    "recipeType": "gt_machine",
    "euPerTick": 1920,
    "duration": 400,
    "specialValue": 800,
    "itemInputs": [
      {
        "id": "gregtech:gt.metaitem.01:5905",
        "displayName": "Crushed Bastnasite Ore",
        "amount": 2
      }
    ],
    "fluidInputs": [
      {
        "id": "nitricacid",
        "displayName": "Nitric Acid",
        "amount": 700
      }
    ],
    "itemOutputs": [
      {
        "id": "gregtech:gt.metaitem.01:2837",
        "displayName": "Silicon Dioxide Dust",
        "amount": 1
      }
    ],
    "fluidOutputs": [
      {
        "id": "muddy bastnasite rare earth solution",
        "displayName": "Muddy Bastnasite Rare Earth Solution",
        "amount": 400
      }
    ]
  },
  {
    "machine": "gtnhlanth.recipe.digester",
    "recipeType": "gt_machine",
    "euPerTick": 122880,
    "duration": 40,
    "specialValue": 800,
    "itemInputs": [
      {
        "id": "gregtech:gt.metaitem.01:5064",
        "displayName": "Crushed Lanthanum Ore",
        "amount": 1
      }
    ],
    "fluidInputs": [
      {
        "id": "chlorine",
        "displayName": "Chlorine",
        "amount": 36000
      }
    ],
    "itemOutputs": [
      {
        "id": "gregtech:gt.metaitem.01:2837",
        "displayName": "Silicon Dioxide Dust",
        "amount": 3
      }
    ],
    "fluidOutputs": [
      {
        "id": "lanthanum chloride concentrate",
        "displayName": "Lanthanum Chloride Concentrate",
        "amount": 3000
      }
    ]
  },
  {
    "machine": "gtnhlanth.recipe.digester",
    "recipeType": "gt_machine",
    "euPerTick": 122880,
    "duration": 40,
    "specialValue": 800,
    "itemInputs": [
      {
        "id": "bartworks:gt.bwMetaGenerateddust:11446",
        "displayName": "Lanthanum Ore Concentrate Dust",
        "amount": 1
      }
    ],
    "fluidInputs": [
      {
        "id": "chlorine",
        "displayName": "Chlorine",
        "amount": 12000
      }
    ],
    "itemOutputs": [
      {
        "id": "gregtech:gt.metaitem.01:2837",
        "displayName": "Silicon Dioxide Dust",
        "amount": 1
      }
    ],
    "fluidOutputs": [
      {
        "id": "lanthanum chloride concentrate",
        "displayName": "Lanthanum Chloride Concentrate",
        "amount": 1000
      }
    ]
  },
  {
    "machine": "gtnhlanth.recipe.digester",
    "recipeType": "gt_machine",
    "euPerTick": 122880,
    "duration": 40,
    "specialValue": 800,
    "itemInputs": [
      {
        "id": "gregtech:gt.metaitem.01:5066",
        "displayName": "Crushed Praseodymium Ore",
        "amount": 1
      }
    ],
    "fluidInputs": [
      {
        "id": "chlorine",
        "displayName": "Chlorine",
        "amount": 36000
      }
    ],
    "itemOutputs": [
      {
        "id": "gregtech:gt.metaitem.01:2837",
        "displayName": "Silicon Dioxide Dust",
        "amount": 3
      }
    ],
    "fluidOutputs": [
      {
        "id": "praseodymium chloride concentrate",
        "displayName": "Praseodymium Chloride Concentrate",
        "amount": 3000
      }
    ]
  },
  {
    "machine": "gtnhlanth.recipe.digester",
    "recipeType": "gt_machine",
    "euPerTick": 122880,
    "duration": 40,
    "specialValue": 800,
    "itemInputs": [
      {
        "id": "bartworks:gt.bwMetaGenerateddust:11447",
        "displayName": "Praseodymium Ore Concentrate Dust",
        "amount": 1
      }
    ],
    "fluidInputs": [
      {
        "id": "chlorine",
        "displayName": "Chlorine",
        "amount": 12000
      }
    ],
    "itemOutputs": [
      {
        "id": "gregtech:gt.metaitem.01:2837",
        "displayName": "Silicon Dioxide Dust",
        "amount": 1
      }
    ],
    "fluidOutputs": [
      {
        "id": "praseodymium chloride concentrate",
        "displayName": "Praseodymium Chloride Concentrate",
        "amount": 1000
      }
    ]
  },
  {
    "machine": "gtnhlanth.recipe.digester",
    "recipeType": "gt_machine",
    "euPerTick": 122880,
    "duration": 40,
    "specialValue": 800,
    "itemInputs": [
      {
        "id": "gregtech:gt.metaitem.01:5065",
        "displayName": "Crushed Cerium Ore",
        "amount": 1
      }
    ],
    "fluidInputs": [
      {
        "id": "chlorine",
        "displayName": "Chlorine",
        "amount": 36000
      }
    ],
    "itemOutputs": [
      {
        "id": "gregtech:gt.metaitem.01:2837",
        "displayName": "Silicon Dioxide Dust",
        "amount": 3
      }
    ],
    "fluidOutputs": [
      {
        "id": "cerium chloride concentrate",
        "displayName": "Cerium Chloride Concentrate",
        "amount": 3000
      }
    ]
  },
  {
    "machine": "gtnhlanth.recipe.digester",
    "recipeType": "gt_machine",
    "euPerTick": 122880,
    "duration": 40,
    "specialValue": 800,
    "itemInputs": [
      {
        "id": "bartworks:gt.bwMetaGenerateddust:11029",
        "displayName": "Cerium-Rich Mixture Dust",
        "amount": 1
      }
    ],
    "fluidInputs": [
      {
        "id": "chlorine",
        "displayName": "Chlorine",
        "amount": 12000
      }
    ],
    "itemOutputs": [
      {
        "id": "gregtech:gt.metaitem.01:2837",
        "displayName": "Silicon Dioxide Dust",
        "amount": 1
      }
    ],
    "fluidOutputs": [
      {
        "id": "cerium chloride concentrate",
        "displayName": "Cerium Chloride Concentrate",
        "amount": 1000
      }
    ]
  },
  {
    "machine": "gtnhlanth.recipe.digester",
    "recipeType": "gt_machine",
    "euPerTick": 122880,
    "duration": 40,
    "specialValue": 800,
    "itemInputs": [
      {
        "id": "gregtech:gt.metaitem.01:5067",
        "displayName": "Crushed Neodymium Ore",
        "amount": 1
      }
    ],
    "fluidInputs": [
      {
        "id": "chlorine",
        "displayName": "Chlorine",
        "amount": 36000
      }
    ],
    "itemOutputs": [
      {
        "id": "gregtech:gt.metaitem.01:2837",
        "displayName": "Silicon Dioxide Dust",
        "amount": 3
      }
    ],
    "fluidOutputs": [
      {
        "id": "neodymium chloride concentrate",
        "displayName": "Neodymium Chloride Concentrate",
        "amount": 3000
      }
    ]
  },
  {
    "machine": "gtnhlanth.recipe.digester",
    "recipeType": "gt_machine",
    "euPerTick": 122880,
    "duration": 40,
    "specialValue": 800,
    "itemInputs": [
      {
        "id": "bartworks:gt.bwMetaGenerateddust:11449",
        "displayName": "Neodymium Ore Concentrate Dust",
        "amount": 1
      }
    ],
    "fluidInputs": [
      {
        "id": "chlorine",
        "displayName": "Chlorine",
        "amount": 12000
      }
    ],
    "itemOutputs": [
      {
        "id": "gregtech:gt.metaitem.01:2837",
        "displayName": "Silicon Dioxide Dust",
        "amount": 1
      }
    ],
    "fluidOutputs": [
      {
        "id": "neodymium chloride concentrate",
        "displayName": "Neodymium Chloride Concentrate",
        "amount": 1000
      }
    ]
  },
  {
    "machine": "gtnhlanth.recipe.digester",
    "recipeType": "gt_machine",
    "euPerTick": 122880,
    "duration": 40,
    "specialValue": 800,
    "itemInputs": [
      {
        "id": "gregtech:gt.metaitem.01:5068",
        "displayName": "Crushed Promethium Ore",
        "amount": 1
      }
    ],
    "fluidInputs": [
      {
        "id": "chlorine",
        "displayName": "Chlorine",
        "amount": 36000
      }
    ],
    "itemOutputs": [
      {
        "id": "gregtech:gt.metaitem.01:2837",
        "displayName": "Silicon Dioxide Dust",
        "amount": 3
      }
    ],
    "fluidOutputs": [
      {
        "id": "promethium chloride concentrate",
        "displayName": "Promethium Chloride Concentrate",
        "amount": 3000
      }
    ]
  },
  {
    "machine": "gtnhlanth.recipe.digester",
    "recipeType": "gt_machine",
    "euPerTick": 122880,
    "duration": 40,
    "specialValue": 800,
    "itemInputs": [
      {
        "id": "bartworks:gt.bwMetaGenerateddust:11450",
        "displayName": "Promethium Ore Concentrate Dust",
        "amount": 1
      }
    ],
    "fluidInputs": [
      {
        "id": "chlorine",
        "displayName": "Chlorine",
        "amount": 12000
      }
    ],
    "itemOutputs": [
      {
        "id": "gregtech:gt.metaitem.01:2837",
        "displayName": "Silicon Dioxide Dust",
        "amount": 1
      }
    ],
    "fluidOutputs": [
      {
        "id": "promethium chloride concentrate",
        "displayName": "Promethium Chloride Concentrate",
        "amount": 1000
      }
    ]
  },
  {
    "machine": "gtnhlanth.recipe.digester",
    "recipeType": "gt_machine",
    "euPerTick": 122880,
    "duration": 40,
    "specialValue": 800,
    "itemInputs": [
      {
        "id": "gregtech:gt.metaitem.01:5069",
        "displayName": "Crushed Samarium Ore",
        "amount": 1
      }
    ],
    "fluidInputs": [
      {
        "id": "chlorine",
        "displayName": "Chlorine",
        "amount": 36000
      }
    ],
    "itemOutputs": [
      {
        "id": "gregtech:gt.metaitem.01:2837",
        "displayName": "Silicon Dioxide Dust",
        "amount": 3
      }
    ],
    "fluidOutputs": [
      {
        "id": "samarium chloride concentrate",
        "displayName": "Samarium Chloride Concentrate",
        "amount": 3000
      }
    ]
  },
  {
    "machine": "gtnhlanth.recipe.digester",
    "recipeType": "gt_machine",
    "euPerTick": 122880,
    "duration": 40,
    "specialValue": 800,
    "itemInputs": [
      {
        "id": "bartworks:gt.bwMetaGenerateddust:11128",
        "displayName": "Samarium Ore Concentrate Dust",
        "amount": 1
      }
    ],
    "fluidInputs": [
      {
        "id": "chlorine",
        "displayName": "Chlorine",
        "amount": 12000
      }
    ],
    "itemOutputs": [
      {
        "id": "gregtech:gt.metaitem.01:2837",
        "displayName": "Silicon Dioxide Dust",
        "amount": 1
      }
    ],
    "fluidOutputs": [
      {
        "id": "samarium chloride concentrate",
        "displayName": "Samarium Chloride Concentrate",
        "amount": 1000
      }
    ]
  },
  {
    "machine": "gtnhlanth.recipe.digester",
    "recipeType": "gt_machine",
    "euPerTick": 122880,
    "duration": 40,
    "specialValue": 800,
    "itemInputs": [
      {
        "id": "gregtech:gt.metaitem.01:5070",
        "displayName": "Crushed Europium Ore",
        "amount": 1
      }
    ],
    "fluidInputs": [
      {
        "id": "chlorine",
        "displayName": "Chlorine",
        "amount": 36000
      }
    ],
    "itemOutputs": [
      {
        "id": "gregtech:gt.metaitem.01:2837",
        "displayName": "Silicon Dioxide Dust",
        "amount": 3
      }
    ],
    "fluidOutputs": [
      {
        "id": "europium chloride concentrate",
        "displayName": "Europium Chloride Concentrate",
        "amount": 3000
      }
    ]
  },
  {
    "machine": "gtnhlanth.recipe.digester",
    "recipeType": "gt_machine",
    "euPerTick": 122880,
    "duration": 40,
    "specialValue": 800,
    "itemInputs": [
      {
        "id": "bartworks:gt.bwMetaGenerateddust:11451",
        "displayName": "Europium Ore Concentrate Dust",
        "amount": 1
      }
    ],
    "fluidInputs": [
      {
        "id": "chlorine",
        "displayName": "Chlorine",
        "amount": 12000
      }
    ],
    "itemOutputs": [
      {
        "id": "gregtech:gt.metaitem.01:2837",
        "displayName": "Silicon Dioxide Dust",
        "amount": 1
      }
    ],
    "fluidOutputs": [
      {
        "id": "europium chloride concentrate",
        "displayName": "Europium Chloride Concentrate",
        "amount": 1000
      }
    ]
  },
  {
    "machine": "gtnhlanth.recipe.digester",
    "recipeType": "gt_machine",
    "euPerTick": 122880,
    "duration": 40,
    "specialValue": 800,
    "itemInputs": [
      {
        "id": "gregtech:gt.metaitem.01:5071",
        "displayName": "Crushed Gadolinium Ore",
        "amount": 1
      }
    ],
    "fluidInputs": [
      {
        "id": "chlorine",
        "displayName": "Chlorine",
        "amount": 36000
      }
    ],
    "itemOutputs": [
      {
        "id": "gregtech:gt.metaitem.01:2837",
        "displayName": "Silicon Dioxide Dust",
        "amount": 3
      }
    ],
    "fluidOutputs": [
      {
        "id": "gadolinium chloride concentrate",
        "displayName": "Gadolinium Chloride Concentrate",
        "amount": 3000
      }
    ]
  },
  {
    "machine": "gtnhlanth.recipe.digester",
    "recipeType": "gt_machine",
    "euPerTick": 122880,
    "duration": 40,
    "specialValue": 800,
    "itemInputs": [
      {
        "id": "bartworks:gt.bwMetaGenerateddust:11452",
        "displayName": "Gadolinium Ore Concentrate Dust",
        "amount": 1
      }
    ],
    "fluidInputs": [
      {
        "id": "chlorine",
        "displayName": "Chlorine",
        "amount": 12000
      }
    ],
    "itemOutputs": [
      {
        "id": "gregtech:gt.metaitem.01:2837",
        "displayName": "Silicon Dioxide Dust",
        "amount": 1
      }
    ],
    "fluidOutputs": [
      {
        "id": "gadolinium chloride concentrate",
        "displayName": "Gadolinium Chloride Concentrate",
        "amount": 1000
      }
    ]
  },
  {
    "machine": "gtnhlanth.recipe.digester",
    "recipeType": "gt_machine",
    "euPerTick": 122880,
    "duration": 40,
    "specialValue": 800,
    "itemInputs": [
      {
        "id": "gregtech:gt.metaitem.01:5072",
        "displayName": "Crushed Terbium Ore",
        "amount": 1
      }
    ],
    "fluidInputs": [
      {
        "id": "chlorine",
        "displayName": "Chlorine",
        "amount": 36000
      }
    ],
    "itemOutputs": [
      {
        "id": "gregtech:gt.metaitem.01:2837",
        "displayName": "Silicon Dioxide Dust",
        "amount": 3
      }
    ],
    "fluidOutputs": [
      {
        "id": "terbium chloride concentrate",
        "displayName": "Terbium Chloride Concentrate",
        "amount": 3000
      }
    ]
  },
  {
    "machine": "gtnhlanth.recipe.digester",
    "recipeType": "gt_machine",
    "euPerTick": 122880,
    "duration": 40,
    "specialValue": 800,
    "itemInputs": [
      {
        "id": "bartworks:gt.bwMetaGenerateddust:11453",
        "displayName": "Terbium Ore Concentrate Dust",
        "amount": 1
      }
    ],
    "fluidInputs": [
      {
        "id": "chlorine",
        "displayName": "Chlorine",
        "amount": 12000
      }
    ],
    "itemOutputs": [
      {
        "id": "gregtech:gt.metaitem.01:2837",
        "displayName": "Silicon Dioxide Dust",
        "amount": 1
      }
    ],
    "fluidOutputs": [
      {
        "id": "terbium chloride concentrate",
        "displayName": "Terbium Chloride Concentrate",
        "amount": 1000
      }
    ]
  },
  {
    "machine": "gtnhlanth.recipe.digester",
    "recipeType": "gt_machine",
    "euPerTick": 122880,
    "duration": 40,
    "specialValue": 800,
    "itemInputs": [
      {
        "id": "gregtech:gt.metaitem.01:5073",
        "displayName": "Crushed Dysprosium Ore",
        "amount": 1
      }
    ],
    "fluidInputs": [
      {
        "id": "chlorine",
        "displayName": "Chlorine",
        "amount": 36000
      }
    ],
    "itemOutputs": [
      {
        "id": "gregtech:gt.metaitem.01:2837",
        "displayName": "Silicon Dioxide Dust",
        "amount": 3
      }
    ],
    "fluidOutputs": [
      {
        "id": "dysprosium chloride concentrate",
        "displayName": "Dysprosium Chloride Concentrate",
        "amount": 3000
      }
    ]
  },
  {
    "machine": "gtnhlanth.recipe.digester",
    "recipeType": "gt_machine",
    "euPerTick": 122880,
    "duration": 40,
    "specialValue": 800,
    "itemInputs": [
      {
        "id": "bartworks:gt.bwMetaGenerateddust:11454",
        "displayName": "Dysprosium Ore Concentrate Dust",
        "amount": 1
      }
    ],
    "fluidInputs": [
      {
        "id": "chlorine",
        "displayName": "Chlorine",
        "amount": 12000
      }
    ],
    "itemOutputs": [
      {
        "id": "gregtech:gt.metaitem.01:2837",
        "displayName": "Silicon Dioxide Dust",
        "amount": 1
      }
    ],
    "fluidOutputs": [
      {
        "id": "dysprosium chloride concentrate",
        "displayName": "Dysprosium Chloride Concentrate",
        "amount": 1000
      }
    ]
  },
  {
    "machine": "gtnhlanth.recipe.digester",
    "recipeType": "gt_machine",
    "euPerTick": 122880,
    "duration": 40,
    "specialValue": 800,
    "itemInputs": [
      {
        "id": "gregtech:gt.metaitem.01:5074",
        "displayName": "Crushed Holmium Ore",
        "amount": 1
      }
    ],
    "fluidInputs": [
      {
        "id": "chlorine",
        "displayName": "Chlorine",
        "amount": 36000
      }
    ],
    "itemOutputs": [
      {
        "id": "gregtech:gt.metaitem.01:2837",
        "displayName": "Silicon Dioxide Dust",
        "amount": 3
      }
    ],
    "fluidOutputs": [
      {
        "id": "holmium chloride concentrate",
        "displayName": "Holmium Chloride Concentrate",
        "amount": 3000
      }
    ]
  },
  {
    "machine": "gtnhlanth.recipe.digester",
    "recipeType": "gt_machine",
    "euPerTick": 122880,
    "duration": 40,
    "specialValue": 800,
    "itemInputs": [
      {
        "id": "bartworks:gt.bwMetaGenerateddust:11455",
        "displayName": "Holmium Ore Concentrate Dust",
        "amount": 1
      }
    ],
    "fluidInputs": [
      {
        "id": "chlorine",
        "displayName": "Chlorine",
        "amount": 12000
      }
    ],
    "itemOutputs": [
      {
        "id": "gregtech:gt.metaitem.01:2837",
        "displayName": "Silicon Dioxide Dust",
        "amount": 1
      }
    ],
    "fluidOutputs": [
      {
        "id": "holmium chloride concentrate",
        "displayName": "Holmium Chloride Concentrate",
        "amount": 1000
      }
    ]
  },
  {
    "machine": "gtnhlanth.recipe.digester",
    "recipeType": "gt_machine",
    "euPerTick": 122880,
    "duration": 40,
    "specialValue": 800,
    "itemInputs": [
      {
        "id": "gregtech:gt.metaitem.01:5075",
        "displayName": "Crushed Erbium Ore",
        "amount": 1
      }
    ],
    "fluidInputs": [
      {
        "id": "chlorine",
        "displayName": "Chlorine",
        "amount": 36000
      }
    ],
    "itemOutputs": [
      {
        "id": "gregtech:gt.metaitem.01:2837",
        "displayName": "Silicon Dioxide Dust",
        "amount": 3
      }
    ],
    "fluidOutputs": [
      {
        "id": "erbium chloride concentrate",
        "displayName": "Erbium Chloride Concentrate",
        "amount": 3000
      }
    ]
  },
  {
    "machine": "gtnhlanth.recipe.digester",
    "recipeType": "gt_machine",
    "euPerTick": 122880,
    "duration": 40,
    "specialValue": 800,
    "itemInputs": [
      {
        "id": "bartworks:gt.bwMetaGenerateddust:11456",
        "displayName": "Erbium Ore Concentrate Dust",
        "amount": 1
      }
    ],
    "fluidInputs": [
      {
        "id": "chlorine",
        "displayName": "Chlorine",
        "amount": 12000
      }
    ],
    "itemOutputs": [
      {
        "id": "gregtech:gt.metaitem.01:2837",
        "displayName": "Silicon Dioxide Dust",
        "amount": 1
      }
    ],
    "fluidOutputs": [
      {
        "id": "erbium chloride concentrate",
        "displayName": "Erbium Chloride Concentrate",
        "amount": 1000
      }
    ]
  },
  {
    "machine": "gtnhlanth.recipe.digester",
    "recipeType": "gt_machine",
    "euPerTick": 122880,
    "duration": 40,
    "specialValue": 800,
    "itemInputs": [
      {
        "id": "gregtech:gt.metaitem.01:5076",
        "displayName": "Crushed Thulium Ore",
        "amount": 1
      }
    ],
    "fluidInputs": [
      {
        "id": "chlorine",
        "displayName": "Chlorine",
        "amount": 36000
      }
    ],
    "itemOutputs": [
      {
        "id": "gregtech:gt.metaitem.01:2837",
        "displayName": "Silicon Dioxide Dust",
        "amount": 3
      }
    ],
    "fluidOutputs": [
      {
        "id": "thulium chloride concentrate",
        "displayName": "Thulium Chloride Concentrate",
        "amount": 3000
      }
    ]
  },
  {
    "machine": "gtnhlanth.recipe.digester",
    "recipeType": "gt_machine",
    "euPerTick": 122880,
    "duration": 40,
    "specialValue": 800,
    "itemInputs": [
      {
        "id": "bartworks:gt.bwMetaGenerateddust:11457",
        "displayName": "Thulium Ore Concentrate Dust",
        "amount": 1
      }
    ],
    "fluidInputs": [
      {
        "id": "chlorine",
        "displayName": "Chlorine",
        "amount": 12000
      }
    ],
    "itemOutputs": [
      {
        "id": "gregtech:gt.metaitem.01:2837",
        "displayName": "Silicon Dioxide Dust",
        "amount": 1
      }
    ],
    "fluidOutputs": [
      {
        "id": "thulium chloride concentrate",
        "displayName": "Thulium Chloride Concentrate",
        "amount": 1000
      }
    ]
  },
  {
    "machine": "gtnhlanth.recipe.digester",
    "recipeType": "gt_machine",
    "euPerTick": 122880,
    "duration": 40,
    "specialValue": 800,
    "itemInputs": [
      {
        "id": "gregtech:gt.metaitem.01:5077",
        "displayName": "Crushed Ytterbium Ore",
        "amount": 1
      }
    ],
    "fluidInputs": [
      {
        "id": "chlorine",
        "displayName": "Chlorine",
        "amount": 36000
      }
    ],
    "itemOutputs": [
      {
        "id": "gregtech:gt.metaitem.01:2837",
        "displayName": "Silicon Dioxide Dust",
        "amount": 3
      }
    ],
    "fluidOutputs": [
      {
        "id": "ytterbium chloride concentrate",
        "displayName": "Ytterbium Chloride Concentrate",
        "amount": 3000
      }
    ]
  },
  {
    "machine": "gtnhlanth.recipe.digester",
    "recipeType": "gt_machine",
    "euPerTick": 122880,
    "duration": 40,
    "specialValue": 800,
    "itemInputs": [
      {
        "id": "bartworks:gt.bwMetaGenerateddust:11458",
        "displayName": "Ytterbium Ore Concentrate Dust",
        "amount": 1
      }
    ],
    "fluidInputs": [
      {
        "id": "chlorine",
        "displayName": "Chlorine",
        "amount": 12000
      }
    ],
    "itemOutputs": [
      {
        "id": "gregtech:gt.metaitem.01:2837",
        "displayName": "Silicon Dioxide Dust",
        "amount": 1
      }
    ],
    "fluidOutputs": [
      {
        "id": "ytterbium chloride concentrate",
        "displayName": "Ytterbium Chloride Concentrate",
        "amount": 1000
      }
    ]
  },
  {
    "machine": "gtnhlanth.recipe.digester",
    "recipeType": "gt_machine",
    "euPerTick": 122880,
    "duration": 40,
    "specialValue": 800,
    "itemInputs": [
      {
        "id": "gregtech:gt.metaitem.01:5078",
        "displayName": "Crushed Lutetium Ore",
        "amount": 1
      }
    ],
    "fluidInputs": [
      {
        "id": "chlorine",
        "displayName": "Chlorine",
        "amount": 36000
      }
    ],
    "itemOutputs": [
      {
        "id": "gregtech:gt.metaitem.01:2837",
        "displayName": "Silicon Dioxide Dust",
        "amount": 3
      }
    ],
    "fluidOutputs": [
      {
        "id": "lutetium chloride concentrate",
        "displayName": "Lutetium Chloride Concentrate",
        "amount": 3000
      }
    ]
  },
  {
    "machine": "gtnhlanth.recipe.digester",
    "recipeType": "gt_machine",
    "euPerTick": 122880,
    "duration": 40,
    "specialValue": 800,
    "itemInputs": [
      {
        "id": "bartworks:gt.bwMetaGenerateddust:11459",
        "displayName": "Lutetium Ore Concentrate Dust",
        "amount": 1
      }
    ],
    "fluidInputs": [
      {
        "id": "chlorine",
        "displayName": "Chlorine",
        "amount": 12000
      }
    ],
    "itemOutputs": [
      {
        "id": "gregtech:gt.metaitem.01:2837",
        "displayName": "Silicon Dioxide Dust",
        "amount": 1
      }
    ],
    "fluidOutputs": [
      {
        "id": "lutetium chloride concentrate",
        "displayName": "Lutetium Chloride Concentrate",
        "amount": 1000
      }
    ]
  },
  {
    "machine": "gtnhlanth.recipe.digester",
    "recipeType": "gt_machine",
    "euPerTick": 1920,
    "duration": 200,
    "specialValue": 800,
    "itemInputs": [
      {
        "id": "bartworks:gt.bwMetaGenerateddust:11128",
        "displayName": "Samarium Ore Concentrate Dust",
        "amount": 16
      }
    ],
    "fluidInputs": [
      {
        "id": "nitricacid",
        "displayName": "Nitric Acid",
        "amount": 200
      }
    ],
    "itemOutputs": [
      {
        "id": "bartworks:gt.bwMetaGenerateddust:11038",
        "displayName": "Thorium-Phosphate Concentrate Dust",
        "amount": 1
      }
    ],
    "fluidOutputs": [
      {
        "id": "muddy samarium rare earth solution",
        "displayName": "Muddy Samarium Rare Earth Solution",
        "amount": 800
      }
    ]
  },
  {
    "machine": "gtnhlanth.recipe.digester",
    "recipeType": "gt_machine",
    "euPerTick": 1920,
    "duration": 200,
    "specialValue": 800,
    "itemInputs": [
      {
        "id": "gregtech:gt.metaitem.01:5069",
        "displayName": "Crushed Samarium Ore",
        "amount": 8
      }
    ],
    "fluidInputs": [
      {
        "id": "nitricacid",
        "displayName": "Nitric Acid",
        "amount": 300
      }
    ],
    "itemOutputs": [
      {
        "id": "bartworks:gt.bwMetaGenerateddust:11038",
        "displayName": "Thorium-Phosphate Concentrate Dust",
        "amount": 3
      }
    ],
    "fluidOutputs": [
      {
        "id": "muddy samarium rare earth solution",
        "displayName": "Muddy Samarium Rare Earth Solution",
        "amount": 1200
      }
    ]
  }
]