[
  {
    "machine": "gtpp.recipe.matterfab2",
    "recipeType": "gt_machine",
    "euPerTick": 30,
    "duration": 180,
    "itemInputs": [
      {
        "id": "gregtech:gt.integrated_circuit:9",
        "displayName": "Programmed Circuit",
        "amount": 0
      },
      {
        "id": "IC2:itemScrap:0",
        "displayName": "Scrap",
        "amount": 9
      }
    ],
    "fluidInputs": [],
    "itemOutputs": [],
    "fluidOutputs": [
      {
        "id": "uuamplifier",
        "displayName": "UU Amplifier",
        "amount": 1
      }
    ]
  },
  {
    "machine": "gtpp.recipe.matterfab2",
    "recipeType": "gt_machine",
    "euPerTick": 30,
    "duration": 180,
    "itemInputs": [
      {
        "id": "gregtech:gt.integrated_circuit:19",
        "displayName": "Programmed Circuit",
        "amount": 0
      },
      {
        "id": "IC2:itemScrapbox:0",
        "displayName": "Scrap Box",
        "amount": 1
      }
    ],
    "fluidInputs": [],
    "itemOutputs": [],
    "fluidOutputs": [
      {
        "id": "uuamplifier",
        "displayName": "UU Amplifier",
        "amount": 1
      }
    ]
  },
  {
    "machine": "gtpp.recipe.matterfab2",
    "recipeType": "gt_machine",
    "euPerTick": 4096,
    "duration": 3200,
    "itemInputs": [
      {
        "id": "gregtech:gt.integrated_circuit:1",
        "displayName": "Programmed Circuit",
        "amount": 0
      }
    ],
    "fluidInputs": [],
    "itemOutputs": [],
    "fluidOutputs": [
      {
        "id": "ic2uumatter",
        "displayName": "UU-Matter",
        "amount": 16
      }
    ]
  },
  {
    "machine": "gtpp.recipe.matterfab2",
    "recipeType": "gt_machine",
    "euPerTick": 4096,
    "duration": 800,
    "itemInputs": [
      {
        "id": "gregtech:gt.integrated_circuit:2",
        "displayName": "Programmed Circuit",
        "amount": 0
      }
    ],
    "fluidInputs": [
      {
        "id": "uuamplifier",
        "displayName": "UU Amplifier",
        "amount": 16
      }
    ],
    "itemOutputs": [],
    "fluidOutputs": [
      {
        "id": "ic2uumatter",
        "displayName": "UU-Matter",
        "amount": 16
      }
    ]
  },
  {
    "machine": "gtpp.recipe.matterfab2",
    "recipeType": "gt_machine",
    "euPerTick": 65536,
    "duration": 3200,
    "itemInputs": [
      {
        "id": "gregtech:gt.integrated_circuit:3",
        "displayName": "Programmed Circuit",
        "amount": 0
      }
    ],
    "fluidInputs": [],
    "itemOutputs": [],
    "fluidOutputs": [
      {
        "id": "ic2uumatter",
        "displayName": "UU-Matter",
        "amount": 256
      }
    ]
  },
  {
    "machine": "gtpp.recipe.matterfab2",
    "recipeType": "gt_machine",
    "euPerTick": 65536,
    "duration": 800,
    "itemInputs": [
      {
        "id": "gregtech:gt.integrated_circuit:4",
        "displayName": "Programmed Circuit",
        "amount": 0
      }
    ],
    "fluidInputs": [
      {
        "id": "uuamplifier",
        "displayName": "UU Amplifier",
        "amount": 256
      }
    ],
    "itemOutputs": [],
    "fluidOutputs": [
      {
        "id": "ic2uumatter",
        "displayName": "UU-Matter",
        "amount": 256
      }
    ]
  }
]