[
  {
    "machine": "gtpp.recipe.nuclearsaltprocessingplant",
    "recipeType": "gt_machine",
    "euPerTick": 480,
    "duration": 12000,
    "itemInputs": [
      {
        "id": "miscutils:item.T3RecipeSelector:8",
        "displayName": "Programmed Breakthrough Circuit",
        "amount": 0
      }
    ],
    "fluidInputs": [
      {
        "id": "molten.sodiumfluoride",
        "displayName": "Sodium Fluoride",
        "amount": 4000
      },
      {
        "id": "molten.fluorinateduraniumhexafluoridefuf6",
        "displayName": "Fluorinated Uranium Hexafluoride (F-UF6)",
        "amount": 3000
      }
    ],
    "itemOutputs": [
      {
        "id": "miscutils:itemDustUranium233:0",
        "displayName": "Uranium 233 Dust",
        "amount": 1
      },
      {
        "id": "miscutils:itemDustUranium233:0",
        "displayName": "Uranium 233 Dust",
        "amount": 1
      },
      {
        "id": "miscutils:itemDustUranium233:0",
        "displayName": "Uranium 233 Dust",
        "amount": 1
      }
    ],
    "fluidOutputs": [
      {
        "id": "fluorine",
        "displayName": "Fluorine",
        "amount": 2000
      },
      {
        "id": "molten.uraniumhexafluoride",
        "displayName": "Uranium Hexafluoride",
        "amount": 2000
      },
      {
        "id": "molten.sodiumfluoride",
        "displayName": "Sodium Fluoride",
        "amount": 2000
      }
    ],
    "outputChances": [
      10000,
      10000,
      3000,
      2000,
      1000
    ]
  },
  {
    "machine": "gtpp.recipe.nuclearsaltprocessingplant",
    "recipeType": "gt_machine",
    "euPerTick": 1920,
    "duration": 12000,
    "itemInputs": [
      {
        "id": "miscutils:item.T3RecipeSelector:8",
        "displayName": "Programmed Breakthrough Circuit",
        "amount": 0
      }
    ],
    "fluidInputs": [
      {
        "id": "molten.sodiumfluoride",
        "displayName": "Sodium Fluoride",
        "amount": 3000
      },
      {
        "id": "molten.phosphorousuraniumhexafluoridepuf6",
        "displayName": "Phosphorous Uranium Hexafluoride (P-UF6)",
        "amount": 2000
      }
    ],
    "itemOutputs": [
      {
        "id": "gregtech:gt.metaitem.01:2021",
        "displayName": "Phosphorus Dust",
        "amount": 1
      },
      {
        "id": "gregtech:gt.metaitem.01:2021",
        "displayName": "Phosphorus Dust",
        "amount": 1
      },
      {
        "id": "gregtech:gt.metaitem.01:2021",
        "displayName": "Phosphorus Dust",
        "amount": 1
      },
      {
        "id": "gregtech:gt.metaitem.01:2021",
        "displayName": "Phosphorus Dust",
        "amount": 1
      },
      {
        "id": "gregtech:gt.metaitem.01:2021",
        "displayName": "Phosphorus Dust",
        "amount": 1
      },
      {
        "id": "gregtech:gt.metaitem.01:2021",
        "displayName": "Phosphorus Dust",
        "amount": 1
      }
    ],
    "fluidOutputs": [
      {
        "id": "fluorine",
        "displayName": "Fluorine",
        "amount": 1000
      },
      {
        "id": "molten.uraniumhexafluoride",
        "displayName": "Uranium Hexafluoride",
        "amount": 2000
      },
      {
        "id": "molten.sodiumfluoride",
        "displayName": "Sodium Fluoride",
        "amount": 2000
      }
    ],
    "outputChances": [
      10000,
      10000,
      5000,
      5000,
      5000,
      5000,
      5000,
      5000
    ]
  },
  {
    "machine": "gtpp.recipe.nuclearsaltprocessingplant",
    "recipeType": "gt_machine",
    "euPerTick": 7680,
    "duration": 12000,
    "itemInputs": [
      {
        "id": "miscutils:item.T3RecipeSelector:18",
        "displayName": "Programmed Breakthrough Circuit",
        "amount": 0
      }
    ],
    "fluidInputs": [
      {
        "id": "fluorine",
        "displayName": "Fluorine",
        "amount": 6000
      },
      {
        "id": "molten.thoriumberylliumdepletedmoltensalttbsalt",
        "displayName": "Thorium-Beryllium Depleted Molten Salt (TB Salt)",
        "amount": 10000
      }
    ],
    "itemOutputs": [
      {
        "id": "miscutils:itemDustProtactinium:0",
        "displayName": "Protactinium Dust",
        "amount": 1
      },
      {
        "id": "miscutils:itemDustProtactinium:0",
        "displayName": "Protactinium Dust",
        "amount": 1
      },
      {
        "id": "miscutils:itemDustProtactinium:0",
        "displayName": "Protactinium Dust",
        "amount": 1
      },
      {
        "id": "miscutils:itemDustProtactinium:0",
        "displayName": "Protactinium Dust",
        "amount": 1
      },
      {
        "id": "miscutils:itemDustProtactinium:0",
        "displayName": "Protactinium Dust",
        "amount": 1
      },
      {
        "id": "miscutils:itemDustProtactinium:0",
        "displayName": "Protactinium Dust",
        "amount": 1
      }
    ],
    "fluidOutputs": [
      {
        "id": "molten.berylliumfluoride",
        "displayName": "Beryllium Fluoride",
        "amount": 1000
      },
      {
        "id": "molten.lithiumfluoride",
        "displayName": "Lithium Fluoride",
        "amount": 1000
      },
      {
        "id": "molten.fluorinateduraniumhexafluoridefuf6",
        "displayName": "Fluorinated Uranium Hexafluoride (F-UF6)",
        "amount": 3000
      }
    ],
    "outputChances": [
      10000,
      10000,
      10000,
      1000,
      1000,
      1000,
      500,
      500,
      500
    ]
  },
  {
    "machine": "gtpp.recipe.nuclearsaltprocessingplant",
    "recipeType": "gt_machine",
    "euPerTick": 7680,
    "duration": 6000,
    "itemInputs": [
      {
        "id": "miscutils:item.T3RecipeSelector:7",
        "displayName": "Programmed Breakthrough Circuit",
        "amount": 0
      }
    ],
    "fluidInputs": [
      {
        "id": "fluorine",
        "displayName": "Fluorine",
        "amount": 6000
      },
      {
        "id": "molten.fluorinespargedtsalt",
        "displayName": "Fluorine Sparged T Salt",
        "amount": 10000
      }
    ],
    "itemOutputs": [
      {
        "id": "miscutils:itemDustProtactinium:0",
        "displayName": "Protactinium Dust",
        "amount": 1
      },
      {
        "id": "miscutils:itemDustProtactinium:0",
        "displayName": "Protactinium Dust",
        "amount": 1
      },
      {
        "id": "miscutils:itemDustProtactinium:0",
        "displayName": "Protactinium Dust",
        "amount": 1
      },
      {
        "id": "miscutils:itemDustProtactinium:0",
        "displayName": "Protactinium Dust",
        "amount": 1
      },
      {
        "id": "miscutils:itemDustProtactinium:0",
        "displayName": "Protactinium Dust",
        "amount": 1
      },
      {
        "id": "miscutils:itemDustProtactinium:0",
        "displayName": "Protactinium Dust",
        "amount": 1
      }
    ],
    "fluidOutputs": [
      {
        "id": "molten.lithiumfluoride",
        "displayName": "Lithium Fluoride",
        "amount": 2000
      },
      {
        "id": "molten.fluorinateduraniumhexafluoridefuf6",
        "displayName": "Fluorinated Uranium Hexafluoride (F-UF6)",
        "amount": 3000
      }
    ],
    "outputChances": [
      10000,
      10000,
      1000,
      1000,
      1000,
      1000,
      1000,
      1000
    ]
  },
  {
    "machine": "gtpp.recipe.nuclearsaltprocessingplant",
    "recipeType": "gt_machine",
    "euPerTick": 7680,
    "duration": 12000,
    "itemInputs": [
      {
        "id": "miscutils:item.T3RecipeSelector:17",
        "displayName": "Programmed Breakthrough Circuit",
        "amount": 0
      }
    ],
    "fluidInputs": [
      {
        "id": "fluorine",
        "displayName": "Fluorine",
        "amount": 6000
      },
      {
        "id": "molten.thoriumdepletedmoltensalttsalt",
        "displayName": "Thorium Depleted Molten Salt (T Salt)",
        "amount": 10000
      }
    ],
    "itemOutputs": [
      {
        "id": "miscutils:itemDustProtactinium:0",
        "displayName": "Protactinium Dust",
        "amount": 1
      },
      {
        "id": "miscutils:itemDustProtactinium:0",
        "displayName": "Protactinium Dust",
        "amount": 1
      },
      {
        "id": "miscutils:itemDustProtactinium:0",
        "displayName": "Protactinium Dust",
        "amount": 1
      },
      {
        "id": "miscutils:itemDustProtactinium:0",
        "displayName": "Protactinium Dust",
        "amount": 1
      },
      {
        "id": "miscutils:itemDustProtactinium:0",
        "displayName": "Protactinium Dust",
        "amount": 1
      },
      {
        "id": "miscutils:itemDustProtactinium:0",
        "displayName": "Protactinium Dust",
        "amount": 1
      }
    ],
    "fluidOutputs": [
      {
        "id": "molten.lithiumfluoride",
        "displayName": "Lithium Fluoride",
        "amount": 1000
      },
      {
        "id": "molten.fluorinateduraniumhexafluoridefuf6",
        "displayName": "Fluorinated Uranium Hexafluoride (F-UF6)",
        "amount": 1500
      }
    ],
    "outputChances": [
      10000,
      10000,
      500,
      500,
      500,
      250,
      250,
      250
    ]
  },
  {
    "machine": "gtpp.recipe.nuclearsaltprocessingplant",
    "recipeType": "gt_machine",
    "euPerTick": 480,
    "duration": 144000,
    "itemInputs": [
      {
        "id": "miscutils:item.T3RecipeSelector:1",
        "displayName": "Programmed Breakthrough Circuit",
        "amount": 0
      }
    ],
    "fluidInputs": [
      {
        "id": "fluorine",
        "displayName": "Fluorine",
        "amount": 1000
      },
      {
        "id": "molten.uraniumdepletedmoltensaltusalt",
        "displayName": "Uranium Depleted Molten Salt (U Salt)",
        "amount": 1000
      }
    ],
    "itemOutputs": [],
    "fluidOutputs": [
      {
        "id": "molten.phosphorousuraniumhexafluoridepuf6",
        "displayName": "Phosphorous Uranium Hexafluoride (P-UF6)",
        "amount": 1000
      },
      {
        "id": "fluid.impurelifbef2",
        "displayName": "Impure Molten Salt Base",
        "amount": 1000
      }
    ],
    "outputChances": [
      10000
    ]
  },
  {
    "machine": "gtpp.recipe.nuclearsaltprocessingplant",
    "recipeType": "gt_machine",
    "euPerTick": 480,
    "duration": 72000,
    "itemInputs": [
      {
        "id": "miscutils:item.T3RecipeSelector:1",
        "displayName": "Programmed Breakthrough Circuit",
        "amount": 0
      }
    ],
    "fluidInputs": [
      {
        "id": "fluorine",
        "displayName": "Fluorine",
        "amount": 3000
      },
      {
        "id": "molten.heliumspargedusalt",
        "displayName": "Helium Sparged U Salt",
        "amount": 1000
      }
    ],
    "itemOutputs": [],
    "fluidOutputs": [
      {
        "id": "molten.phosphorousuraniumhexafluoridepuf6",
        "displayName": "Phosphorous Uranium Hexafluoride (P-UF6)",
        "amount": 2000
      },
      {
        "id": "fluid.impurelifbef2",
        "displayName": "Impure Molten Salt Base",
        "amount": 2000
      }
    ]
  },
  {
    "machine": "gtpp.recipe.nuclearsaltprocessingplant",
    "recipeType": "gt_machine",
    "euPerTick": 7680,
    "duration": 6000,
    "itemInputs": [
      {
        "id": "miscutils:item.T3RecipeSelector:8",
        "displayName": "Programmed Breakthrough Circuit",
        "amount": 0
      }
    ],
    "fluidInputs": [
      {
        "id": "fluorine",
        "displayName": "Fluorine",
        "amount": 6000
      },
      {
        "id": "molten.fluorinespargedtbsalt",
        "displayName": "Fluorine Sparged TB Salt",
        "amount": 10000
      }
    ],
    "itemOutputs": [
      {
        "id": "miscutils:itemDustProtactinium:0",
        "displayName": "Protactinium Dust",
        "amount": 1
      },
      {
        "id": "miscutils:itemDustProtactinium:0",
        "displayName": "Protactinium Dust",
        "amount": 1
      },
      {
        "id": "miscutils:itemDustProtactinium:0",
        "displayName": "Protactinium Dust",
        "amount": 1
      },
      {
        "id": "miscutils:itemDustProtactinium:0",
        "displayName": "Protactinium Dust",
        "amount": 1
      },
      {
        "id": "miscutils:itemDustProtactinium:0",
        "displayName": "Protactinium Dust",
        "amount": 1
      },
      {
        "id": "miscutils:itemDustProtactinium:0",
        "displayName": "Protactinium Dust",
        "amount": 1
      }
    ],
    "fluidOutputs": [
      {
        "id": "molten.berylliumfluoride",
        "displayName": "Beryllium Fluoride",
        "amount": 2000
      },
      {
        "id": "molten.lithiumfluoride",
        "displayName": "Lithium Fluoride",
        "amount": 2000
      },
      {
        "id": "molten.fluorinateduraniumhexafluoridefuf6",
        "displayName": "Fluorinated Uranium Hexafluoride (F-UF6)",
        "amount": 6000
      }
    ],
    "outputChances": [
      10000,
      10000,
      10000,
      2000,
      2000,
      2000,
      2000,
      2000,
      2000
    ]
  }
]