[
  {
    "machine": "gtpp.recipe.reactorprocessingunit",
    "recipeType": "gt_machine",
    "euPerTick": 7680,
    "duration": 12000,
    "itemInputs": [
      {
        "id": "miscutils:item.T3RecipeSelector:17",
        "displayName": "Programmed Breakthrough Circuit",
        "amount": 0
      },
      {
        "id": "gregtech:gt.metaitem.01:30014",
        "displayName": "Fluorine Cell",
        "amount": 6
      }
    ],
    "fluidInputs": [
      {
        "id": "molten.thoriumdepletedmoltensalttsalt",
        "displayName": "Thorium Depleted Molten Salt (T Salt)",
        "amount": 10000
      }
    ],
    "itemOutputs": [
      {
        "id": "IC2:itemCellEmpty:0",
        "displayName": "Empty Cell",
        "amount": 5
      },
      {
        "id": "miscutils:itemCellLithiumFluoride:0",
        "displayName": "Lithium Fluoride Cell",
        "amount": 1
      },
      {
        "id": "miscutils:itemDustProtactinium:0",
        "displayName": "Protactinium Dust",
        "amount": 1
      },
      {
        "id": "miscutils:itemDustProtactinium:0",
        "displayName": "Protactinium Dust",
        "amount": 1
      },
      {
        "id": "miscutils:itemDustProtactinium:0",
        "displayName": "Protactinium Dust",
        "amount": 1
      },
      {
        "id": "miscutils:itemDustProtactinium:0",
        "displayName": "Protactinium Dust",
        "amount": 1
      },
      {
        "id": "miscutils:itemDustProtactinium:0",
        "displayName": "Protactinium Dust",
        "amount": 1
      },
      {
        "id": "miscutils:itemDustProtactinium:0",
        "displayName": "Protactinium Dust",
        "amount": 1
      }
    ],
    "fluidOutputs": [
      {
        "id": "molten.fluorinateduraniumhexafluoridefuf6",
        "displayName": "Fluorinated Uranium Hexafluoride (F-UF6)",
        "amount": 1500
      }
    ],
    "outputChances": [
      10000,
      10000,
      500,
      500,
      500,
      250,
      250,
      250
    ]
  },
  {
    "machine": "gtpp.recipe.reactorprocessingunit",
    "recipeType": "gt_machine",
    "euPerTick": 7680,
    "duration": 12000,
    "itemInputs": [
      {
        "id": "miscutils:item.T3RecipeSelector:18",
        "displayName": "Programmed Breakthrough Circuit",
        "amount": 0
      },
      {
        "id": "gregtech:gt.metaitem.01:30014",
        "displayName": "Fluorine Cell",
        "amount": 6
      }
    ],
    "fluidInputs": [
      {
        "id": "molten.thoriumberylliumdepletedmoltensalttbsalt",
        "displayName": "Thorium-Beryllium Depleted Molten Salt (TB Salt)",
        "amount": 10000
      }
    ],
    "itemOutputs": [
      {
        "id": "IC2:itemCellEmpty:0",
        "displayName": "Empty Cell",
        "amount": 4
      },
      {
        "id": "miscutils:itemCellLithiumFluoride:0",
        "displayName": "Lithium Fluoride Cell",
        "amount": 1
      },
      {
        "id": "miscutils:itemCellBerylliumFluoride:0",
        "displayName": "Beryllium Fluoride Cell",
        "amount": 1
      },
      {
        "id": "miscutils:itemDustProtactinium:0",
        "displayName": "Protactinium Dust",
        "amount": 1
      },
      {
        "id": "miscutils:itemDustProtactinium:0",
        "displayName": "Protactinium Dust",
        "amount": 1
      },
      {
        "id": "miscutils:itemDustProtactinium:0",
        "displayName": "Protactinium Dust",
        "amount": 1
      },
      {
        "id": "miscutils:itemDustProtactinium:0",
        "displayName": "Protactinium Dust",
        "amount": 1
      },
      {
        "id": "miscutils:itemDustProtactinium:0",
        "displayName": "Protactinium Dust",
        "amount": 1
      },
      {
        "id": "miscutils:itemDustProtactinium:0",
        "displayName": "Protactinium Dust",
        "amount": 1
      }
    ],
    "fluidOutputs": [
      {
        "id": "molten.fluorinateduraniumhexafluoridefuf6",
        "displayName": "Fluorinated Uranium Hexafluoride (F-UF6)",
        "amount": 3000
      }
    ],
    "outputChances": [
      10000,
      10000,
      10000,
      1000,
      1000,
      1000,
      500,
      500,
      500
    ]
  },
  {
    "machine": "gtpp.recipe.reactorprocessingunit",
    "recipeType": "gt_machine",
    "euPerTick": 7680,
    "duration": 6000,
    "itemInputs": [
      {
        "id": "miscutils:item.T3RecipeSelector:7",
        "displayName": "Programmed Breakthrough Circuit",
        "amount": 0
      },
      {
        "id": "gregtech:gt.metaitem.01:30014",
        "displayName": "Fluorine Cell",
        "amount": 6
      }
    ],
    "fluidInputs": [
      {
        "id": "molten.fluorinespargedtsalt",
        "displayName": "Fluorine Sparged T Salt",
        "amount": 10000
      }
    ],
    "itemOutputs": [
      {
        "id": "IC2:itemCellEmpty:0",
        "displayName": "Empty Cell",
        "amount": 4
      },
      {
        "id": "miscutils:itemCellLithiumFluoride:0",
        "displayName": "Lithium Fluoride Cell",
        "amount": 2
      },
      {
        "id": "miscutils:itemDustProtactinium:0",
        "displayName": "Protactinium Dust",
        "amount": 1
      },
      {
        "id": "miscutils:itemDustProtactinium:0",
        "displayName": "Protactinium Dust",
        "amount": 1
      },
      {
        "id": "miscutils:itemDustProtactinium:0",
        "displayName": "Protactinium Dust",
        "amount": 1
      },
      {
        "id": "miscutils:itemDustProtactinium:0",
        "displayName": "Protactinium Dust",
        "amount": 1
      },
      {
        "id": "miscutils:itemDustProtactinium:0",
        "displayName": "Protactinium Dust",
        "amount": 1
      },
      {
        "id": "miscutils:itemDustProtactinium:0",
        "displayName": "Protactinium Dust",
        "amount": 1
      }
    ],
    "fluidOutputs": [
      {
        "id": "molten.fluorinateduraniumhexafluoridefuf6",
        "displayName": "Fluorinated Uranium Hexafluoride (F-UF6)",
        "amount": 3000
      }
    ],
    "outputChances": [
      10000,
      10000,
      1000,
      1000,
      1000,
      1000,
      1000,
      1000
    ]
  },
  {
    "machine": "gtpp.recipe.reactorprocessingunit",
    "recipeType": "gt_machine",
    "euPerTick": 7680,
    "duration": 6000,
    "itemInputs": [
      {
        "id": "miscutils:item.T3RecipeSelector:8",
        "displayName": "Programmed Breakthrough Circuit",
        "amount": 0
      },
      {
        "id": "gregtech:gt.metaitem.01:30014",
        "displayName": "Fluorine Cell",
        "amount": 6
      }
    ],
    "fluidInputs": [
      {
        "id": "molten.fluorinespargedtbsalt",
        "displayName": "Fluorine Sparged TB Salt",
        "amount": 10000
      }
    ],
    "itemOutputs": [
      {
        "id": "IC2:itemCellEmpty:0",
        "displayName": "Empty Cell",
        "amount": 2
      },
      {
        "id": "miscutils:itemCellLithiumFluoride:0",
        "displayName": "Lithium Fluoride Cell",
        "amount": 2
      },
      {
        "id": "miscutils:itemCellBerylliumFluoride:0",
        "displayName": "Beryllium Fluoride Cell",
        "amount": 2
      },
      {
        "id": "miscutils:itemDustProtactinium:0",
        "displayName": "Protactinium Dust",
        "amount": 1
      },
      {
        "id": "miscutils:itemDustProtactinium:0",
        "displayName": "Protactinium Dust",
        "amount": 1
      },
      {
        "id": "miscutils:itemDustProtactinium:0",
        "displayName": "Protactinium Dust",
        "amount": 1
      },
      {
        "id": "miscutils:itemDustProtactinium:0",
        "displayName": "Protactinium Dust",
        "amount": 1
      },
      {
        "id": "miscutils:itemDustProtactinium:0",
        "displayName": "Protactinium Dust",
        "amount": 1
      },
      {
        "id": "miscutils:itemDustProtactinium:0",
        "displayName": "Protactinium Dust",
        "amount": 1
      }
    ],
    "fluidOutputs": [
      {
        "id": "molten.fluorinateduraniumhexafluoridefuf6",
        "displayName": "Fluorinated Uranium Hexafluoride (F-UF6)",
        "amount": 6000
      }
    ],
    "outputChances": [
      10000,
      10000,
      10000,
      2000,
      2000,
      2000,
      2000,
      2000,
      2000
    ]
  },
  {
    "machine": "gtpp.recipe.reactorprocessingunit",
    "recipeType": "gt_machine",
    "euPerTick": 480,
    "duration": 144000,
    "itemInputs": [
      {
        "id": "miscutils:item.T3RecipeSelector:1",
        "displayName": "Programmed Breakthrough Circuit",
        "amount": 0
      },
      {
        "id": "gregtech:gt.metaitem.01:30014",
        "displayName": "Fluorine Cell",
        "amount": 1
      }
    ],
    "fluidInputs": [
      {
        "id": "molten.uraniumdepletedmoltensaltusalt",
        "displayName": "Uranium Depleted Molten Salt (U Salt)",
        "amount": 1000
      }
    ],
    "itemOutputs": [
      {
        "id": "miscutils:itemCellPhosphorousUraniumHexafluoridePUF6:0",
        "displayName": "Phosphorous Uranium Hexafluoride (P-UF6) Cell",
        "amount": 1
      }
    ],
    "fluidOutputs": [
      {
        "id": "fluid.impurelifbef2",
        "displayName": "Impure Molten Salt Base",
        "amount": 1000
      }
    ],
    "outputChances": [
      10000
    ]
  },
  {
    "machine": "gtpp.recipe.reactorprocessingunit",
    "recipeType": "gt_machine",
    "euPerTick": 480,
    "duration": 72000,
    "itemInputs": [
      {
        "id": "miscutils:item.T3RecipeSelector:1",
        "displayName": "Programmed Breakthrough Circuit",
        "amount": 0
      },
      {
        "id": "gregtech:gt.metaitem.01:30014",
        "displayName": "Fluorine Cell",
        "amount": 3
      }
    ],
    "fluidInputs": [
      {
        "id": "molten.heliumspargedusalt",
        "displayName": "Helium Sparged U Salt",
        "amount": 1000
      }
    ],
    "itemOutputs": [
      {
        "id": "IC2:itemCellEmpty:0",
        "displayName": "Empty Cell",
        "amount": 1
      },
      {
        "id": "miscutils:itemCellPhosphorousUraniumHexafluoridePUF6:0",
        "displayName": "Phosphorous Uranium Hexafluoride (P-UF6) Cell",
        "amount": 2
      }
    ],
    "fluidOutputs": [
      {
        "id": "fluid.impurelifbef2",
        "displayName": "Impure Molten Salt Base",
        "amount": 2000
      }
    ]
  }
]