[
  {
    "machine": "gtpp.recipe.lftr",
    "recipeType": "gt_machine",
    "duration": 2000,
    "itemInputs": [],
    "fluidInputs": [
      {
        "id": "molten.lftrfuel3",
        "displayName": "LFTR Fuel 3",
        "amount": 100
      },
      {
        "id": "molten.lithiumtetrafluoroberyllatelftb",
        "displayName": "Lithium Tetrafluoroberyllate (LFTB)",
        "amount": 200
      }
    ],
    "itemOutputs": [],
    "fluidOutputs": [
      {
        "id": "molten.uraniumdepletedmoltensaltusalt",
        "displayName": "Uranium Depleted Molten Salt (U Salt)",
        "amount": 100
      },
      {
        "id": "molten.thoriumberylliumdepletedmoltensalttbsalt",
        "displayName": "Thorium-Beryllium Depleted Molten Salt (TB Salt)",
        "amount": 200
      },
      {
        "id": "molten.uraniumhexafluoride",
        "displayName": "Uranium Hexafluoride",
        "amount": 20
      },
      {
        "id": "molten.uraniumhexafluoride",
        "displayName": "Uranium Hexafluoride",
        "amount": 10
      }
    ]
  },
  {
    "machine": "gtpp.recipe.lftr",
    "recipeType": "gt_machine",
    "duration": 2000,
    "itemInputs": [],
    "fluidInputs": [
      {
        "id": "molten.lftrfuel2",
        "displayName": "LFTR Fuel 2",
        "amount": 100
      },
      {
        "id": "molten.lithiumtetrafluoroberyllatelftb",
        "displayName": "Lithium Tetrafluoroberyllate (LFTB)",
        "amount": 200
      }
    ],
    "itemOutputs": [],
    "fluidOutputs": [
      {
        "id": "molten.uraniumdepletedmoltensaltusalt",
        "displayName": "Uranium Depleted Molten Salt (U Salt)",
        "amount": 50
      },
      {
        "id": "molten.thoriumberylliumdepletedmoltensalttbsalt",
        "displayName": "Thorium-Beryllium Depleted Molten Salt (TB Salt)",
        "amount": 100
      },
      {
        "id": "molten.uraniumhexafluoride",
        "displayName": "Uranium Hexafluoride",
        "amount": 10
      },
      {
        "id": "molten.uraniumhexafluoride",
        "displayName": "Uranium Hexafluoride",
        "amount": 5
      }
    ]
  },
  {
    "machine": "gtpp.recipe.lftr",
    "recipeType": "gt_machine",
    "duration": 2000,
    "itemInputs": [],
    "fluidInputs": [
      {
        "id": "molten.lftrfuel1",
        "displayName": "LFTR Fuel 1",
        "amount": 100
      },
      {
        "id": "molten.lithiumtetrafluoroberyllatelftb",
        "displayName": "Lithium Tetrafluoroberyllate (LFTB)",
        "amount": 200
      }
    ],
    "itemOutputs": [],
    "fluidOutputs": [
      {
        "id": "molten.uraniumdepletedmoltensaltusalt",
        "displayName": "Uranium Depleted Molten Salt (U Salt)",
        "amount": 25
      },
      {
        "id": "molten.thoriumdepletedmoltensalttsalt",
        "displayName": "Thorium Depleted Molten Salt (T Salt)",
        "amount": 50
      },
      {
        "id": "molten.uraniumhexafluoride",
        "displayName": "Uranium Hexafluoride",
        "amount": 4
      },
      {
        "id": "molten.uraniumhexafluoride",
        "displayName": "Uranium Hexafluoride",
        "amount": 2
      }
    ]
  }
]