[
  {
    "machine": "gtpp.recipe.chemicaldehydrator",
    "recipeType": "gt_machine",
    "euPerTick": 16,
    "duration": 30,
    "itemInputs": [
      {
        "id": "gregtech:gt.integrated_circuit:20",
        "displayName": "Programmed Circuit",
        "amount": 0
      }
    ],
    "fluidInputs": [
      {
        "id": "molten.ammoniumbifluoride",
        "displayName": "Ammonium Bifluoride",
        "amount": 144
      }
    ],
    "itemOutputs": [
      {
        "id": "miscutils:itemDustAmmoniumBifluoride:0",
        "displayName": "Ammonium Bifluoride Dust",
        "amount": 1
      }
    ],
    "fluidOutputs": []
  },
  {
    "machine": "gtpp.recipe.chemicaldehydrator",
    "recipeType": "gt_machine",
    "euPerTick": 16,
    "duration": 30,
    "itemInputs": [
      {
        "id": "gregtech:gt.integrated_circuit:20",
        "displayName": "Programmed Circuit",
        "amount": 0
      }
    ],
    "fluidInputs": [
      {
        "id": "molten.berylliumhydroxide",
        "displayName": "Beryllium Hydroxide",
        "amount": 144
      }
    ],
    "itemOutputs": [
      {
        "id": "miscutils:itemDustBerylliumHydroxide:0",
        "displayName": "Beryllium Hydroxide Dust",
        "amount": 1
      }
    ],
    "fluidOutputs": []
  },
  {
    "machine": "gtpp.recipe.chemicaldehydrator",
    "recipeType": "gt_machine",
    "euPerTick": 16,
    "duration": 30,
    "itemInputs": [
      {
        "id": "gregtech:gt.integrated_circuit:20",
        "displayName": "Programmed Circuit",
        "amount": 0
      }
    ],
    "fluidInputs": [
      {
        "id": "molten.berylliumfluoride",
        "displayName": "Beryllium Fluoride",
        "amount": 144
      }
    ],
    "itemOutputs": [
      {
        "id": "miscutils:itemDustBerylliumFluoride:0",
        "displayName": "Beryllium Fluoride Dust",
        "amount": 1
      }
    ],
    "fluidOutputs": []
  },
  {
    "machine": "gtpp.recipe.chemicaldehydrator",
    "recipeType": "gt_machine",
    "euPerTick": 16,
    "duration": 30,
    "itemInputs": [
      {
        "id": "gregtech:gt.integrated_circuit:20",
        "displayName": "Programmed Circuit",
        "amount": 0
      }
    ],
    "fluidInputs": [
      {
        "id": "molten.lithiumfluoride",
        "displayName": "Lithium Fluoride",
        "amount": 144
      }
    ],
    "itemOutputs": [
      {
        "id": "miscutils:itemDustLithiumFluoride:0",
        "displayName": "Lithium Fluoride Dust",
        "amount": 1
      }
    ],
    "fluidOutputs": []
  },
  {
    "machine": "gtpp.recipe.chemicaldehydrator",
    "recipeType": "gt_machine",
    "euPerTick": 16,
    "duration": 30,
    "itemInputs": [
      {
        "id": "gregtech:gt.integrated_circuit:20",
        "displayName": "Programmed Circuit",
        "amount": 0
      }
    ],
    "fluidInputs": [
      {
        "id": "molten.thoriumtetrafluoride",
        "displayName": "Thorium Tetrafluoride",
        "amount": 144
      }
    ],
    "itemOutputs": [
      {
        "id": "miscutils:itemDustThoriumTetrafluoride:0",
        "displayName": "Thorium Tetrafluoride Dust",
        "amount": 1
      }
    ],
    "fluidOutputs": []
  },
  {
    "machine": "gtpp.recipe.chemicaldehydrator",
    "recipeType": "gt_machine",
    "euPerTick": 16,
    "duration": 30,
    "itemInputs": [
      {
        "id": "gregtech:gt.integrated_circuit:20",
        "displayName": "Programmed Circuit",
        "amount": 0
      }
    ],
    "fluidInputs": [
      {
        "id": "molten.thoriumhexafluoride",
        "displayName": "Thorium Hexafluoride",
        "amount": 144
      }
    ],
    "itemOutputs": [
      {
        "id": "miscutils:itemDustThoriumHexafluoride:0",
        "displayName": "Thorium Hexafluoride Dust",
        "amount": 1
      }
    ],
    "fluidOutputs": []
  },
  {
    "machine": "gtpp.recipe.chemicaldehydrator",
    "recipeType": "gt_machine",
    "euPerTick": 16,
    "duration": 30,
    "itemInputs": [
      {
        "id": "gregtech:gt.integrated_circuit:20",
        "displayName": "Programmed Circuit",
        "amount": 0
      }
    ],
    "fluidInputs": [
      {
        "id": "neptuniumhexafluoride",
        "displayName": "Neptunium Hexafluoride",
        "amount": 144
      }
    ],
    "itemOutputs": [
      {
        "id": "miscutils:itemDustNeptuniumHexafluoride:0",
        "displayName": "Neptunium Hexafluoride Dust",
        "amount": 1
      }
    ],
    "fluidOutputs": []
  },
  {
    "machine": "gtpp.recipe.chemicaldehydrator",
    "recipeType": "gt_machine",
    "euPerTick": 16,
    "duration": 30,
    "itemInputs": [
      {
        "id": "gregtech:gt.integrated_circuit:20",
        "displayName": "Programmed Circuit",
        "amount": 0
      }
    ],
    "fluidInputs": [
      {
        "id": "technetiumhexafluoride",
        "displayName": "Technetium Hexafluoride",
        "amount": 144
      }
    ],
    "itemOutputs": [
      {
        "id": "miscutils:itemDustTechnetiumHexafluoride:0",
        "displayName": "Technetium Hexafluoride Dust",
        "amount": 1
      }
    ],
    "fluidOutputs": []
  },
  {
    "machine": "gtpp.recipe.chemicaldehydrator",
    "recipeType": "gt_machine",
    "euPerTick": 16,
    "duration": 30,
    "itemInputs": [
      {
        "id": "gregtech:gt.integrated_circuit:20",
        "displayName": "Programmed Circuit",
        "amount": 0
      }
    ],
    "fluidInputs": [
      {
        "id": "seleniumhexafluoride",
        "displayName": "Selenium Hexafluoride",
        "amount": 144
      }
    ],
    "itemOutputs": [
      {
        "id": "miscutils:itemDustSeleniumHexafluoride:0",
        "displayName": "Selenium Hexafluoride Dust",
        "amount": 1
      }
    ],
    "fluidOutputs": []
  },
  {
    "machine": "gtpp.recipe.chemicaldehydrator",
    "recipeType": "gt_machine",
    "euPerTick": 16,
    "duration": 30,
    "itemInputs": [
      {
        "id": "gregtech:gt.integrated_circuit:20",
        "displayName": "Programmed Circuit",
        "amount": 0
      }
    ],
    "fluidInputs": [
      {
        "id": "molten.lftrfuel1",
        "displayName": "LFTR Fuel 1",
        "amount": 144
      }
    ],
    "itemOutputs": [
      {
        "id": "miscutils:itemDustLFTRFuel1:0",
        "displayName": "LFTR Fuel 1 Dust",
        "amount": 1
      }
    ],
    "fluidOutputs": []
  },
  {
    "machine": "gtpp.recipe.chemicaldehydrator",
    "recipeType": "gt_machine",
    "euPerTick": 16,
    "duration": 30,
    "itemInputs": [
      {
        "id": "gregtech:gt.integrated_circuit:20",
        "displayName": "Programmed Circuit",
        "amount": 0
      }
    ],
    "fluidInputs": [
      {
        "id": "molten.lftrfuel2",
        "displayName": "LFTR Fuel 2",
        "amount": 144
      }
    ],
    "itemOutputs": [
      {
        "id": "miscutils:itemDustLFTRFuel2:0",
        "displayName": "LFTR Fuel 2 Dust",
        "amount": 1
      }
    ],
    "fluidOutputs": []
  },
  {
    "machine": "gtpp.recipe.chemicaldehydrator",
    "recipeType": "gt_machine",
    "euPerTick": 16,
    "duration": 30,
    "itemInputs": [
      {
        "id": "gregtech:gt.integrated_circuit:20",
        "displayName": "Programmed Circuit",
        "amount": 0
      }
    ],
    "fluidInputs": [
      {
        "id": "molten.lftrfuel3",
        "displayName": "LFTR Fuel 3",
        "amount": 144
      }
    ],
    "itemOutputs": [
      {
        "id": "miscutils:itemDustLFTRFuel3:0",
        "displayName": "LFTR Fuel 3 Dust",
        "amount": 1
      }
    ],
    "fluidOutputs": []
  },
  {
    "machine": "gtpp.recipe.chemicaldehydrator",
    "recipeType": "gt_machine",
    "euPerTick": 30,
    "duration": 2400,
    "itemInputs": [
      {
        "id": "gregtech:gt.integrated_circuit:16",
        "displayName": "Programmed Circuit",
        "amount": 0
      },
      {
        "id": "minecraft:beef:0",
        "displayName": "Raw Beef",
        "amount": 1
      }
    ],
    "fluidInputs": [],
    "itemOutputs": [
      {
        "id": "TConstruct:jerky:0",
        "displayName": "Beef Jerky",
        "amount": 1
      }
    ],
    "fluidOutputs": []
  },
  {
    "machine": "gtpp.recipe.chemicaldehydrator",
    "recipeType": "gt_machine",
    "euPerTick": 30,
    "duration": 2400,
    "itemInputs": [
      {
        "id": "gregtech:gt.integrated_circuit:16",
        "displayName": "Programmed Circuit",
        "amount": 0
      },
      {
        "id": "minecraft:chicken:0",
        "displayName": "Raw Chicken",
        "amount": 1
      }
    ],
    "fluidInputs": [],
    "itemOutputs": [
      {
        "id": "TConstruct:jerky:1",
        "displayName": "Chicken Jerky",
        "amount": 1
      }
    ],
    "fluidOutputs": []
  },
  {
    "machine": "gtpp.recipe.chemicaldehydrator",
    "recipeType": "gt_machine",
    "euPerTick": 30,
    "duration": 2400,
    "itemInputs": [
      {
        "id": "gregtech:gt.integrated_circuit:16",
        "displayName": "Programmed Circuit",
        "amount": 0
      },
      {
        "id": "minecraft:porkchop:0",
        "displayName": "Raw Porkchop",
        "amount": 1
      }
    ],
    "fluidInputs": [],
    "itemOutputs": [
      {
        "id": "TConstruct:jerky:2",
        "displayName": "Bacon Jerky",
        "amount": 1
      }
    ],
    "fluidOutputs": []
  },
  {
    "machine": "gtpp.recipe.chemicaldehydrator",
    "recipeType": "gt_machine",
    "euPerTick": 30,
    "duration": 2400,
    "itemInputs": [
      {
        "id": "gregtech:gt.integrated_circuit:16",
        "displayName": "Programmed Circuit",
        "amount": 0
      },
      {
        "id": "minecraft:fish:0",
        "displayName": "Raw Fish",
        "amount": 1
      }
    ],
    "fluidInputs": [],
    "itemOutputs": [
      {
        "id": "TConstruct:jerky:4",
        "displayName": "Fish Jerky",
        "amount": 1
      }
    ],
    "fluidOutputs": []
  },
  {
    "machine": "gtpp.recipe.chemicaldehydrator",
    "recipeType": "gt_machine",
    "euPerTick": 30,
    "duration": 2400,
    "itemInputs": [
      {
        "id": "gregtech:gt.integrated_circuit:16",
        "displayName": "Programmed Circuit",
        "amount": 0
      },
      {
        "id": "minecraft:rotten_flesh:0",
        "displayName": "Rotten Flesh",
        "amount": 1
      }
    ],
    "fluidInputs": [],
    "itemOutputs": [
      {
        "id": "TConstruct:jerky:5",
        "displayName": "Monster Jerky",
        "amount": 1
      }
    ],
    "fluidOutputs": []
  },
  {
    "machine": "gtpp.recipe.chemicaldehydrator",
    "recipeType": "gt_machine",
    "euPerTick": 2,
    "duration": 10,
    "itemInputs": [
      {
        "id": "miscutils:item.BioRecipeSelector:20",
        "displayName": "Programmed Bio Circuit",
        "amount": 0
      },
      {
        "id": "harvestcraft:grapeItem:0",
        "displayName": "Grape",
        "amount": 1
      }
    ],
    "fluidInputs": [],
    "itemOutputs": [
      {
        "id": "harvestcraft:raisinsItem:0",
        "displayName": "Raisins",
        "amount": 1
      }
    ],
    "fluidOutputs": []
  },
  {
    "machine": "gtpp.recipe.chemicaldehydrator",
    "recipeType": "gt_machine",
    "euPerTick": 480,
    "duration": 40,
    "itemInputs": [
      {
        "id": "miscutils:item.BioRecipeSelector:21",
        "displayName": "Programmed Bio Circuit",
        "amount": 0
      }
    ],
    "fluidInputs": [
      {
        "id": "sludge",
        "displayName": "sludge",
        "amount": 1000
      }
    ],
    "itemOutputs": [
      {
        "id": "minecraft:dirt:0",
        "displayName": "Dirt",
        "amount": 1
      },
      {
        "id": "gregtech:gt.metaitem.01:2805",
        "displayName": "Clay Dust",
        "amount": 1
      },
      {
        "id": "gregtech:gt.metaitem.01:2032",
        "displayName": "Iron Dust",
        "amount": 1
      },
      {
        "id": "gregtech:gt.metaitem.01:2035",
        "displayName": "Copper Dust",
        "amount": 1
      },
      {
        "id": "gregtech:gt.metaitem.01:2057",
        "displayName": "Tin Dust",
        "amount": 1
      },
      {
        "id": "gregtech:gt.metaitem.01:2034",
        "displayName": "Nickel Dust",
        "amount": 1
      },
      {
        "id": "gregtech:gt.metaitem.01:2019",
        "displayName": "Aluminium Dust",
        "amount": 1
      },
      {
        "id": "gregtech:gt.metaitem.01:2054",
        "displayName": "Silver Dust",
        "amount": 1
      },
      {
        "id": "gregtech:gt.metaitem.01:2086",
        "displayName": "Gold Dust",
        "amount": 1
      }
    ],
    "fluidOutputs": [
      {
        "id": "methane",
        "displayName": "Methane Gas",
        "amount": 100
      }
    ],
    "outputChances": [
      2000,
      500,
      10,
      7,
      6,
      5,
      4,
      3,
      2
    ]
  },
  {
    "machine": "gtpp.recipe.chemicaldehydrator",
    "recipeType": "gt_machine",
    "euPerTick": 30,
    "duration": 60,
    "itemInputs": [
      {
        "id": "miscutils:item.T3RecipeSelector:18",
        "displayName": "Programmed Breakthrough Circuit",
        "amount": 0
      },
      {
        "id": "IC2:itemCellEmpty:0",
        "displayName": "Empty Cell",
        "amount": 3
      }
    ],
    "fluidInputs": [
      {
        "id": "fluid.ethylbenzene",
        "displayName": "Ethylbenzene",
        "amount": 1000
      }
    ],
    "itemOutputs": [
      {
        "id": "gregtech:gt.metaitem.01:30637",
        "displayName": "Styrene Cell",
        "amount": 1
      },
      {
        "id": "gregtech:gt.metaitem.01:30001",
        "displayName": "Hydrogen Cell",
        "amount": 2
      }
    ],
    "fluidOutputs": []
  },
  {
    "machine": "gtpp.recipe.chemicaldehydrator",
    "recipeType": "gt_machine",
    "euPerTick": 180,
    "duration": 100,
    "itemInputs": [
      {
        "id": "miscutils:item.T3RecipeSelector:18",
        "displayName": "Programmed Breakthrough Circuit",
        "amount": 0
      },
      {
        "id": "minecraft:leather:0",
        "displayName": "Leather",
        "amount": 2
      }
    ],
    "fluidInputs": [
      {
        "id": "fluid.ethylbenzene",
        "displayName": "Ethylbenzene",
        "amount": 1000
      }
    ],
    "itemOutputs": [
      {
        "id": "Backpack:tannedLeather:0",
        "displayName": "Tanned Leather",
        "amount": 1
      }
    ],
    "fluidOutputs": []
  },
  {
    "machine": "gtpp.recipe.chemicaldehydrator",
    "recipeType": "gt_machine",
    "euPerTick": 180,
    "duration": 100,
    "itemInputs": [
      {
        "id": "miscutils:item.T3RecipeSelector:18",
        "displayName": "Programmed Breakthrough Circuit",
        "amount": 0
      },
      {
        "id": "dreamcraft:item.ArtificialLeather:0",
        "displayName": "Artificial Leather",
        "amount": 2
      }
    ],
    "fluidInputs": [
      {
        "id": "fluid.ethylbenzene",
        "displayName": "Ethylbenzene",
        "amount": 1000
      }
    ],
    "itemOutputs": [
      {
        "id": "Backpack:tannedLeather:0",
        "displayName": "Tanned Leather",
        "amount": 1
      }
    ],
    "fluidOutputs": []
  },
  {
    "machine": "gtpp.recipe.chemicaldehydrator",
    "recipeType": "gt_machine",
    "euPerTick": 480,
    "duration": 600,
    "itemInputs": [
      {
        "id": "miscutils:item.T3RecipeSelector:18",
        "displayName": "Programmed Breakthrough Circuit",
        "amount": 0
      },
      {
        "id": "IC2:itemCellEmpty:0",
        "displayName": "Empty Cell",
        "amount": 1
      }
    ],
    "fluidInputs": [
      {
        "id": "aceticacid",
        "displayName": "Acetic Acid",
        "amount": 2000
      }
    ],
    "itemOutputs": [
      {
        "id": "IC2:itemCellEmpty:1",
        "displayName": "Water Cell",
        "amount": 1
      }
    ],
    "fluidOutputs": [
      {
        "id": "molten.aceticanhydride",
        "displayName": "Acetic Anhydride",
        "amount": 1000
      }
    ]
  },
  {
    "machine": "gtpp.recipe.chemicaldehydrator",
    "recipeType": "gt_machine",
    "euPerTick": 1024,
    "duration": 800,
    "itemInputs": [
      {
        "id": "miscutils:item.T3RecipeSelector:23",
        "displayName": "Programmed Breakthrough Circuit",
        "amount": 0
      },
      {
        "id": "gregtech:gt.metaitem.01:6035",
        "displayName": "Purified Copper Ore",
        "amount": 1
      }
    ],
    "fluidInputs": [
      {
        "id": "ic2hotwater",
        "displayName": "Heated Water",
        "amount": 1000
      }
    ],
    "itemOutputs": [
      {
        "id": "gregtech:gt.metaitem.01:7035",
        "displayName": "Centrifuged Copper Ore",
        "amount": 1
      },
      {
        "id": "miscutils:itemDustSeleniumDioxide:0",
        "displayName": "Selenium Dioxide Dust",
        "amount": 1
      },
      {
        "id": "miscutils:itemDustSeleniumDioxide:0",
        "displayName": "Selenium Dioxide Dust",
        "amount": 1
      },
      {
        "id": "miscutils:itemDustSmallSeleniumDioxide:0",
        "displayName": "Small Pile of Selenium Dioxide Dust",
        "amount": 1
      },
      {
        "id": "miscutils:itemDustSmallSeleniumDioxide:0",
        "displayName": "Small Pile of Selenium Dioxide Dust",
        "amount": 1
      },
      {
        "id": "miscutils:itemDustSmallSeleniumDioxide:0",
        "displayName": "Small Pile of Selenium Dioxide Dust",
        "amount": 1
      },
      {
        "id": "miscutils:itemDustTinySeleniumDioxide:0",
        "displayName": "Tiny Pile of Selenium Dioxide Dust",
        "amount": 1
      },
      {
        "id": "miscutils:itemDustTinySeleniumDioxide:0",
        "displayName": "Tiny Pile of Selenium Dioxide Dust",
        "amount": 1
      },
      {
        "id": "miscutils:itemDustTinySeleniumDioxide:0",
        "displayName": "Tiny Pile of Selenium Dioxide Dust",
        "amount": 1
      }
    ],
    "fluidOutputs": [
      {
        "id": "molten.seleniumdioxide",
        "displayName": "Selenium Dioxide",
        "amount": 20
      }
    ],
    "outputChances": [
      10000,
      100,
      100,
      500,
      500,
      500,
      1000,
      1000,
      1000
    ]
  },
  {
    "machine": "gtpp.recipe.chemicaldehydrator",
    "recipeType": "gt_machine",
    "euPerTick": 1024,
    "duration": 800,
    "itemInputs": [
      {
        "id": "miscutils:item.T3RecipeSelector:23",
        "displayName": "Programmed Breakthrough Circuit",
        "amount": 0
      },
      {
        "id": "gregtech:gt.metaitem.01:6840",
        "displayName": "Purified Tetrahedrite Ore",
        "amount": 1
      }
    ],
    "fluidInputs": [
      {
        "id": "ic2hotwater",
        "displayName": "Heated Water",
        "amount": 1000
      }
    ],
    "itemOutputs": [
      {
        "id": "gregtech:gt.metaitem.01:7840",
        "displayName": "Centrifuged Tetrahedrite Ore",
        "amount": 1
      },
      {
        "id": "miscutils:itemDustSeleniumDioxide:0",
        "displayName": "Selenium Dioxide Dust",
        "amount": 1
      },
      {
        "id": "miscutils:itemDustSeleniumDioxide:0",
        "displayName": "Selenium Dioxide Dust",
        "amount": 1
      },
      {
        "id": "miscutils:itemDustSmallSeleniumDioxide:0",
        "displayName": "Small Pile of Selenium Dioxide Dust",
        "amount": 1
      },
      {
        "id": "miscutils:itemDustSmallSeleniumDioxide:0",
        "displayName": "Small Pile of Selenium Dioxide Dust",
        "amount": 1
      },
      {
        "id": "miscutils:itemDustSmallSeleniumDioxide:0",
        "displayName": "Small Pile of Selenium Dioxide Dust",
        "amount": 1
      },
      {
        "id": "miscutils:itemDustTinySeleniumDioxide:0",
        "displayName": "Tiny Pile of Selenium Dioxide Dust",
        "amount": 1
      },
      {
        "id": "miscutils:itemDustTinySeleniumDioxide:0",
        "displayName": "Tiny Pile of Selenium Dioxide Dust",
        "amount": 1
      },
      {
        "id": "miscutils:itemDustTinySeleniumDioxide:0",
        "displayName": "Tiny Pile of Selenium Dioxide Dust",
        "amount": 1
      }
    ],
    "fluidOutputs": [
      {
        "id": "molten.seleniumdioxide",
        "displayName": "Selenium Dioxide",
        "amount": 10
      }
    ],
    "outputChances": [
      10000,
      100,
      100,
      300,
      300,
      300,
      800,
      800,
      800
    ]
  },
  {
    "machine": "gtpp.recipe.chemicaldehydrator",
    "recipeType": "gt_machine",
    "euPerTick": 1024,
    "duration": 800,
    "itemInputs": [
      {
        "id": "miscutils:item.T3RecipeSelector:23",
        "displayName": "Programmed Breakthrough Circuit",
        "amount": 0
      },
      {
        "id": "gregtech:gt.metaitem.01:6855",
        "displayName": "Purified Chalcopyrite Ore",
        "amount": 1
      }
    ],
    "fluidInputs": [
      {
        "id": "ic2hotwater",
        "displayName": "Heated Water",
        "amount": 1000
      }
    ],
    "itemOutputs": [
      {
        "id": "gregtech:gt.metaitem.01:7855",
        "displayName": "Centrifuged Chalcopyrite Ore",
        "amount": 1
      },
      {
        "id": "miscutils:itemDustSeleniumDioxide:0",
        "displayName": "Selenium Dioxide Dust",
        "amount": 1
      },
      {
        "id": "miscutils:itemDustSeleniumDioxide:0",
        "displayName": "Selenium Dioxide Dust",
        "amount": 1
      },
      {
        "id": "miscutils:itemDustSmallSeleniumDioxide:0",
        "displayName": "Small Pile of Selenium Dioxide Dust",
        "amount": 1
      },
      {
        "id": "miscutils:itemDustSmallSeleniumDioxide:0",
        "displayName": "Small Pile of Selenium Dioxide Dust",
        "amount": 1
      },
      {
        "id": "miscutils:itemDustSmallSeleniumDioxide:0",
        "displayName": "Small Pile of Selenium Dioxide Dust",
        "amount": 1
      },
      {
        "id": "miscutils:itemDustTinySeleniumDioxide:0",
        "displayName": "Tiny Pile of Selenium Dioxide Dust",
        "amount": 1
      },
      {
        "id": "miscutils:itemDustTinySeleniumDioxide:0",
        "displayName": "Tiny Pile of Selenium Dioxide Dust",
        "amount": 1
      },
      {
        "id": "miscutils:itemDustTinySeleniumDioxide:0",
        "displayName": "Tiny Pile of Selenium Dioxide Dust",
        "amount": 1
      }
    ],
    "fluidOutputs": [
      {
        "id": "molten.seleniumdioxide",
        "displayName": "Selenium Dioxide",
        "amount": 10
      }
    ],
    "outputChances": [
      10000,
      100,
      100,
      300,
      300,
      300,
      800,
      800,
      800
    ]
  },
  {
    "machine": "gtpp.recipe.chemicaldehydrator",
    "recipeType": "gt_machine",
    "euPerTick": 1024,
    "duration": 800,
    "itemInputs": [
      {
        "id": "miscutils:item.T3RecipeSelector:23",
        "displayName": "Programmed Breakthrough Circuit",
        "amount": 0
      },
      {
        "id": "gregtech:gt.metaitem.01:6871",
        "displayName": "Purified Malachite Ore",
        "amount": 1
      }
    ],
    "fluidInputs": [
      {
        "id": "ic2hotwater",
        "displayName": "Heated Water",
        "amount": 1000
      }
    ],
    "itemOutputs": [
      {
        "id": "gregtech:gt.metaitem.01:7871",
        "displayName": "Centrifuged Malachite Ore",
        "amount": 1
      },
      {
        "id": "miscutils:itemDustSeleniumDioxide:0",
        "displayName": "Selenium Dioxide Dust",
        "amount": 1
      },
      {
        "id": "miscutils:itemDustSeleniumDioxide:0",
        "displayName": "Selenium Dioxide Dust",
        "amount": 1
      },
      {
        "id": "miscutils:itemDustSmallSeleniumDioxide:0",
        "displayName": "Small Pile of Selenium Dioxide Dust",
        "amount": 1
      },
      {
        "id": "miscutils:itemDustSmallSeleniumDioxide:0",
        "displayName": "Small Pile of Selenium Dioxide Dust",
        "amount": 1
      },
      {
        "id": "miscutils:itemDustSmallSeleniumDioxide:0",
        "displayName": "Small Pile of Selenium Dioxide Dust",
        "amount": 1
      },
      {
        "id": "miscutils:itemDustTinySeleniumDioxide:0",
        "displayName": "Tiny Pile of Selenium Dioxide Dust",
        "amount": 1
      },
      {
        "id": "miscutils:itemDustTinySeleniumDioxide:0",
        "displayName": "Tiny Pile of Selenium Dioxide Dust",
        "amount": 1
      },
      {
        "id": "miscutils:itemDustTinySeleniumDioxide:0",
        "displayName": "Tiny Pile of Selenium Dioxide Dust",
        "amount": 1
      }
    ],
    "fluidOutputs": [
      {
        "id": "molten.seleniumdioxide",
        "displayName": "Selenium Dioxide",
        "amount": 10
      }
    ],
    "outputChances": [
      10000,
      100,
      100,
      300,
      300,
      300,
      800,
      800,
      800
    ]
  },
  {
    "machine": "gtpp.recipe.chemicaldehydrator",
    "recipeType": "gt_machine",
    "euPerTick": 30,
    "duration": 600,
    "itemInputs": [
      {
        "id": "miscutils:item.T3RecipeSelector:14",
        "displayName": "Programmed Breakthrough Circuit",
        "amount": 0
      }
    ],
    "fluidInputs": [
      {
        "id": "sulfuriclithium",
        "displayName": "Sulfuric Lithium Mix",
        "amount": 1440
      }
    ],
    "itemOutputs": [
      {
        "id": "gregtech:gt.metaitem.01:2022",
        "displayName": "Sulfur Dust",
        "amount": 3
      },
      {
        "id": "gregtech:gt.metaitem.01:2035",
        "displayName": "Copper Dust",
        "amount": 1
      },
      {
        "id": "gregtech:gt.metaitem.01:2017",
        "displayName": "Sodium Dust",
        "amount": 1
      },
      {
        "id": "gregtech:gt.metaitem.01:2010",
        "displayName": "Carbon Dust",
        "amount": 1
      },
      {
        "id": "miscutils:itemDustLithium7:0",
        "displayName": "Lithium 7 Dust",
        "amount": 4
      }
    ],
    "fluidOutputs": []
  },
  {
    "machine": "gtpp.recipe.chemicaldehydrator",
    "recipeType": "gt_machine",
    "euPerTick": 1000,
    "duration": 1500,
    "itemInputs": [
      {
        "id": "IC2:itemCellEmpty:0",
        "displayName": "Empty Cell",
        "amount": 12
      },
      {
        "id": "gregtech:gt.metaitem.01:2907",
        "displayName": "Lepidolite Dust",
        "amount": 20
      }
    ],
    "fluidInputs": [
      {
        "id": "sulfuricacid",
        "displayName": "Sulfuric Acid",
        "amount": 10000
      }
    ],
    "itemOutputs": [
      {
        "id": "gregtech:gt.metaitem.01:2025",
        "displayName": "Potassium Dust",
        "amount": 1
      },
      {
        "id": "gregtech:gt.metaitem.01:2019",
        "displayName": "Aluminium Dust",
        "amount": 4
      },
      {
        "id": "gregtech:gt.metaitem.01:30013",
        "displayName": "Oxygen Cell",
        "amount": 10
      },
      {
        "id": "gregtech:gt.metaitem.01:30014",
        "displayName": "Fluorine Cell",
        "amount": 2
      },
      {
        "id": "miscutils:itemDustLithiumCarbonate:0",
        "displayName": "Lithium Carbonate Dust",
        "amount": 3
      }
    ],
    "fluidOutputs": [
      {
        "id": "sulfuriclithium",
        "displayName": "Sulfuric Lithium Mix",
        "amount": 10000
      }
    ]
  },
  {
    "machine": "gtpp.recipe.chemicaldehydrator",
    "recipeType": "gt_machine",
    "euPerTick": 120,
    "duration": 240,
    "itemInputs": [
      {
        "id": "miscutils:item.BioRecipeSelector:20",
        "displayName": "Programmed Bio Circuit",
        "amount": 0
      },
      {
        "id": "gregtech:gt.metaitem.01:2622",
        "displayName": "Quicklime Dust",
        "amount": 2
      }
    ],
    "fluidInputs": [
      {
        "id": "water",
        "displayName": "Water",
        "amount": 1000
      }
    ],
    "itemOutputs": [
      {
        "id": "miscutils:itemDustCalciumHydroxide:0",
        "displayName": "Hydrated Lime Dust",
        "amount": 5
      }
    ],
    "fluidOutputs": []
  },
  {
    "machine": "gtpp.recipe.chemicaldehydrator",
    "recipeType": "gt_machine",
    "euPerTick": 1000,
    "duration": 7200,
    "itemInputs": [
      {
        "id": "miscutils:item.T3RecipeSelector:20",
        "displayName": "Programmed Breakthrough Circuit",
        "amount": 0
      },
      {
        "id": "miscutils:itemDustLi2CO3CaOH2:0",
        "displayName": "Li2CO3 + CaO2H2 Compound Dust",
        "amount": 11
      }
    ],
    "fluidInputs": [],
    "itemOutputs": [
      {
        "id": "miscutils:itemDustLithiumHydroxide:0",
        "displayName": "Lithium Hydroxide Dust",
        "amount": 6
      },
      {
        "id": "miscutils:itemDustCalciumCarbonate:0",
        "displayName": "Calcium Carbonate Dust",
        "amount": 5
      }
    ],
    "fluidOutputs": []
  },
  {
    "machine": "gtpp.recipe.chemicaldehydrator",
    "recipeType": "gt_machine",
    "euPerTick": 64,
    "duration": 20,
    "itemInputs": [
      {
        "id": "miscutils:item.T3RecipeSelector:22",
        "displayName": "Programmed Breakthrough Circuit",
        "amount": 0
      }
    ],
    "fluidInputs": [
      {
        "id": "lithiumhydroxide",
        "displayName": "Lithium Hydroxide",
        "amount": 144
      }
    ],
    "itemOutputs": [
      {
        "id": "miscutils:itemDustLithiumHydroxide:0",
        "displayName": "Lithium Hydroxide Dust",
        "amount": 1
      }
    ],
    "fluidOutputs": []
  },
  {
    "machine": "gtpp.recipe.chemicaldehydrator",
    "recipeType": "gt_machine",
    "euPerTick": 480,
    "duration": 300,
    "itemInputs": [
      {
        "id": "miscutils:item.T3RecipeSelector:11",
        "displayName": "Programmed Breakthrough Circuit",
        "amount": 0
      },
      {
        "id": "miscutils:itemDustCookedZrCl4:0",
        "displayName": "Cooked ZrCl4 Dust",
        "amount": 1
      }
    ],
    "fluidInputs": [
      {
        "id": "hydrofluoricacid",
        "displayName": "Industrial Strength Hydrofluoric Acid",
        "amount": 400
      }
    ],
    "itemOutputs": [
      {
        "id": "miscutils:itemDustZirconiumTetrafluoride:0",
        "displayName": "Zirconium Tetrafluoride Dust",
        "amount": 1
      }
    ],
    "fluidOutputs": [
      {
        "id": "hydrochloricacid_gt5u",
        "displayName": "Hydrochloric Acid",
        "amount": 800
      }
    ]
  },
  {
    "machine": "gtpp.recipe.chemicaldehydrator",
    "recipeType": "gt_machine",
    "euPerTick": 480,
    "duration": 600,
    "itemInputs": [
      {
        "id": "miscutils:item.T3RecipeSelector:10",
        "displayName": "Programmed Breakthrough Circuit",
        "amount": 0
      },
      {
        "id": "miscutils:itemDustCookedZrCl4:0",
        "displayName": "Cooked ZrCl4 Dust",
        "amount": 1
      }
    ],
    "fluidInputs": [
      {
        "id": "hydrofluoricacid_gt5u",
        "displayName": "Hydrofluoric Acid",
        "amount": 800
      }
    ],
    "itemOutputs": [
      {
        "id": "miscutils:itemDustZirconiumTetrafluoride:0",
        "displayName": "Zirconium Tetrafluoride Dust",
        "amount": 1
      }
    ],
    "fluidOutputs": [
      {
        "id": "hydrochloricacid_gt5u",
        "displayName": "Hydrochloric Acid",
        "amount": 800
      }
    ]
  },
  {
    "machine": "gtpp.recipe.chemicaldehydrator",
    "recipeType": "gt_machine",
    "euPerTick": 64,
    "duration": 120,
    "itemInputs": [
      {
        "id": "miscutils:itemDustBerylliumHydroxide:0",
        "displayName": "Beryllium Hydroxide Dust",
        "amount": 3
      },
      {
        "id": "IC2:itemCellEmpty:0",
        "displayName": "Empty Cell",
        "amount": 2
      }
    ],
    "fluidInputs": [
      {
        "id": "molten.ammoniumbifluoride",
        "displayName": "Ammonium Bifluoride",
        "amount": 1152
      }
    ],
    "itemOutputs": [
      {
        "id": "IC2:itemCellEmpty:1",
        "displayName": "Water Cell",
        "amount": 2
      }
    ],
    "fluidOutputs": [
      {
        "id": "molten.ammoniumtetrafluoroberyllate",
        "displayName": "Ammonium Tetrafluoroberyllate",
        "amount": 1000
      }
    ]
  },
  {
    "machine": "gtpp.recipe.chemicaldehydrator",
    "recipeType": "gt_machine",
    "euPerTick": 120,
    "duration": 6000,
    "itemInputs": [
      {
        "id": "miscutils:item.T3RecipeSelector:17",
        "displayName": "Programmed Breakthrough Circuit",
        "amount": 0
      },
      {
        "id": "IC2:itemCellEmpty:0",
        "displayName": "Empty Cell",
        "amount": 3
      }
    ],
    "fluidInputs": [
      {
        "id": "molten.ammoniumtetrafluoroberyllate",
        "displayName": "Ammonium Tetrafluoroberyllate",
        "amount": 1000
      }
    ],
    "itemOutputs": [
      {
        "id": "gregtech:gt.metaitem.01:30659",
        "displayName": "Ammonia Cell",
        "amount": 2
      },
      {
        "id": "IC2:itemCellEmpty:15",
        "displayName": "Industrial Strength Hydrofluoric Acid Cell",
        "amount": 1
      },
      {
        "id": "miscutils:itemDustBerylliumFluoride:0",
        "displayName": "Beryllium Fluoride Dust",
        "amount": 3
      }
    ],
    "fluidOutputs": []
  },
  {
    "machine": "gtpp.recipe.chemicaldehydrator",
    "recipeType": "gt_machine",
    "euPerTick": 10,
    "duration": 6000,
    "itemInputs": [
      {
        "id": "miscutils:itemDustCopperIISulfatePentahydrate:0",
        "displayName": "Copper(II) Sulfate Pentahydrate Dust",
        "amount": 11
      }
    ],
    "fluidInputs": [],
    "itemOutputs": [
      {
        "id": "miscutils:itemDustCopperIISulfate:0",
        "displayName": "Copper(II) Sulfate Dust",
        "amount": 6
      }
    ],
    "fluidOutputs": [
      {
        "id": "water",
        "displayName": "Water",
        "amount": 5000
      }
    ]
  },
  {
    "machine": "gtpp.recipe.chemicaldehydrator",
    "recipeType": "gt_machine",
    "euPerTick": 30720,
    "duration": 61440,
    "itemInputs": [
      {
        "id": "miscutils:itemDustLafiumCompound:0",
        "displayName": "Lafium Compound Dust",
        "amount": 18
      },
      {
        "id": "IC2:itemCellEmpty:0",
        "displayName": "Empty Cell",
        "amount": 1
      }
    ],
    "fluidInputs": [],
    "itemOutputs": [
      {
        "id": "miscutils:itemDustHastelloyN:0",
        "displayName": "Hastelloy-N Dust",
        "amount": 4
      },
      {
        "id": "gregtech:gt.metaitem.01:2324",
        "displayName": "Naquadah Dust",
        "amount": 2
      },
      {
        "id": "gregtech:gt.metaitem.01:2069",
        "displayName": "Samarium Dust",
        "amount": 1
      },
      {
        "id": "gregtech:gt.metaitem.01:2081",
        "displayName": "Tungsten Dust",
        "amount": 2
      },
      {
        "id": "gregtech:gt.metaitem.01:30024",
        "displayName": "Argon Cell",
        "amount": 1
      },
      {
        "id": "gregtech:gt.metaitem.01:2019",
        "displayName": "Aluminium Dust",
        "amount": 3
      },
      {
        "id": "gregtech:gt.metaitem.01:2034",
        "displayName": "Nickel Dust",
        "amount": 4
      },
      {
        "id": "gregtech:gt.metaitem.01:2010",
        "displayName": "Carbon Dust",
        "amount": 1
      }
    ],
    "fluidOutputs": [],
    "outputChances": [
      10000,
      10000,
      10000,
      10000,
      10000,
      10000,
      10000,
      10000
    ]
  },
  {
    "machine": "gtpp.recipe.chemicaldehydrator",
    "recipeType": "gt_machine",
    "euPerTick": 1966080,
    "duration": 3932160,
    "itemInputs": [
      {
        "id": "miscutils:itemDustAbyssalAlloy:0",
        "displayName": "Abyssal Alloy Dust",
        "amount": 28
      },
      {
        "id": "IC2:itemCellEmpty:0",
        "displayName": "Empty Cell",
        "amount": 1
      }
    ],
    "fluidInputs": [],
    "itemOutputs": [
      {
        "id": "gregtech:gt.metaitem.01:2306",
        "displayName": "Stainless Steel Dust",
        "amount": 5
      },
      {
        "id": "gregtech:gt.metaitem.01:2370",
        "displayName": "Tungstencarbide Dust",
        "amount": 5
      },
      {
        "id": "gregtech:gt.metaitem.01:2311",
        "displayName": "Nichrome Dust",
        "amount": 5
      },
      {
        "id": "gregtech:gt.metaitem.01:2300",
        "displayName": "Bronze Dust",
        "amount": 5
      },
      {
        "id": "miscutils:itemDustIncoloyMA956:0",
        "displayName": "Incoloy-MA956 Dust",
        "amount": 5
      },
      {
        "id": "bartworks:gt.bwMetaGenerateddust:11012",
        "displayName": "Iodine Dust",
        "amount": 1
      },
      {
        "id": "gregtech:gt.metaitem.01:30093",
        "displayName": "Radon Cell",
        "amount": 1
      },
      {
        "id": "miscutils:itemDustGermanium:0",
        "displayName": "Germanium Dust",
        "amount": 1
      }
    ],
    "fluidOutputs": [],
    "outputChances": [
      10000,
      10000,
      10000,
      10000,
      10000,
      10000,
      10000,
      10000
    ]
  },
  {
    "machine": "gtpp.recipe.chemicaldehydrator",
    "recipeType": "gt_machine",
    "euPerTick": 16,
    "duration": 20,
    "itemInputs": [
      {
        "id": "miscutils:itemDustAncientGranite:0",
        "displayName": "Ancient Granite Dust",
        "amount": 29
      },
      {
        "id": "IC2:itemCellEmpty:0",
        "displayName": "Empty Cell",
        "amount": 10
      }
    ],
    "fluidInputs": [],
    "itemOutputs": [
      {
        "id": "gregtech:gt.metaitem.01:30013",
        "displayName": "Oxygen Cell",
        "amount": 8
      },
      {
        "id": "gregtech:gt.metaitem.01:2032",
        "displayName": "Iron Dust",
        "amount": 5
      },
      {
        "id": "gregtech:gt.metaitem.01:2837",
        "displayName": "Silicon Dioxide Dust",
        "amount": 5
      },
      {
        "id": "gregtech:gt.metaitem.01:2697",
        "displayName": "Alumina Dust",
        "amount": 3
      },
      {
        "id": "gregtech:gt.metaitem.01:2025",
        "displayName": "Potassium Dust",
        "amount": 3
      },
      {
        "id": "gregtech:gt.metaitem.01:2026",
        "displayName": "Calcium Dust",
        "amount": 2
      },
      {
        "id": "gregtech:gt.metaitem.01:30017",
        "displayName": "Sodium Cell",
        "amount": 2
      },
      {
        "id": "gregtech:gt.metaitem.01:2077",
        "displayName": "Ytterbium Dust",
        "amount": 1
      }
    ],
    "fluidOutputs": [],
    "outputChances": [
      10000,
      10000,
      10000,
      10000,
      10000,
      10000,
      10000,
      10000
    ]
  },
  {
    "machine": "gtpp.recipe.chemicaldehydrator",
    "recipeType": "gt_machine",
    "euPerTick": 122880,
    "duration": 245760,
    "itemInputs": [
      {
        "id": "miscutils:itemDustCinobiteA243:0",
        "displayName": "Cinobite A243 Dust",
        "amount": 53
      },
      {
        "id": "IC2:itemCellEmpty:0",
        "displayName": "Empty Cell",
        "amount": 2
      }
    ],
    "fluidInputs": [],
    "itemOutputs": [
      {
        "id": "miscutils:itemDustZeron100:0",
        "displayName": "Zeron-100 Dust",
        "amount": 16
      },
      {
        "id": "gregtech:gt.metaitem.01:2327",
        "displayName": "Naquadria Dust",
        "amount": 7
      },
      {
        "id": "gregtech:gt.metaitem.01:2071",
        "displayName": "Gadolinium Dust",
        "amount": 5
      },
      {
        "id": "gregtech:gt.metaitem.01:2019",
        "displayName": "Aluminium Dust",
        "amount": 3
      },
      {
        "id": "gregtech:gt.metaitem.01:30087",
        "displayName": "Mercury Cell",
        "amount": 2
      },
      {
        "id": "gregtech:gt.metaitem.01:2057",
        "displayName": "Tin Dust",
        "amount": 2
      },
      {
        "id": "gregtech:gt.metaitem.01:2028",
        "displayName": "Titanium Dust",
        "amount": 12
      },
      {
        "id": "gregtech:gt.metaitem.01:2317",
        "displayName": "Osmiridium Dust",
        "amount": 6
      }
    ],
    "fluidOutputs": [],
    "outputChances": [
      10000,
      10000,
      10000,
      10000,
      10000,
      10000,
      10000,
      10000
    ]
  },
  {
    "machine": "gtpp.recipe.chemicaldehydrator",
    "recipeType": "gt_machine",
    "euPerTick": 7864320,
    "duration": 15728640,
    "itemInputs": [
      {
        "id": "miscutils:itemDustQuantum:0",
        "displayName": "Quantum Dust",
        "amount": 10
      }
    ],
    "fluidInputs": [],
    "itemOutputs": [
      {
        "id": "miscutils:itemDustStellite:0",
        "displayName": "Stellite Dust",
        "amount": 3
      },
      {
        "id": "miscutils:itemDustEnergyCrystal:0",
        "displayName": "Energy Crystal Dust",
        "amount": 1
      },
      {
        "id": "miscutils:itemDustSiliconCarbide:0",
        "displayName": "Silicon Carbide Dust",
        "amount": 1
      },
      {
        "id": "gregtech:gt.metaitem.01:2037",
        "displayName": "Gallium Dust",
        "amount": 1
      },
      {
        "id": "gregtech:gt.metaitem.01:2103",
        "displayName": "Americium Dust",
        "amount": 1
      },
      {
        "id": "bartworks:gt.bwMetaGenerateddust:53",
        "displayName": "Palladium Metallic Powder Dust",
        "amount": 4
      },
      {
        "id": "gregtech:gt.metaitem.01:2090",
        "displayName": "Bismuth Dust",
        "amount": 1
      },
      {
        "id": "miscutils:itemDustGermanium:0",
        "displayName": "Germanium Dust",
        "amount": 1
      }
    ],
    "fluidOutputs": [],
    "outputChances": [
      10000,
      10000,
      10000,
      10000,
      10000,
      10000,
      10000,
      10000
    ]
  },
  {
    "machine": "gtpp.recipe.chemicaldehydrator",
    "recipeType": "gt_machine",
    "euPerTick": 7680,
    "duration": 15360,
    "itemInputs": [
      {
        "id": "miscutils:itemDustHS188A:0",
        "displayName": "HS188-A Dust",
        "amount": 50
      }
    ],
    "fluidInputs": [],
    "itemOutputs": [
      {
        "id": "gregtech:gt.metaitem.01:2033",
        "displayName": "Cobalt Dust",
        "amount": 10
      },
      {
        "id": "bartworks:gt.bwMetaGenerateddust:11000",
        "displayName": "Hafnium Dust",
        "amount": 10
      },
      {
        "id": "miscutils:itemDustTalonite:0",
        "displayName": "Talonite Dust",
        "amount": 8
      },
      {
        "id": "miscutils:itemDustRhenium:0",
        "displayName": "Rhenium Dust",
        "amount": 5
      },
      {
        "id": "miscutils:itemDustNiobiumCarbide:0",
        "displayName": "Niobium Carbide Dust",
        "amount": 5
      },
      {
        "id": "miscutils:itemDustHastelloyX:0",
        "displayName": "Hastelloy-X Dust",
        "amount": 4
      },
      {
        "id": "gregtech:gt.metaitem.01:2316",
        "displayName": "Tungstensteel Dust",
        "amount": 4
      },
      {
        "id": "miscutils:itemDustZirconiumCarbide:0",
        "displayName": "Zirconium Carbide Dust",
        "amount": 4
      }
    ],
    "fluidOutputs": [],
    "outputChances": [
      10000,
      10000,
      10000,
      10000,
      10000,
      10000,
      10000,
      10000
    ]
  },
  {
    "machine": "gtpp.recipe.chemicaldehydrator",
    "recipeType": "gt_machine",
    "euPerTick": 122880,
    "duration": 245760,
    "itemInputs": [
      {
        "id": "miscutils:itemDustPikyonium64B:0",
        "displayName": "Pikyonium 64B Dust",
        "amount": 29
      }
    ],
    "fluidInputs": [],
    "itemOutputs": [
      {
        "id": "miscutils:itemDustInconel792:0",
        "displayName": "Inconel-792 Dust",
        "amount": 8
      },
      {
        "id": "miscutils:itemDustEglinSteel:0",
        "displayName": "Eglin Steel Dust",
        "amount": 5
      },
      {
        "id": "gregtech:gt.metaitem.01:2326",
        "displayName": "Enriched Naquadah Dust",
        "amount": 4
      },
      {
        "id": "gregtech:gt.metaitem.01:2065",
        "displayName": "Cerium Dust",
        "amount": 3
      },
      {
        "id": "gregtech:gt.metaitem.01:2058",
        "displayName": "Antimony Dust",
        "amount": 2
      },
      {
        "id": "bartworks:gt.bwMetaGenerateddust:47",
        "displayName": "Platinum Metallic Powder Dust",
        "amount": 4
      },
      {
        "id": "gregtech:gt.metaitem.01:2077",
        "displayName": "Ytterbium Dust",
        "amount": 1
      },
      {
        "id": "gregtech:gt.metaitem.01:2316",
        "displayName": "Tungstensteel Dust",
        "amount": 4
      }
    ],
    "fluidOutputs": [],
    "outputChances": [
      10000,
      10000,
      10000,
      10000,
      10000,
      10000,
      10000,
      10000
    ]
  },
  {
    "machine": "gtpp.recipe.chemicaldehydrator",
    "recipeType": "gt_machine",
    "euPerTick": 491520,
    "duration": 983040,
    "itemInputs": [
      {
        "id": "miscutils:itemDustBlackTitanium:0",
        "displayName": "Black Titanium Dust",
        "amount": 100
      },
      {
        "id": "IC2:itemCellEmpty:0",
        "displayName": "Empty Cell",
        "amount": 5
      }
    ],
    "fluidInputs": [],
    "itemOutputs": [
      {
        "id": "gregtech:gt.metaitem.01:2028",
        "displayName": "Titanium Dust",
        "amount": 55
      },
      {
        "id": "gregtech:gt.metaitem.01:2064",
        "displayName": "Lanthanum Dust",
        "amount": 12
      },
      {
        "id": "gregtech:gt.metaitem.01:2081",
        "displayName": "Tungsten Dust",
        "amount": 8
      },
      {
        "id": "gregtech:gt.metaitem.01:2033",
        "displayName": "Cobalt Dust",
        "amount": 6
      },
      {
        "id": "gregtech:gt.metaitem.01:2031",
        "displayName": "Manganese Dust",
        "amount": 4
      },
      {
        "id": "gregtech:gt.metaitem.01:2021",
        "displayName": "Phosphorus Dust",
        "amount": 4
      },
      {
        "id": "bartworks:gt.bwMetaGenerateddust:53",
        "displayName": "Palladium Metallic Powder Dust",
        "amount": 16
      },
      {
        "id": "gregtech:gt.metaitem.01:2047",
        "displayName": "Niobium Dust",
        "amount": 2
      },
      {
        "id": "gregtech:gt.metaitem.01:30024",
        "displayName": "Argon Cell",
        "amount": 5
      }
    ],
    "fluidOutputs": [],
    "outputChances": [
      10000,
      10000,
      10000,
      10000,
      10000,
      10000,
      10000,
      10000,
      10000
    ]
  },
  {
    "machine": "gtpp.recipe.chemicaldehydrator",
    "recipeType": "gt_machine",
    "euPerTick": 120,
    "duration": 240,
    "itemInputs": [
      {
        "id": "miscutils:itemDustWatertightSteel:0",
        "displayName": "Watertight Steel Dust",
        "amount": 20
      }
    ],
    "fluidInputs": [],
    "itemOutputs": [
      {
        "id": "gregtech:gt.metaitem.01:2305",
        "displayName": "Steel Dust",
        "amount": 12
      },
      {
        "id": "gregtech:gt.metaitem.01:2010",
        "displayName": "Carbon Dust",
        "amount": 2
      },
      {
        "id": "gregtech:gt.metaitem.01:2031",
        "displayName": "Manganese Dust",
        "amount": 1
      },
      {
        "id": "gregtech:gt.metaitem.01:2020",
        "displayName": "Raw Silicon Dust",
        "amount": 2
      },
      {
        "id": "gregtech:gt.metaitem.01:2021",
        "displayName": "Phosphorus Dust",
        "amount": 1
      },
      {
        "id": "gregtech:gt.metaitem.01:2022",
        "displayName": "Sulfur Dust",
        "amount": 1
      },
      {
        "id": "gregtech:gt.metaitem.01:2019",
        "displayName": "Aluminium Dust",
        "amount": 1
      }
    ],
    "fluidOutputs": [],
    "outputChances": [
      10000,
      10000,
      10000,
      10000,
      10000,
      10000,
      10000
    ]
  },
  {
    "machine": "gtpp.recipe.chemicaldehydrator",
    "recipeType": "gt_machine",
    "euPerTick": 480,
    "duration": 112,
    "itemInputs": [
      {
        "id": "miscutils:itemDustRareEarthII:0",
        "displayName": "Rare Earth (II) Dust",
        "amount": 9
      }
    ],
    "fluidInputs": [],
    "itemOutputs": [
      {
        "id": "miscutils:itemDustLanthaniteNd:0",
        "displayName": "Lanthanite (Nd) Dust",
        "amount": 1
      },
      {
        "id": "miscutils:itemDustAgarditeNd:0",
        "displayName": "Agardite (Nd) Dust",
        "amount": 1
      },
      {
        "id": "miscutils:itemDustYttriaite:0",
        "displayName": "Yttriaite Dust",
        "amount": 1
      },
      {
        "id": "miscutils:itemDustCrocoite:0",
        "displayName": "Crocoite Dust",
        "amount": 1
      },
      {
        "id": "miscutils:itemDustNichromite:0",
        "displayName": "Nichromite Dust",
        "amount": 1
      },
      {
        "id": "miscutils:itemDustZircon:0",
        "displayName": "Zircon Dust",
        "amount": 1
      },
      {
        "id": "miscutils:itemDustAncientGranite:0",
        "displayName": "Ancient Granite Dust",
        "amount": 1
      },
      {
        "id": "miscutils:itemDustBlackMetal:0",
        "displayName": "Black Metal Dust",
        "amount": 1
      },
      {
        "id": "miscutils:itemDustRunite:0",
        "displayName": "Runite Dust",
        "amount": 1
      }
    ],
    "fluidOutputs": [],
    "outputChances": [
      10000,
      10000,
      10000,
      10000,
      10000,
      10000,
      10000,
      10000,
      10000
    ]
  },
  {
    "machine": "gtpp.recipe.chemicaldehydrator",
    "recipeType": "gt_machine",
    "euPerTick": 30,
    "duration": 116,
    "itemInputs": [
      {
        "id": "miscutils:itemDustRareEarthI:0",
        "displayName": "Rare Earth (I) Dust",
        "amount": 9
      }
    ],
    "fluidInputs": [],
    "itemOutputs": [
      {
        "id": "miscutils:itemDustGreenockite:0",
        "displayName": "Greenockite Dust",
        "amount": 1
      },
      {
        "id": "miscutils:itemDustLanthaniteCe:0",
        "displayName": "Lanthanite (Ce) Dust",
        "amount": 1
      },
      {
        "id": "miscutils:itemDustAgarditeCd:0",
        "displayName": "Agardite (Cd) Dust",
        "amount": 1
      },
      {
        "id": "miscutils:itemDustYttrialite:0",
        "displayName": "Yttrialite Dust",
        "amount": 1
      },
      {
        "id": "gregtech:gt.metaitem.01:2522",
        "displayName": "Nether Quartz Dust",
        "amount": 1
      },
      {
        "id": "gregtech:gt.metaitem.01:2830",
        "displayName": "Galena Dust",
        "amount": 1
      },
      {
        "id": "gregtech:gt.metaitem.01:2855",
        "displayName": "Chalcopyrite Dust",
        "amount": 1
      },
      {
        "id": "miscutils:itemDustCryoliteF:0",
        "displayName": "Cryolite (F) Dust",
        "amount": 1
      },
      {
        "id": "gregtech:gt.metaitem.01:2045",
        "displayName": "Yttrium Dust",
        "amount": 1
      }
    ],
    "fluidOutputs": [],
    "outputChances": [
      10000,
      10000,
      10000,
      10000,
      10000,
      10000,
      10000,
      10000,
      10000
    ]
  },
  {
    "machine": "gtpp.recipe.chemicaldehydrator",
    "recipeType": "gt_machine",
    "euPerTick": 7680,
    "duration": 140,
    "itemInputs": [
      {
        "id": "miscutils:itemDustRareEarthIII:0",
        "displayName": "Rare Earth (III) Dust",
        "amount": 9
      }
    ],
    "fluidInputs": [],
    "itemOutputs": [
      {
        "id": "miscutils:itemDustGadoliniteY:0",
        "displayName": "Gadolinite (Y) Dust",
        "amount": 1
      },
      {
        "id": "miscutils:itemDustLepersonnite:0",
        "displayName": "Lepersonnite Dust",
        "amount": 1
      },
      {
        "id": "miscutils:itemDustFlorencite:0",
        "displayName": "Florencite Dust",
        "amount": 1
      },
      {
        "id": "miscutils:itemDustFluorcaphite:0",
        "displayName": "Fluorcaphite Dust",
        "amount": 1
      },
      {
        "id": "miscutils:itemDustLautarite:0",
        "displayName": "Lautarite Dust",
        "amount": 1
      },
      {
        "id": "miscutils:itemDustDemicheleiteBr:0",
        "displayName": "Demicheleite (Br) Dust",
        "amount": 1
      },
      {
        "id": "miscutils:itemDustAlburnite:0",
        "displayName": "Alburnite Dust",
        "amount": 1
      },
      {
        "id": "miscutils:itemDustSamarskiteY:0",
        "displayName": "Samarskite (Y) Dust",
        "amount": 1
      },
      {
        "id": "miscutils:itemDustAgarditeLa:0",
        "displayName": "Agardite (La) Dust",
        "amount": 1
      }
    ],
    "fluidOutputs": [],
    "outputChances": [
      10000,
      10000,
      10000,
      10000,
      10000,
      10000,
      10000,
      10000,
      10000
    ]
  },
  {
    "machine": "gtpp.recipe.chemicaldehydrator",
    "recipeType": "gt_machine",
    "euPerTick": 16,
    "duration": 728,
    "itemInputs": [
      {
        "id": "miscutils:itemDustRadioactiveMineralMix:0",
        "displayName": "Radioactive Mineral Mix Dust",
        "amount": 61
      },
      {
        "id": "IC2:itemCellEmpty:0",
        "displayName": "Empty Cell",
        "amount": 2
      }
    ],
    "fluidInputs": [],
    "itemOutputs": [
      {
        "id": "gregtech:gt.metaitem.01:30093",
        "displayName": "Radon Cell",
        "amount": 2
      },
      {
        "id": "miscutils:itemDustRadium:0",
        "displayName": "Radium Dust",
        "amount": 1
      },
      {
        "id": "gregtech:gt.metaitem.01:2097",
        "displayName": "Uranium 235 Dust",
        "amount": 1
      },
      {
        "id": "gregtech:gt.metaitem.01:2098",
        "displayName": "Uranium 238 Dust",
        "amount": 10
      },
      {
        "id": "gregtech:gt.metaitem.01:2096",
        "displayName": "Thorium Dust",
        "amount": 25
      },
      {
        "id": "bartworks:gt.bwMetaGenerateddust:30",
        "displayName": "Thorium 232 Dust",
        "amount": 4
      },
      {
        "id": "miscutils:itemDustFluorcaphite:0",
        "displayName": "Fluorcaphite Dust",
        "amount": 6
      },
      {
        "id": "miscutils:itemDustSamarskiteY:0",
        "displayName": "Samarskite (Y) Dust",
        "amount": 8
      },
      {
        "id": "miscutils:itemDustTitanite:0",
        "displayName": "Titanite Dust",
        "amount": 4
      }
    ],
    "fluidOutputs": [],
    "outputChances": [
      10000,
      10000,
      10000,
      10000,
      10000,
      10000,
      10000,
      10000,
      10000
    ]
  },
  {
    "machine": "gtpp.recipe.chemicaldehydrator",
    "recipeType": "gt_machine",
    "euPerTick": 16,
    "duration": 444,
    "itemInputs": [
      {
        "id": "miscutils:itemDustLepersonnite:0",
        "displayName": "Lepersonnite Dust",
        "amount": 63
      },
      {
        "id": "IC2:itemCellEmpty:0",
        "displayName": "Empty Cell",
        "amount": 53
      }
    ],
    "fluidInputs": [],
    "itemOutputs": [
      {
        "id": "gregtech:gt.metaitem.01:2026",
        "displayName": "Calcium Dust",
        "amount": 1
      },
      {
        "id": "gregtech:gt.metaitem.01:2077",
        "displayName": "Ytterbium Dust",
        "amount": 3
      },
      {
        "id": "gregtech:gt.metaitem.01:2071",
        "displayName": "Gadolinium Dust",
        "amount": 2
      },
      {
        "id": "gregtech:gt.metaitem.01:2073",
        "displayName": "Dysprosium Dust",
        "amount": 2
      },
      {
        "id": "gregtech:gt.metaitem.01:2097",
        "displayName": "Uranium 235 Dust",
        "amount": 2
      },
      {
        "id": "gregtech:gt.metaitem.01:30013",
        "displayName": "Oxygen Cell",
        "amount": 29
      },
      {
        "id": "gregtech:gt.metaitem.01:30001",
        "displayName": "Hydrogen Cell",
        "amount": 24
      }
    ],
    "fluidOutputs": [],
    "outputChances": [
      10000,
      10000,
      10000,
      10000,
      10000,
      10000,
      10000
    ]
  },
  {
    "machine": "gtpp.recipe.chemicaldehydrator",
    "recipeType": "gt_machine",
    "euPerTick": 16,
    "duration": 348,
    "itemInputs": [
      {
        "id": "miscutils:itemDustZimbabweite:0",
        "displayName": "Zimbabweite Dust",
        "amount": 39
      },
      {
        "id": "IC2:itemCellEmpty:0",
        "displayName": "Empty Cell",
        "amount": 18
      }
    ],
    "fluidInputs": [],
    "itemOutputs": [
      {
        "id": "gregtech:gt.metaitem.01:2026",
        "displayName": "Calcium Dust",
        "amount": 2
      },
      {
        "id": "gregtech:gt.metaitem.01:2025",
        "displayName": "Potassium Dust",
        "amount": 2
      },
      {
        "id": "gregtech:gt.metaitem.01:2089",
        "displayName": "Lead Dust",
        "amount": 1
      },
      {
        "id": "gregtech:gt.metaitem.01:2039",
        "displayName": "Arsenic Dust",
        "amount": 4
      },
      {
        "id": "gregtech:gt.metaitem.01:2047",
        "displayName": "Niobium Dust",
        "amount": 4
      },
      {
        "id": "gregtech:gt.metaitem.01:2080",
        "displayName": "Tantalum Dust",
        "amount": 4
      },
      {
        "id": "gregtech:gt.metaitem.01:2028",
        "displayName": "Titanium Dust",
        "amount": 4
      },
      {
        "id": "gregtech:gt.metaitem.01:30013",
        "displayName": "Oxygen Cell",
        "amount": 18
      }
    ],
    "fluidOutputs": [],
    "outputChances": [
      10000,
      10000,
      10000,
      10000,
      10000,
      10000,
      10000,
      10000
    ]
  },
  {
    "machine": "gtpp.recipe.chemicaldehydrator",
    "recipeType": "gt_machine",
    "euPerTick": 16,
    "duration": 408,
    "itemInputs": [
      {
        "id": "miscutils:itemDustIrarsite:0",
        "displayName": "Irarsite Dust",
        "amount": 7
      },
      {
        "id": "IC2:itemCellEmpty:0",
        "displayName": "Empty Cell",
        "amount": 1
      }
    ],
    "fluidInputs": [],
    "itemOutputs": [
      {
        "id": "bartworks:gt.bwMetaGenerateddust:70",
        "displayName": "Iridium Metal Residue Dust",
        "amount": 1
      },
      {
        "id": "bartworks:gt.bwMetaGenerateddust:60",
        "displayName": "Leach Residue Dust",
        "amount": 2
      },
      {
        "id": "bartworks:gt.bwMetaGenerateddust:79",
        "displayName": "Crude Rhodium Metal Dust",
        "amount": 2
      },
      {
        "id": "bartworks:gt.bwMetaGenerateddust:47",
        "displayName": "Platinum Metallic Powder Dust",
        "amount": 2
      },
      {
        "id": "gregtech:gt.metaitem.01:2039",
        "displayName": "Arsenic Dust",
        "amount": 1
      },
      {
        "id": "gregtech:gt.metaitem.01:2022",
        "displayName": "Sulfur Dust",
        "amount": 1
      },
      {
        "id": "gregtech:gt.metaitem.01:30013",
        "displayName": "Oxygen Cell",
        "amount": 1
      }
    ],
    "fluidOutputs": [],
    "outputChances": [
      10000,
      10000,
      10000,
      10000,
      10000,
      10000,
      10000
    ]
  },
  {
    "machine": "gtpp.recipe.chemicaldehydrator",
    "recipeType": "gt_machine",
    "euPerTick": 240,
    "duration": 12000,
    "itemInputs": [
      {
        "id": "miscutils:item.T3RecipeSelector:5",
        "displayName": "Programmed Breakthrough Circuit",
        "amount": 0
      },
      {
        "id": "miscutils:itemDustFluoriteF:0",
        "displayName": "Fluorite (F) Dust",
        "amount": 37
      }
    ],
    "fluidInputs": [
      {
        "id": "sulfuricacid",
        "displayName": "Sulfuric Acid",
        "amount": 8000
      }
    ],
    "itemOutputs": [
      {
        "id": "gregtech:gt.metaitem.01:2934",
        "displayName": "Gypsum Dust",
        "amount": 15
      },
      {
        "id": "gregtech:gt.metaitem.01:2054",
        "displayName": "Silver Dust",
        "amount": 1
      },
      {
        "id": "gregtech:gt.metaitem.01:2086",
        "displayName": "Gold Dust",
        "amount": 2
      },
      {
        "id": "gregtech:gt.metaitem.01:2057",
        "displayName": "Tin Dust",
        "amount": 1
      },
      {
        "id": "gregtech:gt.metaitem.01:2035",
        "displayName": "Copper Dust",
        "amount": 2
      }
    ],
    "fluidOutputs": [
      {
        "id": "hydrofluoricacid_gt5u",
        "displayName": "Hydrofluoric Acid",
        "amount": 16000
      }
    ],
    "outputChances": [
      10000,
      1000,
      1000,
      3000,
      2000
    ]
  },
  {
    "machine": "gtpp.recipe.chemicaldehydrator",
    "recipeType": "gt_machine",
    "euPerTick": 80,
    "duration": 2400,
    "itemInputs": [
      {
        "id": "miscutils:item.BioRecipeSelector:18",
        "displayName": "Programmed Bio Circuit",
        "amount": 0
      },
      {
        "id": "IC2:itemCellEmpty:0",
        "displayName": "Empty Cell",
        "amount": 1
      }
    ],
    "fluidInputs": [
      {
        "id": "bioethanol",
        "displayName": "Ethanol",
        "amount": 1000
      }
    ],
    "itemOutputs": [
      {
        "id": "gregtech:gt.metaitem.01:30677",
        "displayName": "Ethylene Cell",
        "amount": 1
      }
    ],
    "fluidOutputs": [
      {
        "id": "water",
        "displayName": "Water",
        "amount": 1000
      }
    ]
  },
  {
    "machine": "gtpp.recipe.chemicaldehydrator",
    "recipeType": "gt_machine",
    "euPerTick": 90,
    "duration": 200,
    "itemInputs": [
      {
        "id": "gregtech:gt.metaitem.01:30647",
        "displayName": "Toluene Cell",
        "amount": 1
      }
    ],
    "fluidInputs": [
      {
        "id": "hydrogen",
        "displayName": "Hydrogen Gas",
        "amount": 2000
      }
    ],
    "itemOutputs": [
      {
        "id": "gregtech:gt.metaitem.01:30686",
        "displayName": "Benzene Cell",
        "amount": 1
      }
    ],
    "fluidOutputs": [
      {
        "id": "methane",
        "displayName": "Methane Gas",
        "amount": 1000
      }
    ]
  },
  {
    "machine": "gtpp.recipe.chemicaldehydrator",
    "recipeType": "gt_machine",
    "euPerTick": 120,
    "duration": 1200,
    "itemInputs": [
      {
        "id": "miscutils:item.BioRecipeSelector:15",
        "displayName": "Programmed Bio Circuit",
        "amount": 0
      }
    ],
    "fluidInputs": [
      {
        "id": "phtalicacid",
        "displayName": "Phthalic Acid",
        "amount": 1000
      }
    ],
    "itemOutputs": [
      {
        "id": "miscutils:itemDustPhthalicAnhydride:0",
        "displayName": "Phthalic Anhydride Dust",
        "amount": 15
      }
    ],
    "fluidOutputs": []
  },
  {
    "machine": "gtpp.recipe.chemicaldehydrator",
    "recipeType": "gt_machine",
    "euPerTick": 480,
    "duration": 1800,
    "itemInputs": [
      {
        "id": "gregtech:gt.integrated_circuit:8",
        "displayName": "Programmed Circuit",
        "amount": 0
      }
    ],
    "fluidInputs": [
      {
        "id": "fluid.ammoniumnitrateslurry",
        "displayName": "Hydrated Ammonium Nitrate Slurry",
        "amount": 1152
      }
    ],
    "itemOutputs": [
      {
        "id": "miscutils:itemDustAmmoniumNitrate:0",
        "displayName": "Ammonium Nitrate Dust",
        "amount": 8
      }
    ],
    "fluidOutputs": [
      {
        "id": "water",
        "displayName": "Water",
        "amount": 2000
      }
    ]
  },
  {
    "machine": "gtpp.recipe.chemicaldehydrator",
    "recipeType": "gt_machine",
    "euPerTick": 240,
    "duration": 400,
    "itemInputs": [
      {
        "id": "gregtech:gt.integrated_circuit:11",
        "displayName": "Programmed Circuit",
        "amount": 0
      },
      {
        "id": "miscutils:itemDustOrganicFertilizer:0",
        "displayName": "Organic Fertilizer Dust",
        "amount": 4
      }
    ],
    "fluidInputs": [],
    "itemOutputs": [
      {
        "id": "Forestry:fertilizerCompound:0",
        "displayName": "Fertilizer",
        "amount": 3
      },
      {
        "id": "miscutils:itemDustManureByproducts:0",
        "displayName": "Manure Byproduct Dust",
        "amount": 1
      },
      {
        "id": "miscutils:itemDustManureByproducts:0",
        "displayName": "Manure Byproduct Dust",
        "amount": 1
      }
    ],
    "fluidOutputs": [],
    "outputChances": [
      10000,
      2000,
      2000
    ]
  },
  {
    "machine": "gtpp.recipe.chemicaldehydrator",
    "recipeType": "gt_machine",
    "euPerTick": 240,
    "duration": 400,
    "itemInputs": [
      {
        "id": "gregtech:gt.integrated_circuit:12",
        "displayName": "Programmed Circuit",
        "amount": 0
      },
      {
        "id": "miscutils:itemDustOrganicFertilizer:0",
        "displayName": "Organic Fertilizer Dust",
        "amount": 4
      }
    ],
    "fluidInputs": [],
    "itemOutputs": [
      {
        "id": "IC2:itemFertilizer:0",
        "displayName": "Fertilizer",
        "amount": 3
      },
      {
        "id": "miscutils:itemDustManureByproducts:0",
        "displayName": "Manure Byproduct Dust",
        "amount": 1
      },
      {
        "id": "miscutils:itemDustManureByproducts:0",
        "displayName": "Manure Byproduct Dust",
        "amount": 1
      }
    ],
    "fluidOutputs": [],
    "outputChances": [
      10000,
      2000,
      2000
    ]
  },
  {
    "machine": "gtpp.recipe.chemicaldehydrator",
    "recipeType": "gt_machine",
    "euPerTick": 16,
    "duration": 1200,
    "itemInputs": [
      {
        "id": "miscutils:item.BioRecipeSelector:14",
        "displayName": "Programmed Bio Circuit",
        "amount": 0
      }
    ],
    "fluidInputs": [
      {
        "id": "fermentation.base",
        "displayName": "Fermentation Base",
        "amount": 1000
      }
    ],
    "itemOutputs": [
      {
        "id": "miscutils:item.BasicAgrichemItem:8",
        "displayName": "Compost",
        "amount": 2
      }
    ],
    "fluidOutputs": [
      {
        "id": "aceticacid",
        "displayName": "Acetic Acid",
        "amount": 1000
      }
    ]
  },
  {
    "machine": "gtpp.recipe.chemicaldehydrator",
    "recipeType": "gt_machine",
    "euPerTick": 120,
    "duration": 2000,
    "itemInputs": [
      {
        "id": "miscutils:itemDustLithiumHydroperoxide:0",
        "displayName": "Lithium Hydroperoxide Dust",
        "amount": 8
      }
    ],
    "fluidInputs": [],
    "itemOutputs": [
      {
        "id": "miscutils:itemDustLithiumPeroxide:0",
        "displayName": "Lithium Peroxide Dust",
        "amount": 4
      }
    ],
    "fluidOutputs": [
      {
        "id": "fluid.hydrogenperoxide",
        "displayName": "Hydrogen Peroxide",
        "amount": 1000
      }
    ]
  },
  {
    "machine": "gtpp.recipe.chemicaldehydrator",
    "recipeType": "gt_machine",
    "euPerTick": 30,
    "duration": 100,
    "itemInputs": [
      {
        "id": "harvestcraft:tealeafItem:0",
        "displayName": "Tea Leaf",
        "amount": 1
      }
    ],
    "fluidInputs": [],
    "itemOutputs": [
      {
        "id": "kubatech:kubaitems:29",
        "displayName": "Dehydrated Tea Leaf",
        "amount": 1
      }
    ],
    "fluidOutputs": []
  },
  {
    "machine": "gtpp.recipe.chemicaldehydrator",
    "recipeType": "gt_machine",
    "euPerTick": 30,
    "duration": 100,
    "itemInputs": [
      {
        "id": "kubatech:kubaitems:29",
        "displayName": "Dehydrated Tea Leaf",
        "amount": 1
      }
    ],
    "fluidInputs": [],
    "itemOutputs": [
      {
        "id": "kubatech:kubaitems:27",
        "displayName": "White Tea Leaf",
        "amount": 1
      }
    ],
    "fluidOutputs": []
  },
  {
    "machine": "gtpp.recipe.chemicaldehydrator",
    "recipeType": "gt_machine",
    "euPerTick": 30,
    "duration": 100,
    "itemInputs": [
      {
        "id": "kubatech:kubaitems:30",
        "displayName": "Steamed Tea Leaf",
        "amount": 1
      }
    ],
    "fluidInputs": [],
    "itemOutputs": [
      {
        "id": "kubatech:kubaitems:28",
        "displayName": "Yellow Tea Leaf",
        "amount": 1
      }
    ],
    "fluidOutputs": []
  },
  {
    "machine": "gtpp.recipe.chemicaldehydrator",
    "recipeType": "gt_machine",
    "euPerTick": 30,
    "duration": 100,
    "itemInputs": [
      {
        "id": "kubatech:kubaitems:31",
        "displayName": "Rolled Tea Leaf",
        "amount": 1
      }
    ],
    "fluidInputs": [],
    "itemOutputs": [
      {
        "id": "kubatech:kubaitems:24",
        "displayName": "Green Tea Leaf",
        "amount": 1
      }
    ],
    "fluidOutputs": []
  },
  {
    "machine": "gtpp.recipe.chemicaldehydrator",
    "recipeType": "gt_machine",
    "euPerTick": 30,
    "duration": 100,
    "itemInputs": [
      {
        "id": "kubatech:kubaitems:32",
        "displayName": "Oxidized Tea Leaf",
        "amount": 1
      }
    ],
    "fluidInputs": [],
    "itemOutputs": [
      {
        "id": "kubatech:kubaitems:23",
        "displayName": "Black Tea Leaf",
        "amount": 1
      }
    ],
    "fluidOutputs": []
  },
  {
    "machine": "gtpp.recipe.chemicaldehydrator",
    "recipeType": "gt_machine",
    "euPerTick": 30,
    "duration": 100,
    "itemInputs": [
      {
        "id": "kubatech:kubaitems:33",
        "displayName": "Fermented Tea Leaf",
        "amount": 1
      }
    ],
    "fluidInputs": [],
    "itemOutputs": [
      {
        "id": "kubatech:kubaitems:26",
        "displayName": "Pu-erh Tea Leaf",
        "amount": 1
      }
    ],
    "fluidOutputs": []
  },
  {
    "machine": "gtpp.recipe.chemicaldehydrator",
    "recipeType": "gt_machine",
    "euPerTick": 30,
    "duration": 100,
    "itemInputs": [
      {
        "id": "kubatech:kubaitems:35",
        "displayName": "Partially Oxidized Tea Leaf",
        "amount": 1
      }
    ],
    "fluidInputs": [],
    "itemOutputs": [
      {
        "id": "kubatech:kubaitems:25",
        "displayName": "Oolong Tea Leaf",
        "amount": 1
      }
    ],
    "fluidOutputs": []
  },
  {
    "machine": "gtpp.recipe.chemicaldehydrator",
    "recipeType": "gt_machine",
    "euPerTick": 30,
    "duration": 2400,
    "itemInputs": [
      {
        "id": "dreamcraft:item.MushroomPowder:0",
        "displayName": "Mushroom Powder",
        "amount": 1
      },
      {
        "id": "gregtech:gt.integrated_circuit:16",
        "displayName": "Programmed Circuit",
        "amount": 0
      }
    ],
    "fluidInputs": [],
    "itemOutputs": [
      {
        "id": "BiomesOPlenty:food:1",
        "displayName": "Shroom Powder",
        "amount": 1
      }
    ],
    "fluidOutputs": []
  },
  {
    "machine": "gtpp.recipe.chemicaldehydrator",
    "recipeType": "gt_machine",
    "euPerTick": 30,
    "duration": 2400,
    "itemInputs": [
      {
        "id": "BiomesOPlenty:hive:3",
        "displayName": "Filled Honeycomb Block",
        "amount": 1
      },
      {
        "id": "gregtech:gt.integrated_circuit:16",
        "displayName": "Programmed Circuit",
        "amount": 0
      }
    ],
    "fluidInputs": [],
    "itemOutputs": [
      {
        "id": "BiomesOPlenty:hive:2",
        "displayName": "Empty Honeycomb Block",
        "amount": 1
      }
    ],
    "fluidOutputs": []
  },
  {
    "machine": "gtpp.recipe.chemicaldehydrator",
    "recipeType": "gt_machine",
    "euPerTick": 30,
    "duration": 300,
    "itemInputs": [
      {
        "id": "Railcraft:cube:0",
        "displayName": "Block of Coal Coke",
        "amount": 1
      },
      {
        "id": "gregtech:gt.integrated_circuit:11",
        "displayName": "Programmed Circuit",
        "amount": 0
      }
    ],
    "fluidInputs": [],
    "itemOutputs": [
      {
        "id": "BiomesOPlenty:misc:1",
        "displayName": "Pile of Ashes",
        "amount": 1
      }
    ],
    "fluidOutputs": []
  },
  {
    "machine": "gtpp.recipe.chemicaldehydrator",
    "recipeType": "gt_machine",
    "euPerTick": 30,
    "duration": 2400,
    "itemInputs": [
      {
        "id": "TConstruct:strangeFood:1",
        "displayName": "Coagulated Blood",
        "amount": 1
      },
      {
        "id": "gregtech:gt.integrated_circuit:16",
        "displayName": "Programmed Circuit",
        "amount": 0
      }
    ],
    "fluidInputs": [],
    "itemOutputs": [
      {
        "id": "TConstruct:jerky:7",
        "displayName": "Coagulated Blood Drop",
        "amount": 1
      }
    ],
    "fluidOutputs": []
  },
  {
    "machine": "gtpp.recipe.chemicaldehydrator",
    "recipeType": "gt_machine",
    "euPerTick": 30,
    "duration": 2400,
    "itemInputs": [
      {
        "id": "TConstruct:strangeFood:0",
        "displayName": "Gelatinous Slime",
        "amount": 1
      },
      {
        "id": "gregtech:gt.integrated_circuit:16",
        "displayName": "Programmed Circuit",
        "amount": 0
      }
    ],
    "fluidInputs": [],
    "itemOutputs": [
      {
        "id": "TConstruct:jerky:6",
        "displayName": "Gelatinous Slime Drop",
        "amount": 1
      }
    ],
    "fluidOutputs": []
  },
  {
    "machine": "gtpp.recipe.chemicaldehydrator",
    "recipeType": "gt_machine",
    "euPerTick": 30,
    "duration": 2400,
    "itemInputs": [
      {
        "id": "harvestcraft:muttonrawItem:0",
        "displayName": "Raw Mutton",
        "amount": 1
      },
      {
        "id": "gregtech:gt.integrated_circuit:16",
        "displayName": "Programmed Circuit",
        "amount": 0
      }
    ],
    "fluidInputs": [],
    "itemOutputs": [
      {
        "id": "TConstruct:jerky:3",
        "displayName": "Mutton Jerky",
        "amount": 1
      }
    ],
    "fluidOutputs": []
  },
  {
    "machine": "gtpp.recipe.chemicaldehydrator",
    "recipeType": "gt_machine",
    "euPerTick": 30,
    "duration": 2400,
    "itemInputs": [
      {
        "id": "dreamcraft:item.SnowQueenBlood:0",
        "displayName": "Snow Queen Blood",
        "amount": 16
      },
      {
        "id": "gregtech:gt.integrated_circuit:16",
        "displayName": "Programmed Circuit",
        "amount": 0
      }
    ],
    "fluidInputs": [],
    "itemOutputs": [
      {
        "id": "TConstruct:strangeFood:1",
        "displayName": "Coagulated Blood",
        "amount": 16
      }
    ],
    "fluidOutputs": []
  },
  {
    "machine": "gtpp.recipe.chemicaldehydrator",
    "recipeType": "gt_machine",
    "euPerTick": 30,
    "duration": 2400,
    "itemInputs": [
      {
        "id": "Thaumcraft:ItemZombieBrain:0",
        "displayName": "Zombie Brain",
        "amount": 1
      },
      {
        "id": "gregtech:gt.integrated_circuit:16",
        "displayName": "Programmed Circuit",
        "amount": 0
      }
    ],
    "fluidInputs": [],
    "itemOutputs": [
      {
        "id": "WitchingGadgets:item.WG_MagicFood:2",
        "displayName": "Brain Jerky",
        "amount": 1
      }
    ],
    "fluidOutputs": []
  },
  {
    "machine": "gtpp.recipe.chemicaldehydrator",
    "recipeType": "gt_machine",
    "euPerTick": 16,
    "duration": 216,
    "itemInputs": [
      {
        "id": "miscutils:itemDustCerite:0",
        "displayName": "Cerite Dust",
        "amount": 64
      },
      {
        "id": "IC2:itemCellEmpty:0",
        "displayName": "Empty Cell",
        "amount": 24
      }
    ],
    "fluidInputs": [],
    "itemOutputs": [
      {
        "id": "bartworks:gt.bwMetaGenerateddust:11029",
        "displayName": "Cerium-Rich Mixture Dust",
        "amount": 9
      },
      {
        "id": "gregtech:gt.metaitem.01:2064",
        "displayName": "Lanthanum Dust",
        "amount": 9
      },
      {
        "id": "gregtech:gt.metaitem.01:2026",
        "displayName": "Calcium Dust",
        "amount": 9
      },
      {
        "id": "gregtech:gt.metaitem.01:2018",
        "displayName": "Magnesium Dust",
        "amount": 3
      },
      {
        "id": "gregtech:gt.metaitem.01:2032",
        "displayName": "Iron Dust",
        "amount": 3
      },
      {
        "id": "gregtech:gt.metaitem.01:2020",
        "displayName": "Raw Silicon Dust",
        "amount": 7
      },
      {
        "id": "gregtech:gt.metaitem.01:30013",
        "displayName": "Oxygen Cell",
        "amount": 20
      },
      {
        "id": "gregtech:gt.metaitem.01:30001",
        "displayName": "Hydrogen Cell",
        "amount": 4
      }
    ],
    "fluidOutputs": [],
    "outputChances": [
      10000,
      10000,
      10000,
      10000,
      10000,
      10000,
      10000,
      10000
    ]
  },
  {
    "machine": "gtpp.recipe.chemicaldehydrator",
    "recipeType": "gt_machine",
    "euPerTick": 16,
    "duration": 392,
    "itemInputs": [
      {
        "id": "miscutils:itemDustGadoliniteCe:0",
        "displayName": "Gadolinite (Ce) Dust",
        "amount": 36
      },
      {
        "id": "IC2:itemCellEmpty:0",
        "displayName": "Empty Cell",
        "amount": 14
      }
    ],
    "fluidInputs": [],
    "itemOutputs": [
      {
        "id": "bartworks:gt.bwMetaGenerateddust:11029",
        "displayName": "Cerium-Rich Mixture Dust",
        "amount": 4
      },
      {
        "id": "gregtech:gt.metaitem.01:2075",
        "displayName": "Erbium Dust",
        "amount": 2
      },
      {
        "id": "gregtech:gt.metaitem.01:2064",
        "displayName": "Lanthanum Dust",
        "amount": 2
      },
      {
        "id": "gregtech:gt.metaitem.01:2067",
        "displayName": "Neodymium Dust",
        "amount": 2
      },
      {
        "id": "gregtech:gt.metaitem.01:2045",
        "displayName": "Yttrium Dust",
        "amount": 2
      },
      {
        "id": "gregtech:gt.metaitem.01:2071",
        "displayName": "Gadolinium Dust",
        "amount": 1
      },
      {
        "id": "gregtech:gt.metaitem.01:2008",
        "displayName": "Beryllium Dust",
        "amount": 2
      },
      {
        "id": "gregtech:gt.metaitem.01:2020",
        "displayName": "Raw Silicon Dust",
        "amount": 7
      },
      {
        "id": "gregtech:gt.metaitem.01:30013",
        "displayName": "Oxygen Cell",
        "amount": 14
      }
    ],
    "fluidOutputs": [],
    "outputChances": [
      10000,
      10000,
      10000,
      10000,
      10000,
      10000,
      10000,
      10000,
      10000
    ]
  },
  {
    "machine": "gtpp.recipe.chemicaldehydrator",
    "recipeType": "gt_machine",
    "euPerTick": 16,
    "duration": 476,
    "itemInputs": [
      {
        "id": "miscutils:itemDustPolycrase:0",
        "displayName": "Polycrase Dust",
        "amount": 17
      },
      {
        "id": "IC2:itemCellEmpty:0",
        "displayName": "Empty Cell",
        "amount": 6
      }
    ],
    "fluidInputs": [],
    "itemOutputs": [
      {
        "id": "gregtech:gt.metaitem.01:2045",
        "displayName": "Yttrium Dust",
        "amount": 1
      },
      {
        "id": "gregtech:gt.metaitem.01:2026",
        "displayName": "Calcium Dust",
        "amount": 1
      },
      {
        "id": "bartworks:gt.bwMetaGenerateddust:11029",
        "displayName": "Cerium-Rich Mixture Dust",
        "amount": 1
      },
      {
        "id": "gregtech:gt.metaitem.01:2097",
        "displayName": "Uranium 235 Dust",
        "amount": 1
      },
      {
        "id": "gregtech:gt.metaitem.01:2096",
        "displayName": "Thorium Dust",
        "amount": 1
      },
      {
        "id": "gregtech:gt.metaitem.01:2028",
        "displayName": "Titanium Dust",
        "amount": 2
      },
      {
        "id": "gregtech:gt.metaitem.01:2047",
        "displayName": "Niobium Dust",
        "amount": 2
      },
      {
        "id": "gregtech:gt.metaitem.01:2080",
        "displayName": "Tantalum Dust",
        "amount": 2
      },
      {
        "id": "gregtech:gt.metaitem.01:30013",
        "displayName": "Oxygen Cell",
        "amount": 6
      }
    ],
    "fluidOutputs": [],
    "outputChances": [
      10000,
      10000,
      10000,
      10000,
      10000,
      10000,
      10000,
      10000,
      10000
    ]
  },
  {
    "machine": "gtpp.recipe.chemicaldehydrator",
    "recipeType": "gt_machine",
    "euPerTick": 16,
    "duration": 372,
    "itemInputs": [
      {
        "id": "miscutils:itemDustZirkelite:0",
        "displayName": "Zirkelite Dust",
        "amount": 15
      },
      {
        "id": "IC2:itemCellEmpty:0",
        "displayName": "Empty Cell",
        "amount": 7
      }
    ],
    "fluidInputs": [],
    "itemOutputs": [
      {
        "id": "gregtech:gt.metaitem.01:2026",
        "displayName": "Calcium Dust",
        "amount": 1
      },
      {
        "id": "gregtech:gt.metaitem.01:2096",
        "displayName": "Thorium Dust",
        "amount": 1
      },
      {
        "id": "bartworks:gt.bwMetaGenerateddust:11029",
        "displayName": "Cerium-Rich Mixture Dust",
        "amount": 1
      },
      {
        "id": "bartworks:gt.bwMetaGenerateddust:3",
        "displayName": "Zirconium Dust",
        "amount": 1
      },
      {
        "id": "gregtech:gt.metaitem.01:2028",
        "displayName": "Titanium Dust",
        "amount": 2
      },
      {
        "id": "gregtech:gt.metaitem.01:2047",
        "displayName": "Niobium Dust",
        "amount": 2
      },
      {
        "id": "gregtech:gt.metaitem.01:30013",
        "displayName": "Oxygen Cell",
        "amount": 7
      }
    ],
    "fluidOutputs": [],
    "outputChances": [
      10000,
      10000,
      10000,
      10000,
      10000,
      10000,
      10000
    ]
  },
  {
    "machine": "gtpp.recipe.chemicaldehydrator",
    "recipeType": "gt_machine",
    "euPerTick": 16,
    "duration": 392,
    "itemInputs": [
      {
        "id": "miscutils:itemDustGadoliniteY:0",
        "displayName": "Gadolinite (Y) Dust",
        "amount": 30
      },
      {
        "id": "IC2:itemCellEmpty:0",
        "displayName": "Empty Cell",
        "amount": 9
      }
    ],
    "fluidInputs": [],
    "itemOutputs": [
      {
        "id": "bartworks:gt.bwMetaGenerateddust:11029",
        "displayName": "Cerium-Rich Mixture Dust",
        "amount": 2
      },
      {
        "id": "gregtech:gt.metaitem.01:2075",
        "displayName": "Erbium Dust",
        "amount": 2
      },
      {
        "id": "gregtech:gt.metaitem.01:2064",
        "displayName": "Lanthanum Dust",
        "amount": 2
      },
      {
        "id": "gregtech:gt.metaitem.01:2067",
        "displayName": "Neodymium Dust",
        "amount": 2
      },
      {
        "id": "gregtech:gt.metaitem.01:2045",
        "displayName": "Yttrium Dust",
        "amount": 4
      },
      {
        "id": "gregtech:gt.metaitem.01:2071",
        "displayName": "Gadolinium Dust",
        "amount": 2
      },
      {
        "id": "gregtech:gt.metaitem.01:2008",
        "displayName": "Beryllium Dust",
        "amount": 3
      },
      {
        "id": "gregtech:gt.metaitem.01:2020",
        "displayName": "Raw Silicon Dust",
        "amount": 4
      },
      {
        "id": "gregtech:gt.metaitem.01:30013",
        "displayName": "Oxygen Cell",
        "amount": 9
      }
    ],
    "fluidOutputs": [],
    "outputChances": [
      10000,
      10000,
      10000,
      10000,
      10000,
      10000,
      10000,
      10000,
      10000
    ]
  },
  {
    "machine": "gtpp.recipe.chemicaldehydrator",
    "recipeType": "gt_machine",
    "euPerTick": 16,
    "duration": 176,
    "itemInputs": [
      {
        "id": "miscutils:itemDustFluorcaphite:0",
        "displayName": "Fluorcaphite Dust",
        "amount": 41
      },
      {
        "id": "IC2:itemCellEmpty:0",
        "displayName": "Empty Cell",
        "amount": 23
      }
    ],
    "fluidInputs": [],
    "itemOutputs": [
      {
        "id": "gregtech:gt.metaitem.01:2026",
        "displayName": "Calcium Dust",
        "amount": 5
      },
      {
        "id": "miscutils:itemDustStrontiumOxide:0",
        "displayName": "Strontium Oxide Dust",
        "amount": 5
      },
      {
        "id": "bartworks:gt.bwMetaGenerateddust:11029",
        "displayName": "Cerium-Rich Mixture Dust",
        "amount": 5
      },
      {
        "id": "gregtech:gt.metaitem.01:30017",
        "displayName": "Sodium Cell",
        "amount": 5
      },
      {
        "id": "gregtech:gt.metaitem.01:2021",
        "displayName": "Phosphorus Dust",
        "amount": 3
      },
      {
        "id": "gregtech:gt.metaitem.01:30013",
        "displayName": "Oxygen Cell",
        "amount": 12
      },
      {
        "id": "gregtech:gt.metaitem.01:30014",
        "displayName": "Fluorine Cell",
        "amount": 6
      }
    ],
    "fluidOutputs": [],
    "outputChances": [
      10000,
      10000,
      10000,
      10000,
      10000,
      10000,
      10000
    ]
  }
]