[
  {
    "machine": "gtpp.recipe.vacfurnace",
    "recipeType": "gt_machine",
    "euPerTick": 30720,
    "duration": 2400,
    "specialValue": 5500,
    "itemInputs": [
      {
        "id": "gregtech:gt.integrated_circuit:12",
        "displayName": "Programmed Circuit",
        "amount": 0
      },
      {
        "id": "gregtech:gt.comb:159",
        "displayName": "Indium Comb",
        "amount": 64
      },
      {
        "id": "gregtech:gt.comb:159",
        "displayName": "Indium Comb",
        "amount": 64
      },
      {
        "id": "gregtech:gt.comb:159",
        "displayName": "Indium Comb",
        "amount": 64
      },
      {
        "id": "gregtech:gt.comb:159",
        "displayName": "Indium Comb",
        "amount": 64
      }
    ],
    "fluidInputs": [
      {
        "id": "froth.zincflotation",
        "displayName": "Sphalerite Froth",
        "amount": 4000
      }
    ],
    "itemOutputs": [
      {
        "id": "gregtech:gt.metaitem.01:2036",
        "displayName": "Zinc Dust",
        "amount": 64
      },
      {
        "id": "gregtech:gt.metaitem.01:2036",
        "displayName": "Zinc Dust",
        "amount": 64
      },
      {
        "id": "gregtech:gt.metaitem.01:2036",
        "displayName": "Zinc Dust",
        "amount": 52
      },
      {
        "id": "gregtech:gt.metaitem.01:2032",
        "displayName": "Iron Dust",
        "amount": 64
      },
      {
        "id": "gregtech:gt.metaitem.01:2032",
        "displayName": "Iron Dust",
        "amount": 56
      },
      {
        "id": "gregtech:gt.metaitem.01:2056",
        "displayName": "Indium Dust",
        "amount": 64
      },
      {
        "id": "gregtech:gt.metaitem.01:2056",
        "displayName": "Indium Dust",
        "amount": 64
      },
      {
        "id": "gregtech:gt.metaitem.01:2056",
        "displayName": "Indium Dust",
        "amount": 64
      },
      {
        "id": "miscutils:itemDustGermanium:0",
        "displayName": "Germanium Dust",
        "amount": 15
      }
    ],
    "fluidOutputs": [
      {
        "id": "mud.red.slurry",
        "displayName": "Red Mud Slurry",
        "amount": 2000
      },
      {
        "id": "water",
        "displayName": "Water",
        "amount": 2000
      }
    ]
  },
  {
    "machine": "gtpp.recipe.vacfurnace",
    "recipeType": "gt_machine",
    "euPerTick": 7680,
    "duration": 2400,
    "specialValue": 4500,
    "itemInputs": [
      {
        "id": "gregtech:gt.integrated_circuit:13",
        "displayName": "Programmed Circuit",
        "amount": 0
      },
      {
        "id": "gregtech:gt.comb:159",
        "displayName": "Indium Comb",
        "amount": 40
      }
    ],
    "fluidInputs": [
      {
        "id": "froth.copperflotation",
        "displayName": "Chalcopyrite Froth",
        "amount": 4000
      }
    ],
    "itemOutputs": [
      {
        "id": "gregtech:gt.metaitem.01:2035",
        "displayName": "Copper Dust",
        "amount": 64
      },
      {
        "id": "gregtech:gt.metaitem.01:2035",
        "displayName": "Copper Dust",
        "amount": 64
      },
      {
        "id": "gregtech:gt.metaitem.01:2035",
        "displayName": "Copper Dust",
        "amount": 52
      },
      {
        "id": "gregtech:gt.metaitem.01:2032",
        "displayName": "Iron Dust",
        "amount": 64
      },
      {
        "id": "gregtech:gt.metaitem.01:2032",
        "displayName": "Iron Dust",
        "amount": 56
      },
      {
        "id": "gregtech:gt.metaitem.01:2055",
        "displayName": "Cadmium Dust",
        "amount": 50
      },
      {
        "id": "gregtech:gt.metaitem.01:2056",
        "displayName": "Indium Dust",
        "amount": 30
      }
    ],
    "fluidOutputs": [
      {
        "id": "mud.red.slurry",
        "displayName": "Red Mud Slurry",
        "amount": 2000
      },
      {
        "id": "water",
        "displayName": "Water",
        "amount": 2000
      }
    ]
  },
  {
    "machine": "gtpp.recipe.vacfurnace",
    "recipeType": "gt_machine",
    "euPerTick": 1966080,
    "duration": 100,
    "specialValue": 9100,
    "itemInputs": [
      {
        "id": "bartworks:gt.bwMetaGenerateddust:11499",
        "displayName": "Cerium-doped Lutetium Aluminium Garnet (Ce:LuAG) Dust",
        "amount": 1
      }
    ],
    "fluidInputs": [
      {
        "id": "molten.cerium-doped lutetium aluminium oxygen blend",
        "displayName": "Molten Cerium-doped Lutetium Aluminium Oxygen Blend",
        "amount": 108
      }
    ],
    "itemOutputs": [
      {
        "id": "bartworks:gt.bwMetaGeneratedgemExquisite:11499",
        "displayName": "Exquisite Cerium-doped Lutetium Aluminium Garnet (Ce:LuAG)",
        "amount": 1
      }
    ],
    "fluidOutputs": []
  },
  {
    "machine": "gtpp.recipe.vacfurnace",
    "recipeType": "gt_machine",
    "euPerTick": 30720,
    "duration": 2400,
    "specialValue": 5500,
    "itemInputs": [
      {
        "id": "gregtech:gt.integrated_circuit:1",
        "displayName": "Programmed Circuit",
        "amount": 0
      }
    ],
    "fluidInputs": [
      {
        "id": "froth.zincflotation",
        "displayName": "Sphalerite Froth",
        "amount": 4000
      }
    ],
    "itemOutputs": [
      {
        "id": "gregtech:gt.metaitem.01:2036",
        "displayName": "Zinc Dust",
        "amount": 64
      },
      {
        "id": "gregtech:gt.metaitem.01:2036",
        "displayName": "Zinc Dust",
        "amount": 64
      },
      {
        "id": "gregtech:gt.metaitem.01:2036",
        "displayName": "Zinc Dust",
        "amount": 52
      },
      {
        "id": "gregtech:gt.metaitem.01:2032",
        "displayName": "Iron Dust",
        "amount": 64
      },
      {
        "id": "gregtech:gt.metaitem.01:2032",
        "displayName": "Iron Dust",
        "amount": 56
      },
      {
        "id": "gregtech:gt.metaitem.01:2056",
        "displayName": "Indium Dust",
        "amount": 64
      },
      {
        "id": "miscutils:itemDustGermanium:0",
        "displayName": "Germanium Dust",
        "amount": 15
      }
    ],
    "fluidOutputs": [
      {
        "id": "mud.red.slurry",
        "displayName": "Red Mud Slurry",
        "amount": 2000
      },
      {
        "id": "water",
        "displayName": "Water",
        "amount": 2000
      }
    ]
  },
  {
    "machine": "gtpp.recipe.vacfurnace",
    "recipeType": "gt_machine",
    "euPerTick": 7680,
    "duration": 2400,
    "specialValue": 4500,
    "itemInputs": [
      {
        "id": "gregtech:gt.integrated_circuit:2",
        "displayName": "Programmed Circuit",
        "amount": 0
      }
    ],
    "fluidInputs": [
      {
        "id": "froth.copperflotation",
        "displayName": "Chalcopyrite Froth",
        "amount": 4000
      }
    ],
    "itemOutputs": [
      {
        "id": "gregtech:gt.metaitem.01:2035",
        "displayName": "Copper Dust",
        "amount": 64
      },
      {
        "id": "gregtech:gt.metaitem.01:2035",
        "displayName": "Copper Dust",
        "amount": 64
      },
      {
        "id": "gregtech:gt.metaitem.01:2035",
        "displayName": "Copper Dust",
        "amount": 52
      },
      {
        "id": "gregtech:gt.metaitem.01:2032",
        "displayName": "Iron Dust",
        "amount": 64
      },
      {
        "id": "gregtech:gt.metaitem.01:2032",
        "displayName": "Iron Dust",
        "amount": 56
      },
      {
        "id": "gregtech:gt.metaitem.01:2055",
        "displayName": "Cadmium Dust",
        "amount": 50
      },
      {
        "id": "gregtech:gt.metaitem.01:2056",
        "displayName": "Indium Dust",
        "amount": 10
      }
    ],
    "fluidOutputs": [
      {
        "id": "mud.red.slurry",
        "displayName": "Red Mud Slurry",
        "amount": 2000
      },
      {
        "id": "water",
        "displayName": "Water",
        "amount": 2000
      }
    ]
  },
  {
    "machine": "gtpp.recipe.vacfurnace",
    "recipeType": "gt_machine",
    "euPerTick": 7680,
    "duration": 2400,
    "specialValue": 4500,
    "itemInputs": [
      {
        "id": "gregtech:gt.integrated_circuit:3",
        "displayName": "Programmed Circuit",
        "amount": 0
      }
    ],
    "fluidInputs": [
      {
        "id": "froth.nickelflotation",
        "displayName": "Nickel Froth",
        "amount": 4000
      }
    ],
    "itemOutputs": [
      {
        "id": "gregtech:gt.metaitem.01:2034",
        "displayName": "Nickel Dust",
        "amount": 64
      },
      {
        "id": "gregtech:gt.metaitem.01:2034",
        "displayName": "Nickel Dust",
        "amount": 64
      },
      {
        "id": "gregtech:gt.metaitem.01:2034",
        "displayName": "Nickel Dust",
        "amount": 22
      },
      {
        "id": "gregtech:gt.metaitem.01:2033",
        "displayName": "Cobalt Dust",
        "amount": 64
      },
      {
        "id": "gregtech:gt.metaitem.01:2033",
        "displayName": "Cobalt Dust",
        "amount": 56
      },
      {
        "id": "bartworks:gt.bwMetaGenerateddust:78",
        "displayName": "Rhodium Dust",
        "amount": 32
      },
      {
        "id": "bartworks:gt.bwMetaGenerateddust:64",
        "displayName": "Ruthenium Dust",
        "amount": 16
      }
    ],
    "fluidOutputs": [
      {
        "id": "mud.red.slurry",
        "displayName": "Red Mud Slurry",
        "amount": 2000
      },
      {
        "id": "water",
        "displayName": "Water",
        "amount": 2000
      }
    ]
  },
  {
    "machine": "gtpp.recipe.vacfurnace",
    "recipeType": "gt_machine",
    "euPerTick": 30720,
    "duration": 2400,
    "specialValue": 5500,
    "itemInputs": [
      {
        "id": "gregtech:gt.integrated_circuit:4",
        "displayName": "Programmed Circuit",
        "amount": 0
      }
    ],
    "fluidInputs": [
      {
        "id": "froth.platinumflotation",
        "displayName": "Platinum Froth",
        "amount": 4000
      }
    ],
    "itemOutputs": [
      {
        "id": "bartworks:gt.bwMetaGenerateddust:47",
        "displayName": "Platinum Metallic Powder Dust",
        "amount": 64
      },
      {
        "id": "bartworks:gt.bwMetaGenerateddust:47",
        "displayName": "Platinum Metallic Powder Dust",
        "amount": 64
      },
      {
        "id": "bartworks:gt.bwMetaGenerateddust:78",
        "displayName": "Rhodium Dust",
        "amount": 60
      },
      {
        "id": "miscutils:itemDustSelenium:0",
        "displayName": "Selenium Dust",
        "amount": 40
      },
      {
        "id": "gregtech:gt.metaitem.01:2059",
        "displayName": "Tellurium Dust",
        "amount": 10
      }
    ],
    "fluidOutputs": [
      {
        "id": "mud.red.slurry",
        "displayName": "Red Mud Slurry",
        "amount": 2000
      },
      {
        "id": "water",
        "displayName": "Water",
        "amount": 2000
      }
    ]
  },
  {
    "machine": "gtpp.recipe.vacfurnace",
    "recipeType": "gt_machine",
    "euPerTick": 30720,
    "duration": 2400,
    "specialValue": 5500,
    "itemInputs": [
      {
        "id": "gregtech:gt.integrated_circuit:5",
        "displayName": "Programmed Circuit",
        "amount": 0
      }
    ],
    "fluidInputs": [
      {
        "id": "froth.pentlanditeflotation",
        "displayName": "Pentlandite Froth",
        "amount": 4000
      }
    ],
    "itemOutputs": [
      {
        "id": "gregtech:gt.metaitem.01:2032",
        "displayName": "Iron Dust",
        "amount": 64
      },
      {
        "id": "gregtech:gt.metaitem.01:2032",
        "displayName": "Iron Dust",
        "amount": 64
      },
      {
        "id": "gregtech:gt.metaitem.01:2032",
        "displayName": "Iron Dust",
        "amount": 22
      },
      {
        "id": "gregtech:gt.metaitem.01:2034",
        "displayName": "Nickel Dust",
        "amount": 64
      },
      {
        "id": "gregtech:gt.metaitem.01:2034",
        "displayName": "Nickel Dust",
        "amount": 36
      },
      {
        "id": "gregtech:gt.metaitem.01:2068",
        "displayName": "Promethium Dust",
        "amount": 20
      },
      {
        "id": "bartworks:gt.bwMetaGenerateddust:11000",
        "displayName": "Hafnium Dust",
        "amount": 10
      }
    ],
    "fluidOutputs": [
      {
        "id": "mud.red.slurry",
        "displayName": "Red Mud Slurry",
        "amount": 2000
      },
      {
        "id": "water",
        "displayName": "Water",
        "amount": 2000
      }
    ]
  },
  {
    "machine": "gtpp.recipe.vacfurnace",
    "recipeType": "gt_machine",
    "euPerTick": 7680,
    "duration": 2400,
    "specialValue": 4500,
    "itemInputs": [
      {
        "id": "gregtech:gt.integrated_circuit:6",
        "displayName": "Programmed Circuit",
        "amount": 0
      }
    ],
    "fluidInputs": [
      {
        "id": "froth.redstoneflotation",
        "displayName": "Redstone Froth",
        "amount": 4000
      }
    ],
    "itemOutputs": [
      {
        "id": "minecraft:redstone:0",
        "displayName": "Redstone",
        "amount": 64
      },
      {
        "id": "minecraft:redstone:0",
        "displayName": "Redstone",
        "amount": 64
      },
      {
        "id": "minecraft:redstone:0",
        "displayName": "Redstone",
        "amount": 64
      },
      {
        "id": "minecraft:redstone:0",
        "displayName": "Redstone",
        "amount": 64
      },
      {
        "id": "minecraft:redstone:0",
        "displayName": "Redstone",
        "amount": 44
      },
      {
        "id": "gregtech:gt.metaitem.01:2030",
        "displayName": "Chrome Dust",
        "amount": 60
      },
      {
        "id": "gregtech:gt.metaitem.01:2347",
        "displayName": "Firestone Dust",
        "amount": 45
      },
      {
        "id": "gregtech:gt.metaitem.01:2073",
        "displayName": "Dysprosium Dust",
        "amount": 16
      }
    ],
    "fluidOutputs": [
      {
        "id": "mud.red.slurry",
        "displayName": "Red Mud Slurry",
        "amount": 2000
      },
      {
        "id": "water",
        "displayName": "Water",
        "amount": 2000
      }
    ]
  },
  {
    "machine": "gtpp.recipe.vacfurnace",
    "recipeType": "gt_machine",
    "euPerTick": 30720,
    "duration": 2400,
    "specialValue": 5500,
    "itemInputs": [
      {
        "id": "gregtech:gt.integrated_circuit:7",
        "displayName": "Programmed Circuit",
        "amount": 0
      }
    ],
    "fluidInputs": [
      {
        "id": "froth.spessartineflotation",
        "displayName": "Spessartine Froth",
        "amount": 4000
      }
    ],
    "itemOutputs": [
      {
        "id": "gregtech:gt.metaitem.01:2031",
        "displayName": "Manganese Dust",
        "amount": 64
      },
      {
        "id": "gregtech:gt.metaitem.01:2031",
        "displayName": "Manganese Dust",
        "amount": 64
      },
      {
        "id": "gregtech:gt.metaitem.01:2031",
        "displayName": "Manganese Dust",
        "amount": 22
      },
      {
        "id": "gregtech:gt.metaitem.01:2019",
        "displayName": "Aluminium Dust",
        "amount": 64
      },
      {
        "id": "gregtech:gt.metaitem.01:2019",
        "displayName": "Aluminium Dust",
        "amount": 26
      },
      {
        "id": "gregtech:gt.metaitem.01:2083",
        "displayName": "Osmium Dust",
        "amount": 30
      },
      {
        "id": "gregtech:gt.metaitem.01:2044",
        "displayName": "Strontium Dust",
        "amount": 20
      }
    ],
    "fluidOutputs": [
      {
        "id": "mud.red.slurry",
        "displayName": "Red Mud Slurry",
        "amount": 2000
      },
      {
        "id": "water",
        "displayName": "Water",
        "amount": 2000
      }
    ]
  },
  {
    "machine": "gtpp.recipe.vacfurnace",
    "recipeType": "gt_machine",
    "euPerTick": 30720,
    "duration": 2400,
    "specialValue": 5500,
    "itemInputs": [
      {
        "id": "gregtech:gt.integrated_circuit:8",
        "displayName": "Programmed Circuit",
        "amount": 0
      }
    ],
    "fluidInputs": [
      {
        "id": "froth.grossularflotation",
        "displayName": "Grossular Froth",
        "amount": 4000
      }
    ],
    "itemOutputs": [
      {
        "id": "gregtech:gt.metaitem.01:2026",
        "displayName": "Calcium Dust",
        "amount": 64
      },
      {
        "id": "gregtech:gt.metaitem.01:2026",
        "displayName": "Calcium Dust",
        "amount": 64
      },
      {
        "id": "gregtech:gt.metaitem.01:2026",
        "displayName": "Calcium Dust",
        "amount": 52
      },
      {
        "id": "gregtech:gt.metaitem.01:2019",
        "displayName": "Aluminium Dust",
        "amount": 64
      },
      {
        "id": "gregtech:gt.metaitem.01:2019",
        "displayName": "Aluminium Dust",
        "amount": 46
      },
      {
        "id": "gregtech:gt.metaitem.01:2081",
        "displayName": "Tungsten Dust",
        "amount": 60
      },
      {
        "id": "miscutils:itemDustThallium:0",
        "displayName": "Thallium Dust",
        "amount": 15
      }
    ],
    "fluidOutputs": [
      {
        "id": "mud.red.slurry",
        "displayName": "Red Mud Slurry",
        "amount": 2000
      },
      {
        "id": "water",
        "displayName": "Water",
        "amount": 2000
      }
    ]
  },
  {
    "machine": "gtpp.recipe.vacfurnace",
    "recipeType": "gt_machine",
    "euPerTick": 30720,
    "duration": 2400,
    "specialValue": 5500,
    "itemInputs": [
      {
        "id": "gregtech:gt.integrated_circuit:9",
        "displayName": "Programmed Circuit",
        "amount": 0
      }
    ],
    "fluidInputs": [
      {
        "id": "froth.almandineflotation",
        "displayName": "Almandine Froth",
        "amount": 4000
      }
    ],
    "itemOutputs": [
      {
        "id": "gregtech:gt.metaitem.01:2019",
        "displayName": "Aluminium Dust",
        "amount": 64
      },
      {
        "id": "gregtech:gt.metaitem.01:2019",
        "displayName": "Aluminium Dust",
        "amount": 64
      },
      {
        "id": "gregtech:gt.metaitem.01:2019",
        "displayName": "Aluminium Dust",
        "amount": 22
      },
      {
        "id": "gregtech:gt.metaitem.01:2018",
        "displayName": "Magnesium Dust",
        "amount": 64
      },
      {
        "id": "gregtech:gt.metaitem.01:2018",
        "displayName": "Magnesium Dust",
        "amount": 11
      },
      {
        "id": "gregtech:gt.metaitem.01:2045",
        "displayName": "Yttrium Dust",
        "amount": 25
      },
      {
        "id": "gregtech:gt.metaitem.01:2077",
        "displayName": "Ytterbium Dust",
        "amount": 15
      }
    ],
    "fluidOutputs": [
      {
        "id": "mud.red.slurry",
        "displayName": "Red Mud Slurry",
        "amount": 2000
      },
      {
        "id": "water",
        "displayName": "Water",
        "amount": 2000
      }
    ]
  },
  {
    "machine": "gtpp.recipe.vacfurnace",
    "recipeType": "gt_machine",
    "euPerTick": 1920,
    "duration": 2400,
    "specialValue": 3500,
    "itemInputs": [
      {
        "id": "gregtech:gt.integrated_circuit:10",
        "displayName": "Programmed Circuit",
        "amount": 0
      }
    ],
    "fluidInputs": [
      {
        "id": "froth.pyropeflotation",
        "displayName": "Pyrope Froth",
        "amount": 4000
      }
    ],
    "itemOutputs": [
      {
        "id": "gregtech:gt.metaitem.01:2018",
        "displayName": "Magnesium Dust",
        "amount": 64
      },
      {
        "id": "gregtech:gt.metaitem.01:2018",
        "displayName": "Magnesium Dust",
        "amount": 46
      },
      {
        "id": "gregtech:gt.metaitem.01:2031",
        "displayName": "Manganese Dust",
        "amount": 64
      },
      {
        "id": "gregtech:gt.metaitem.01:2031",
        "displayName": "Manganese Dust",
        "amount": 6
      },
      {
        "id": "gregtech:gt.metaitem.01:2941",
        "displayName": "Borax Dust",
        "amount": 60
      },
      {
        "id": "miscutils:itemDustRhenium:0",
        "displayName": "Rhenium Dust",
        "amount": 20
      }
    ],
    "fluidOutputs": [
      {
        "id": "mud.red.slurry",
        "displayName": "Red Mud Slurry",
        "amount": 2000
      },
      {
        "id": "water",
        "displayName": "Water",
        "amount": 2000
      }
    ]
  },
  {
    "machine": "gtpp.recipe.vacfurnace",
    "recipeType": "gt_machine",
    "euPerTick": 491520,
    "duration": 1200,
    "specialValue": 7500,
    "itemInputs": [
      {
        "id": "gregtech:gt.integrated_circuit:11",
        "displayName": "Programmed Circuit",
        "amount": 0
      }
    ],
    "fluidInputs": [
      {
        "id": "froth.monaziteflotation",
        "displayName": "Monazite Froth",
        "amount": 4000
      }
    ],
    "itemOutputs": [
      {
        "id": "gregtech:gt.metaitem.01:2075",
        "displayName": "Erbium Dust",
        "amount": 64
      },
      {
        "id": "gregtech:gt.metaitem.01:2064",
        "displayName": "Lanthanum Dust",
        "amount": 32
      },
      {
        "id": "gregtech:gt.metaitem.01:2078",
        "displayName": "Lutetium Dust",
        "amount": 16
      },
      {
        "id": "gregtech:gt.metaitem.01:2070",
        "displayName": "Europium Dust",
        "amount": 8
      }
    ],
    "fluidOutputs": [
      {
        "id": "mud.red.slurry",
        "displayName": "Red Mud Slurry",
        "amount": 2000
      },
      {
        "id": "water",
        "displayName": "Water",
        "amount": 2000
      }
    ]
  }
]