[
  {
    "machine": "gtpp.recipe.semifluidgeneratorfuels",
    "recipeType": "gt_machine",
    "specialValue": 64,
    "itemInputs": [],
    "fluidInputs": [
      {
        "id": "fluid.sulfuriccoaltaroil",
        "displayName": "Sulfuric Coal Tar Oil",
        "amount": 1000
      }
    ],
    "itemOutputs": [],
    "fluidOutputs": []
  },
  {
    "machine": "gtpp.recipe.semifluidgeneratorfuels",
    "recipeType": "gt_machine",
    "specialValue": 32,
    "itemInputs": [],
    "fluidInputs": [
      {
        "id": "fluid.coaltaroil",
        "displayName": "Coal Tar Oil",
        "amount": 1000
      }
    ],
    "itemOutputs": [],
    "fluidOutputs": []
  },
  {
    "machine": "gtpp.recipe.semifluidgeneratorfuels",
    "recipeType": "gt_machine",
    "specialValue": 16,
    "itemInputs": [],
    "fluidInputs": [
      {
        "id": "fluid.coaltar",
        "displayName": "Coal Tar",
        "amount": 1000
      }
    ],
    "itemOutputs": [],
    "fluidOutputs": []
  },
  {
    "machine": "gtpp.recipe.semifluidgeneratorfuels",
    "recipeType": "gt_machine",
    "specialValue": 12,
    "itemInputs": [],
    "fluidInputs": [
      {
        "id": "fluid.raw.waste",
        "displayName": "Raw Animal Waste",
        "amount": 1000
      }
    ],
    "itemOutputs": [],
    "fluidOutputs": []
  },
  {
    "machine": "gtpp.recipe.semifluidgeneratorfuels",
    "recipeType": "gt_machine",
    "specialValue": 24,
    "itemInputs": [],
    "fluidInputs": [
      {
        "id": "fluid.manure.slurry",
        "displayName": "Manure Slurry",
        "amount": 1000
      }
    ],
    "itemOutputs": [],
    "fluidOutputs": []
  },
  {
    "machine": "gtpp.recipe.semifluidgeneratorfuels",
    "recipeType": "gt_machine",
    "specialValue": 32,
    "itemInputs": [],
    "fluidInputs": [
      {
        "id": "fluid.fertile.manure.slurry",
        "displayName": "Fertile Manure Slurry",
        "amount": 1000
      }
    ],
    "itemOutputs": [],
    "fluidOutputs": []
  },
  {
    "machine": "gtpp.recipe.semifluidgeneratorfuels",
    "recipeType": "gt_machine",
    "specialValue": 4,
    "itemInputs": [],
    "fluidInputs": [
      {
        "id": "seedoil",
        "displayName": "Seed Oil",
        "amount": 1000
      }
    ],
    "itemOutputs": [],
    "fluidOutputs": []
  },
  {
    "machine": "gtpp.recipe.semifluidgeneratorfuels",
    "recipeType": "gt_machine",
    "specialValue": 160,
    "itemInputs": [],
    "fluidInputs": [
      {
        "id": "naphthenicacid",
        "displayName": "Naphthenic Acid",
        "amount": 1000
      }
    ],
    "itemOutputs": [],
    "fluidOutputs": []
  },
  {
    "machine": "gtpp.recipe.semifluidgeneratorfuels",
    "recipeType": "gt_machine",
    "specialValue": 328,
    "itemInputs": [],
    "fluidInputs": [
      {
        "id": "glycerol",
        "displayName": "Glycerol",
        "amount": 1000
      }
    ],
    "itemOutputs": [],
    "fluidOutputs": []
  },
  {
    "machine": "gtpp.recipe.semifluidgeneratorfuels",
    "recipeType": "gt_machine",
    "specialValue": 4,
    "itemInputs": [],
    "fluidInputs": [
      {
        "id": "fishoil",
        "displayName": "Fish Oil",
        "amount": 1000
      }
    ],
    "itemOutputs": [],
    "fluidOutputs": []
  },
  {
    "machine": "gtpp.recipe.semifluidgeneratorfuels",
    "recipeType": "gt_machine",
    "specialValue": 60,
    "itemInputs": [],
    "fluidInputs": [
      {
        "id": "liquid_heavy_oil",
        "displayName": "Heavy Oil",
        "amount": 1000
      }
    ],
    "itemOutputs": [],
    "fluidOutputs": []
  },
  {
    "machine": "gtpp.recipe.semifluidgeneratorfuels",
    "recipeType": "gt_machine",
    "specialValue": 360,
    "itemInputs": [],
    "fluidInputs": [
      {
        "id": "liquid_heavy_fuel",
        "displayName": "Heavy Fuel",
        "amount": 1000
      }
    ],
    "itemOutputs": [],
    "fluidOutputs": []
  },
  {
    "machine": "gtpp.recipe.semifluidgeneratorfuels",
    "recipeType": "gt_machine",
    "specialValue": 60,
    "itemInputs": [],
    "fluidInputs": [
      {
        "id": "liquid_medium_oil",
        "displayName": "Raw Oil",
        "amount": 1000
      }
    ],
    "itemOutputs": [],
    "fluidOutputs": []
  },
  {
    "machine": "gtpp.recipe.semifluidgeneratorfuels",
    "recipeType": "gt_machine",
    "specialValue": 48,
    "itemInputs": [],
    "fluidInputs": [
      {
        "id": "creosote",
        "displayName": "Creosote Oil",
        "amount": 1000
      }
    ],
    "itemOutputs": [],
    "fluidOutputs": []
  },
  {
    "machine": "gtpp.recipe.semifluidgeneratorfuels",
    "recipeType": "gt_machine",
    "specialValue": 40,
    "itemInputs": [],
    "fluidInputs": [
      {
        "id": "oil",
        "displayName": "Oil",
        "amount": 1000
      }
    ],
    "itemOutputs": [],
    "fluidOutputs": []
  },
  {
    "machine": "gtpp.recipe.semifluidgeneratorfuels",
    "recipeType": "gt_machine",
    "specialValue": 16,
    "itemInputs": [],
    "fluidInputs": [
      {
        "id": "biomass",
        "displayName": "Biomass",
        "amount": 1000
      }
    ],
    "itemOutputs": [],
    "fluidOutputs": []
  },
  {
    "machine": "gtpp.recipe.semifluidgeneratorfuels",
    "recipeType": "gt_machine",
    "specialValue": 80,
    "itemInputs": [],
    "fluidInputs": [
      {
        "id": "liquid_sulfuricheavy_fuel",
        "displayName": "Sulfuric Heavy Fuel",
        "amount": 1000
      }
    ],
    "itemOutputs": [],
    "fluidOutputs": []
  },
  {
    "machine": "gtpp.recipe.semifluidgeneratorfuels",
    "recipeType": "gt_machine",
    "specialValue": 40,
    "itemInputs": [],
    "fluidInputs": [
      {
        "id": "liquid_light_oil",
        "displayName": "Light Oil",
        "amount": 1000
      }
    ],
    "itemOutputs": [],
    "fluidOutputs": []
  },
  {
    "machine": "gtpp.recipe.semifluidgeneratorfuels",
    "recipeType": "gt_machine",
    "specialValue": 90,
    "itemInputs": [],
    "fluidInputs": [
      {
        "id": "liquid_extra_heavy_oil",
        "displayName": "Very Heavy Oil",
        "amount": 1000
      }
    ],
    "itemOutputs": [],
    "fluidOutputs": []
  }
]