[
  {
    "machine": "gtpp.recipe.cyclotron",
    "recipeType": "gt_machine",
    "euPerTick": 7680,
    "duration": 600000,
    "itemInputs": [
      {
        "id": "gregtech:gt.integrated_circuit:1",
        "displayName": "Programmed Circuit",
        "amount": 0
      }
    ],
    "fluidInputs": [
      {
        "id": "molten.bismuth",
        "displayName": "Molten Bismuth",
        "amount": 1
      }
    ],
    "itemOutputs": [
      {
        "id": "miscutils:MU-metaitem.01:32043",
        "displayName": "²¹⁰Po Pellet",
        "amount": 1
      }
    ],
    "fluidOutputs": [],
    "outputChances": [
      100
    ]
  },
  {
    "machine": "gtpp.recipe.cyclotron",
    "recipeType": "gt_machine",
    "euPerTick": 4080,
    "duration": 600000,
    "itemInputs": [
      {
        "id": "gregtech:gt.integrated_circuit:1",
        "displayName": "Programmed Circuit",
        "amount": 0
      }
    ],
    "fluidInputs": [
      {
        "id": "molten.americium",
        "displayName": "Molten Americium",
        "amount": 1
      }
    ],
    "itemOutputs": [
      {
        "id": "miscutils:MU-metaitem.01:32044",
        "displayName": "²⁴¹Am Pellet",
        "amount": 4
      }
    ],
    "fluidOutputs": [],
    "outputChances": [
      2500
    ]
  },
  {
    "machine": "gtpp.recipe.cyclotron",
    "recipeType": "gt_machine",
    "euPerTick": 4080,
    "duration": 600000,
    "itemInputs": [
      {
        "id": "gregtech:gt.integrated_circuit:1",
        "displayName": "Programmed Circuit",
        "amount": 0
      }
    ],
    "fluidInputs": [
      {
        "id": "molten.uranium235",
        "displayName": "Molten Uranium 235",
        "amount": 10
      }
    ],
    "itemOutputs": [
      {
        "id": "miscutils:MU-metaitem.01:32042",
        "displayName": "⁹⁰Sr Pellet",
        "amount": 1
      }
    ],
    "fluidOutputs": [],
    "outputChances": [
      570
    ]
  },
  {
    "machine": "gtpp.recipe.cyclotron",
    "recipeType": "gt_machine",
    "euPerTick": 4080,
    "duration": 600000,
    "itemInputs": [
      {
        "id": "gregtech:gt.integrated_circuit:1",
        "displayName": "Programmed Circuit",
        "amount": 0
      }
    ],
    "fluidInputs": [
      {
        "id": "molten.uranium233",
        "displayName": "Molten Uranium 233",
        "amount": 10
      }
    ],
    "itemOutputs": [
      {
        "id": "miscutils:MU-metaitem.01:32042",
        "displayName": "⁹⁰Sr Pellet",
        "amount": 1
      }
    ],
    "fluidOutputs": [],
    "outputChances": [
      660
    ]
  },
  {
    "machine": "gtpp.recipe.cyclotron",
    "recipeType": "gt_machine",
    "euPerTick": 4080,
    "duration": 600000,
    "itemInputs": [
      {
        "id": "gregtech:gt.integrated_circuit:1",
        "displayName": "Programmed Circuit",
        "amount": 0
      }
    ],
    "fluidInputs": [
      {
        "id": "molten.plutonium",
        "displayName": "Molten Plutonium 239",
        "amount": 10
      }
    ],
    "itemOutputs": [
      {
        "id": "miscutils:MU-metaitem.01:32042",
        "displayName": "⁹⁰Sr Pellet",
        "amount": 1
      }
    ],
    "fluidOutputs": [],
    "outputChances": [
      220
    ]
  },
  {
    "machine": "gtpp.recipe.cyclotron",
    "recipeType": "gt_machine",
    "euPerTick": 4080,
    "duration": 600000,
    "itemInputs": [
      {
        "id": "gregtech:gt.integrated_circuit:1",
        "displayName": "Programmed Circuit",
        "amount": 0
      }
    ],
    "fluidInputs": [
      {
        "id": "molten.plutonium238",
        "displayName": "Molten Plutonium-238",
        "amount": 1
      }
    ],
    "itemOutputs": [
      {
        "id": "miscutils:MU-metaitem.01:32041",
        "displayName": "²³⁸Pu Pellet",
        "amount": 2
      }
    ],
    "fluidOutputs": [],
    "outputChances": [
      780
    ]
  },
  {
    "machine": "gtpp.recipe.cyclotron",
    "recipeType": "gt_machine",
    "euPerTick": 1920,
    "duration": 100,
    "itemInputs": [
      {
        "id": "gregtech:gt.metaitem.01:2098",
        "displayName": "Uranium 238 Dust",
        "amount": 1
      }
    ],
    "fluidInputs": [
      {
        "id": "deuterium",
        "displayName": "Deuterium",
        "amount": 400
      }
    ],
    "itemOutputs": [
      {
        "id": "miscutils:dustNeptunium238:0",
        "displayName": "Neptunium 238 Dust",
        "amount": 1
      }
    ],
    "fluidOutputs": [],
    "outputChances": [
      500
    ]
  },
  {
    "machine": "gtpp.recipe.cyclotron",
    "recipeType": "gt_machine",
    "euPerTick": 122880,
    "duration": 2400,
    "itemInputs": [
      {
        "id": "gregtech:gt.integrated_circuit:3",
        "displayName": "Programmed Circuit",
        "amount": 0
      }
    ],
    "fluidInputs": [
      {
        "id": "plasma.hydrogen",
        "displayName": "Hydrogen Plasma",
        "amount": 100
      }
    ],
    "itemOutputs": [
      {
        "id": "miscutils:particleBase:1",
        "displayName": "Up Quark",
        "amount": 1
      },
      {
        "id": "miscutils:particleBase:2",
        "displayName": "Down Quark",
        "amount": 1
      },
      {
        "id": "miscutils:particleBase:3",
        "displayName": "Charm Quark",
        "amount": 1
      },
      {
        "id": "miscutils:particleBase:4",
        "displayName": "Strange Quark",
        "amount": 1
      },
      {
        "id": "miscutils:particleBase:5",
        "displayName": "Top Quark",
        "amount": 1
      },
      {
        "id": "miscutils:particleBase:6",
        "displayName": "Bottom Quark",
        "amount": 1
      }
    ],
    "fluidOutputs": [],
    "outputChances": [
      100,
      100,
      100,
      100,
      100,
      100
    ]
  },
  {
    "machine": "gtpp.recipe.cyclotron",
    "recipeType": "gt_machine",
    "euPerTick": 122880,
    "duration": 48000,
    "itemInputs": [
      {
        "id": "gregtech:gt.integrated_circuit:6",
        "displayName": "Programmed Circuit",
        "amount": 0
      }
    ],
    "fluidInputs": [
      {
        "id": "plasma.helium",
        "displayName": "Helium Plasma",
        "amount": 1500
      }
    ],
    "itemOutputs": [
      {
        "id": "miscutils:particleBase:7",
        "displayName": "Electron",
        "amount": 1
      },
      {
        "id": "miscutils:particleBase:9",
        "displayName": "Muon",
        "amount": 1
      },
      {
        "id": "miscutils:particleBase:11",
        "displayName": "Tau",
        "amount": 1
      },
      {
        "id": "miscutils:particleBase:8",
        "displayName": "Electron Neutrino",
        "amount": 1
      },
      {
        "id": "miscutils:particleBase:10",
        "displayName": "Muon Neutrino",
        "amount": 1
      },
      {
        "id": "miscutils:particleBase:12",
        "displayName": "Tau Neutrino",
        "amount": 1
      }
    ],
    "fluidOutputs": [],
    "outputChances": [
      600,
      40,
      20,
      15,
      10,
      5
    ]
  },
  {
    "machine": "gtpp.recipe.cyclotron",
    "recipeType": "gt_machine",
    "euPerTick": 122880,
    "duration": 36000,
    "itemInputs": [
      {
        "id": "gregtech:gt.integrated_circuit:9",
        "displayName": "Programmed Circuit",
        "amount": 0
      }
    ],
    "fluidInputs": [
      {
        "id": "plasma.helium",
        "displayName": "Helium Plasma",
        "amount": 1500
      }
    ],
    "itemOutputs": [
      {
        "id": "miscutils:particleBase:13",
        "displayName": "Gluon",
        "amount": 1
      },
      {
        "id": "miscutils:particleBase:14",
        "displayName": "Photon",
        "amount": 1
      },
      {
        "id": "miscutils:particleBase:15",
        "displayName": "Z Boson",
        "amount": 1
      },
      {
        "id": "miscutils:particleBase:16",
        "displayName": "W Boson",
        "amount": 1
      },
      {
        "id": "miscutils:particleBase:17",
        "displayName": "Higgs Boson",
        "amount": 1
      }
    ],
    "fluidOutputs": [],
    "outputChances": [
      160,
      260,
      150,
      150,
      1
    ]
  },
  {
    "machine": "gtpp.recipe.cyclotron",
    "recipeType": "gt_machine",
    "euPerTick": 491520,
    "duration": 20000,
    "itemInputs": [
      {
        "id": "gregtech:gt.integrated_circuit:12",
        "displayName": "Programmed Circuit",
        "amount": 0
      }
    ],
    "fluidInputs": [
      {
        "id": "plasma.americium",
        "displayName": "Americium Plasma",
        "amount": 2500
      }
    ],
    "itemOutputs": [
      {
        "id": "miscutils:particleBase:0",
        "displayName": "Graviton",
        "amount": 1
      },
      {
        "id": "miscutils:particleBase:23",
        "displayName": "ETA Meson",
        "amount": 1
      },
      {
        "id": "miscutils:particleBase:22",
        "displayName": "Pion",
        "amount": 1
      },
      {
        "id": "miscutils:particleBase:18",
        "displayName": "Proton",
        "amount": 1
      },
      {
        "id": "miscutils:particleBase:19",
        "displayName": "Neutron",
        "amount": 1
      },
      {
        "id": "miscutils:particleBase:20",
        "displayName": "Lambda",
        "amount": 1
      },
      {
        "id": "miscutils:particleBase:21",
        "displayName": "Omega",
        "amount": 1
      },
      {
        "id": "miscutils:particleBase:17",
        "displayName": "Higgs Boson",
        "amount": 1
      }
    ],
    "fluidOutputs": [],
    "outputChances": [
      50,
      50,
      50,
      40,
      30,
      20,
      20,
      10
    ]
  },
  {
    "machine": "gtpp.recipe.cyclotron",
    "recipeType": "gt_machine",
    "euPerTick": 491520,
    "duration": 2000,
    "itemInputs": [
      {
        "id": "gregtech:gt.integrated_circuit:12",
        "displayName": "Programmed Circuit",
        "amount": 0
      }
    ],
    "fluidInputs": [
      {
        "id": "plasma.celestialtungsten",
        "displayName": "Celestial Tungsten Plasma",
        "amount": 2500
      }
    ],
    "itemOutputs": [
      {
        "id": "miscutils:particleBase:0",
        "displayName": "Graviton",
        "amount": 1
      },
      {
        "id": "miscutils:particleBase:23",
        "displayName": "ETA Meson",
        "amount": 1
      },
      {
        "id": "miscutils:particleBase:22",
        "displayName": "Pion",
        "amount": 1
      },
      {
        "id": "miscutils:particleBase:18",
        "displayName": "Proton",
        "amount": 1
      },
      {
        "id": "miscutils:particleBase:19",
        "displayName": "Neutron",
        "amount": 1
      },
      {
        "id": "miscutils:particleBase:20",
        "displayName": "Lambda",
        "amount": 1
      },
      {
        "id": "miscutils:particleBase:21",
        "displayName": "Omega",
        "amount": 1
      },
      {
        "id": "miscutils:particleBase:17",
        "displayName": "Higgs Boson",
        "amount": 1
      }
    ],
    "fluidOutputs": [],
    "outputChances": [
      5000,
      200,
      200,
      100,
      80,
      60,
      40,
      30
    ]
  },
  {
    "machine": "gtpp.recipe.cyclotron",
    "recipeType": "gt_machine",
    "euPerTick": 30720,
    "duration": 1800,
    "itemInputs": [
      {
        "id": "gregtech:gt.integrated_circuit:15",
        "displayName": "Programmed Circuit",
        "amount": 0
      }
    ],
    "fluidInputs": [
      {
        "id": "plasma.hydrogen",
        "displayName": "Hydrogen Plasma",
        "amount": 100
      }
    ],
    "itemOutputs": [
      {
        "id": "miscutils:particleBase:0",
        "displayName": "Graviton",
        "amount": 1
      },
      {
        "id": "miscutils:particleBase:24",
        "displayName": "Unknown Particle",
        "amount": 1
      }
    ],
    "fluidOutputs": [],
    "outputChances": [
      1000,
      100
    ]
  },
  {
    "machine": "gtpp.recipe.cyclotron",
    "recipeType": "gt_machine",
    "euPerTick": 491520,
    "duration": 500,
    "itemInputs": [
      {
        "id": "gregtech:gt.integrated_circuit:24",
        "displayName": "Programmed Circuit",
        "amount": 0
      },
      {
        "id": "miscutils:particleBase:24",
        "displayName": "Unknown Particle",
        "amount": 1
      }
    ],
    "fluidInputs": [
      {
        "id": "molten.duranium",
        "displayName": "Molten Duranium",
        "amount": 40
      }
    ],
    "itemOutputs": [
      {
        "id": "miscutils:MU-metaitem.01:32105",
        "displayName": "Quantum Anomaly",
        "amount": 1
      }
    ],
    "fluidOutputs": [],
    "outputChances": [
      100
    ]
  },
  {
    "machine": "gtpp.recipe.cyclotron",
    "recipeType": "gt_machine",
    "euPerTick": 122880,
    "duration": 1600,
    "itemInputs": [
      {
        "id": "gregtech:gt.integrated_circuit:2",
        "displayName": "Programmed Circuit",
        "amount": 0
      }
    ],
    "fluidInputs": [],
    "itemOutputs": [
      {
        "id": "miscutils:particleIon:1",
        "displayName": "Helium Ion",
        "amount": 1
      },
      {
        "id": "miscutils:particleIon:1",
        "displayName": "Helium Ion",
        "amount": 1
      },
      {
        "id": "miscutils:particleIon:1",
        "displayName": "Helium Ion",
        "amount": 1
      },
      {
        "id": "miscutils:particleIon:1",
        "displayName": "Helium Ion",
        "amount": 1
      },
      {
        "id": "miscutils:particleIon:1",
        "displayName": "Helium Ion",
        "amount": 1
      },
      {
        "id": "miscutils:particleIon:1",
        "displayName": "Helium Ion",
        "amount": 1
      },
      {
        "id": "miscutils:particleIon:1",
        "displayName": "Helium Ion",
        "amount": 1
      },
      {
        "id": "miscutils:particleIon:1",
        "displayName": "Helium Ion",
        "amount": 1
      },
      {
        "id": "miscutils:particleIon:1",
        "displayName": "Helium Ion",
        "amount": 1
      }
    ],
    "fluidOutputs": [],
    "outputChances": [
      275,
      250,
      225,
      275,
      250,
      225,
      275,
      250,
      275
    ]
  },
  {
    "machine": "gtpp.recipe.cyclotron",
    "recipeType": "gt_machine",
    "euPerTick": 30720,
    "duration": 400,
    "itemInputs": [
      {
        "id": "gregtech:gt.integrated_circuit:24",
        "displayName": "Programmed Circuit",
        "amount": 0
      }
    ],
    "fluidInputs": [
      {
        "id": "hydrogen",
        "displayName": "Hydrogen Gas",
        "amount": 1000
      }
    ],
    "itemOutputs": [
      {
        "id": "miscutils:particleIon:0",
        "displayName": "Hydrogen Ion",
        "amount": 1
      },
      {
        "id": "miscutils:particleIon:0",
        "displayName": "Hydrogen Ion",
        "amount": 1
      },
      {
        "id": "miscutils:particleIon:0",
        "displayName": "Hydrogen Ion",
        "amount": 1
      },
      {
        "id": "miscutils:particleIon:0",
        "displayName": "Hydrogen Ion",
        "amount": 1
      },
      {
        "id": "miscutils:particleIon:0",
        "displayName": "Hydrogen Ion",
        "amount": 1
      },
      {
        "id": "miscutils:particleIon:0",
        "displayName": "Hydrogen Ion",
        "amount": 1
      },
      {
        "id": "miscutils:particleIon:0",
        "displayName": "Hydrogen Ion",
        "amount": 1
      },
      {
        "id": "miscutils:particleIon:0",
        "displayName": "Hydrogen Ion",
        "amount": 1
      },
      {
        "id": "miscutils:particleIon:0",
        "displayName": "Hydrogen Ion",
        "amount": 1
      }
    ],
    "fluidOutputs": [],
    "outputChances": [
      500,
      500,
      500,
      500,
      500,
      500,
      500,
      500,
      500
    ]
  },
  {
    "machine": "gtpp.recipe.cyclotron",
    "recipeType": "gt_machine",
    "euPerTick": 30720,
    "duration": 2400,
    "itemInputs": [
      {
        "id": "gregtech:gt.integrated_circuit:21",
        "displayName": "Programmed Circuit",
        "amount": 0
      },
      {
        "id": "miscutils:particleIon:0",
        "displayName": "Hydrogen Ion",
        "amount": 1
      }
    ],
    "fluidInputs": [
      {
        "id": "hydrogen",
        "displayName": "Hydrogen Gas",
        "amount": 1000
      }
    ],
    "itemOutputs": [
      {
        "id": "miscutils:particleBase:18",
        "displayName": "Proton",
        "amount": 1
      },
      {
        "id": "miscutils:particleBase:19",
        "displayName": "Neutron",
        "amount": 1
      },
      {
        "id": "miscutils:particleBase:7",
        "displayName": "Electron",
        "amount": 1
      },
      {
        "id": "miscutils:particleBase:24",
        "displayName": "Unknown Particle",
        "amount": 1
      },
      {
        "id": "miscutils:particleBase:24",
        "displayName": "Unknown Particle",
        "amount": 1
      },
      {
        "id": "miscutils:particleBase:24",
        "displayName": "Unknown Particle",
        "amount": 1
      }
    ],
    "fluidOutputs": [
      {
        "id": "plasma.hydrogen",
        "displayName": "Hydrogen Plasma",
        "amount": 100
      }
    ],
    "outputChances": [
      1250,
      1250,
      1250,
      750,
      750,
      750
    ]
  },
  {
    "machine": "gtpp.recipe.cyclotron",
    "recipeType": "gt_machine",
    "euPerTick": 30720,
    "duration": 400,
    "itemInputs": [
      {
        "id": "gregtech:gt.integrated_circuit:20",
        "displayName": "Programmed Circuit",
        "amount": 0
      },
      {
        "id": "miscutils:particleIon:0",
        "displayName": "Hydrogen Ion",
        "amount": 1
      }
    ],
    "fluidInputs": [
      {
        "id": "hydrogen",
        "displayName": "Hydrogen Gas",
        "amount": 100
      }
    ],
    "itemOutputs": [
      {
        "id": "miscutils:particleBase:18",
        "displayName": "Proton",
        "amount": 1
      },
      {
        "id": "miscutils:particleBase:18",
        "displayName": "Proton",
        "amount": 1
      },
      {
        "id": "miscutils:particleBase:18",
        "displayName": "Proton",
        "amount": 1
      },
      {
        "id": "miscutils:particleBase:18",
        "displayName": "Proton",
        "amount": 1
      },
      {
        "id": "miscutils:particleBase:18",
        "displayName": "Proton",
        "amount": 1
      },
      {
        "id": "miscutils:particleBase:18",
        "displayName": "Proton",
        "amount": 1
      },
      {
        "id": "miscutils:particleBase:18",
        "displayName": "Proton",
        "amount": 1
      },
      {
        "id": "miscutils:particleBase:18",
        "displayName": "Proton",
        "amount": 1
      },
      {
        "id": "miscutils:particleBase:18",
        "displayName": "Proton",
        "amount": 1
      }
    ],
    "fluidOutputs": [],
    "outputChances": [
      750,
      750,
      750,
      750,
      750,
      750,
      750,
      750,
      750
    ]
  },
  {
    "machine": "gtpp.recipe.cyclotron",
    "recipeType": "gt_machine",
    "euPerTick": 30720,
    "duration": 400,
    "itemInputs": [
      {
        "id": "gregtech:gt.integrated_circuit:22",
        "displayName": "Programmed Circuit",
        "amount": 0
      },
      {
        "id": "miscutils:particleBase:24",
        "displayName": "Unknown Particle",
        "amount": 1
      }
    ],
    "fluidInputs": [
      {
        "id": "hydrogen",
        "displayName": "Hydrogen Gas",
        "amount": 100
      }
    ],
    "itemOutputs": [
      {
        "id": "miscutils:particleBase:18",
        "displayName": "Proton",
        "amount": 1
      },
      {
        "id": "miscutils:particleBase:18",
        "displayName": "Proton",
        "amount": 1
      },
      {
        "id": "miscutils:particleBase:18",
        "displayName": "Proton",
        "amount": 1
      },
      {
        "id": "miscutils:particleBase:18",
        "displayName": "Proton",
        "amount": 1
      },
      {
        "id": "miscutils:particleBase:18",
        "displayName": "Proton",
        "amount": 1
      },
      {
        "id": "miscutils:particleBase:18",
        "displayName": "Proton",
        "amount": 1
      },
      {
        "id": "miscutils:particleBase:18",
        "displayName": "Proton",
        "amount": 1
      },
      {
        "id": "miscutils:particleBase:18",
        "displayName": "Proton",
        "amount": 1
      },
      {
        "id": "miscutils:particleBase:18",
        "displayName": "Proton",
        "amount": 1
      }
    ],
    "fluidOutputs": [],
    "outputChances": [
      375,
      375,
      375,
      375,
      375,
      375,
      375,
      375,
      375
    ]
  },
  {
    "machine": "gtpp.recipe.cyclotron",
    "recipeType": "gt_machine",
    "euPerTick": 122880,
    "duration": 18000,
    "itemInputs": [
      {
        "id": "miscutils:itemDustPlutonium238:0",
        "displayName": "Plutonium-238 Dust",
        "amount": 1
      },
      {
        "id": "miscutils:particleBase:24",
        "displayName": "Unknown Particle",
        "amount": 1
      },
      {
        "id": "miscutils:particleBase:24",
        "displayName": "Unknown Particle",
        "amount": 1
      },
      {
        "id": "miscutils:particleBase:24",
        "displayName": "Unknown Particle",
        "amount": 1
      },
      {
        "id": "miscutils:particleBase:24",
        "displayName": "Unknown Particle",
        "amount": 1
      },
      {
        "id": "miscutils:particleBase:24",
        "displayName": "Unknown Particle",
        "amount": 1
      },
      {
        "id": "miscutils:particleBase:24",
        "displayName": "Unknown Particle",
        "amount": 1
      },
      {
        "id": "miscutils:particleBase:24",
        "displayName": "Unknown Particle",
        "amount": 1
      },
      {
        "id": "miscutils:particleBase:24",
        "displayName": "Unknown Particle",
        "amount": 1
      }
    ],
    "fluidInputs": [
      {
        "id": "ender",
        "displayName": "Liquid Ender",
        "amount": 1000
      }
    ],
    "itemOutputs": [
      {
        "id": "miscutils:itemDustRadioactiveMineralMix:0",
        "displayName": "Radioactive Mineral Mix Dust",
        "amount": 1
      }
    ],
    "fluidOutputs": [],
    "outputChances": [
      2500
    ]
  }
]