[
  {
    "machine": "gtpp.recipe.flotationcell",
    "recipeType": "gt_machine",
    "euPerTick": 30720,
    "duration": 9600,
    "itemInputs": [
      {
        "id": "miscutils:item.BasicGenericChemItem:10",
        "displayName": "Sodium Ethyl Xanthate Dust",
        "amount": 32
      },
      {
        "id": "miscutils:milledSphalerite:0",
        "displayName": "Milled Sphalerite",
        "amount": 64
      },
      {
        "id": "miscutils:milledSphalerite:0",
        "displayName": "Milled Sphalerite",
        "amount": 64
      },
      {
        "id": "miscutils:milledSphalerite:0",
        "displayName": "Milled Sphalerite",
        "amount": 64
      },
      {
        "id": "miscutils:milledSphalerite:0",
        "displayName": "Milled Sphalerite",
        "amount": 64
      }
    ],
    "fluidInputs": [
      {
        "id": "pineoil",
        "displayName": "Pine Oil",
        "amount": 14000
      }
    ],
    "itemOutputs": [],
    "fluidOutputs": [
      {
        "id": "froth.zincflotation",
        "displayName": "Sphalerite Froth",
        "amount": 1000
      }
    ]
  },
  {
    "machine": "gtpp.recipe.flotationcell",
    "recipeType": "gt_machine",
    "euPerTick": 7680,
    "duration": 9600,
    "itemInputs": [
      {
        "id": "miscutils:item.BasicGenericChemItem:10",
        "displayName": "Sodium Ethyl Xanthate Dust",
        "amount": 32
      },
      {
        "id": "miscutils:milledChalcopyrite:0",
        "displayName": "Milled Chalcopyrite",
        "amount": 64
      },
      {
        "id": "miscutils:milledChalcopyrite:0",
        "displayName": "Milled Chalcopyrite",
        "amount": 64
      },
      {
        "id": "miscutils:milledChalcopyrite:0",
        "displayName": "Milled Chalcopyrite",
        "amount": 64
      },
      {
        "id": "miscutils:milledChalcopyrite:0",
        "displayName": "Milled Chalcopyrite",
        "amount": 64
      }
    ],
    "fluidInputs": [
      {
        "id": "pineoil",
        "displayName": "Pine Oil",
        "amount": 12000
      }
    ],
    "itemOutputs": [],
    "fluidOutputs": [
      {
        "id": "froth.copperflotation",
        "displayName": "Chalcopyrite Froth",
        "amount": 1000
      }
    ]
  },
  {
    "machine": "gtpp.recipe.flotationcell",
    "recipeType": "gt_machine",
    "euPerTick": 7680,
    "duration": 9600,
    "itemInputs": [
      {
        "id": "miscutils:item.BasicGenericChemItem:11",
        "displayName": "Potassium Ethyl Xanthate Dust",
        "amount": 32
      },
      {
        "id": "miscutils:milledNickel:0",
        "displayName": "Milled Nickel",
        "amount": 64
      },
      {
        "id": "miscutils:milledNickel:0",
        "displayName": "Milled Nickel",
        "amount": 64
      },
      {
        "id": "miscutils:milledNickel:0",
        "displayName": "Milled Nickel",
        "amount": 64
      },
      {
        "id": "miscutils:milledNickel:0",
        "displayName": "Milled Nickel",
        "amount": 64
      }
    ],
    "fluidInputs": [
      {
        "id": "pineoil",
        "displayName": "Pine Oil",
        "amount": 25000
      }
    ],
    "itemOutputs": [],
    "fluidOutputs": [
      {
        "id": "froth.nickelflotation",
        "displayName": "Nickel Froth",
        "amount": 1000
      }
    ]
  },
  {
    "machine": "gtpp.recipe.flotationcell",
    "recipeType": "gt_machine",
    "euPerTick": 30720,
    "duration": 9600,
    "itemInputs": [
      {
        "id": "miscutils:item.BasicGenericChemItem:11",
        "displayName": "Potassium Ethyl Xanthate Dust",
        "amount": 32
      },
      {
        "id": "miscutils:milledPlatinum:0",
        "displayName": "Milled Platinum",
        "amount": 64
      },
      {
        "id": "miscutils:milledPlatinum:0",
        "displayName": "Milled Platinum",
        "amount": 64
      },
      {
        "id": "miscutils:milledPlatinum:0",
        "displayName": "Milled Platinum",
        "amount": 64
      },
      {
        "id": "miscutils:milledPlatinum:0",
        "displayName": "Milled Platinum",
        "amount": 64
      }
    ],
    "fluidInputs": [
      {
        "id": "pineoil",
        "displayName": "Pine Oil",
        "amount": 35000
      }
    ],
    "itemOutputs": [],
    "fluidOutputs": [
      {
        "id": "froth.platinumflotation",
        "displayName": "Platinum Froth",
        "amount": 1000
      }
    ]
  },
  {
    "machine": "gtpp.recipe.flotationcell",
    "recipeType": "gt_machine",
    "euPerTick": 30720,
    "duration": 9600,
    "itemInputs": [
      {
        "id": "miscutils:item.BasicGenericChemItem:10",
        "displayName": "Sodium Ethyl Xanthate Dust",
        "amount": 32
      },
      {
        "id": "miscutils:milledPentlandite:0",
        "displayName": "Milled Pentlandite",
        "amount": 64
      },
      {
        "id": "miscutils:milledPentlandite:0",
        "displayName": "Milled Pentlandite",
        "amount": 64
      },
      {
        "id": "miscutils:milledPentlandite:0",
        "displayName": "Milled Pentlandite",
        "amount": 64
      },
      {
        "id": "miscutils:milledPentlandite:0",
        "displayName": "Milled Pentlandite",
        "amount": 64
      }
    ],
    "fluidInputs": [
      {
        "id": "pineoil",
        "displayName": "Pine Oil",
        "amount": 14000
      }
    ],
    "itemOutputs": [],
    "fluidOutputs": [
      {
        "id": "froth.pentlanditeflotation",
        "displayName": "Pentlandite Froth",
        "amount": 1000
      }
    ]
  },
  {
    "machine": "gtpp.recipe.flotationcell",
    "recipeType": "gt_machine",
    "euPerTick": 7680,
    "duration": 9600,
    "itemInputs": [
      {
        "id": "miscutils:item.BasicGenericChemItem:10",
        "displayName": "Sodium Ethyl Xanthate Dust",
        "amount": 32
      },
      {
        "id": "miscutils:milledRedstone:0",
        "displayName": "Milled Redstone",
        "amount": 64
      },
      {
        "id": "miscutils:milledRedstone:0",
        "displayName": "Milled Redstone",
        "amount": 64
      },
      {
        "id": "miscutils:milledRedstone:0",
        "displayName": "Milled Redstone",
        "amount": 64
      },
      {
        "id": "miscutils:milledRedstone:0",
        "displayName": "Milled Redstone",
        "amount": 64
      }
    ],
    "fluidInputs": [
      {
        "id": "pineoil",
        "displayName": "Pine Oil",
        "amount": 13000
      }
    ],
    "itemOutputs": [],
    "fluidOutputs": [
      {
        "id": "froth.redstoneflotation",
        "displayName": "Redstone Froth",
        "amount": 1000
      }
    ]
  },
  {
    "machine": "gtpp.recipe.flotationcell",
    "recipeType": "gt_machine",
    "euPerTick": 30720,
    "duration": 9600,
    "itemInputs": [
      {
        "id": "miscutils:item.BasicGenericChemItem:11",
        "displayName": "Potassium Ethyl Xanthate Dust",
        "amount": 32
      },
      {
        "id": "miscutils:milledSpessartine:0",
        "displayName": "Milled Spessartine",
        "amount": 64
      },
      {
        "id": "miscutils:milledSpessartine:0",
        "displayName": "Milled Spessartine",
        "amount": 64
      },
      {
        "id": "miscutils:milledSpessartine:0",
        "displayName": "Milled Spessartine",
        "amount": 64
      },
      {
        "id": "miscutils:milledSpessartine:0",
        "displayName": "Milled Spessartine",
        "amount": 64
      }
    ],
    "fluidInputs": [
      {
        "id": "pineoil",
        "displayName": "Pine Oil",
        "amount": 35000
      }
    ],
    "itemOutputs": [],
    "fluidOutputs": [
      {
        "id": "froth.spessartineflotation",
        "displayName": "Spessartine Froth",
        "amount": 1000
      }
    ]
  },
  {
    "machine": "gtpp.recipe.flotationcell",
    "recipeType": "gt_machine",
    "euPerTick": 30720,
    "duration": 9600,
    "itemInputs": [
      {
        "id": "miscutils:item.BasicGenericChemItem:11",
        "displayName": "Potassium Ethyl Xanthate Dust",
        "amount": 32
      },
      {
        "id": "miscutils:milledGrossular:0",
        "displayName": "Milled Grossular",
        "amount": 64
      },
      {
        "id": "miscutils:milledGrossular:0",
        "displayName": "Milled Grossular",
        "amount": 64
      },
      {
        "id": "miscutils:milledGrossular:0",
        "displayName": "Milled Grossular",
        "amount": 64
      },
      {
        "id": "miscutils:milledGrossular:0",
        "displayName": "Milled Grossular",
        "amount": 64
      }
    ],
    "fluidInputs": [
      {
        "id": "pineoil",
        "displayName": "Pine Oil",
        "amount": 28000
      }
    ],
    "itemOutputs": [],
    "fluidOutputs": [
      {
        "id": "froth.grossularflotation",
        "displayName": "Grossular Froth",
        "amount": 1000
      }
    ]
  },
  {
    "machine": "gtpp.recipe.flotationcell",
    "recipeType": "gt_machine",
    "euPerTick": 7680,
    "duration": 9600,
    "itemInputs": [
      {
        "id": "miscutils:item.BasicGenericChemItem:10",
        "displayName": "Sodium Ethyl Xanthate Dust",
        "amount": 32
      },
      {
        "id": "miscutils:milledAlmandine:0",
        "displayName": "Milled Almandine",
        "amount": 64
      },
      {
        "id": "miscutils:milledAlmandine:0",
        "displayName": "Milled Almandine",
        "amount": 64
      },
      {
        "id": "miscutils:milledAlmandine:0",
        "displayName": "Milled Almandine",
        "amount": 64
      },
      {
        "id": "miscutils:milledAlmandine:0",
        "displayName": "Milled Almandine",
        "amount": 64
      }
    ],
    "fluidInputs": [
      {
        "id": "pineoil",
        "displayName": "Pine Oil",
        "amount": 18000
      }
    ],
    "itemOutputs": [],
    "fluidOutputs": [
      {
        "id": "froth.almandineflotation",
        "displayName": "Almandine Froth",
        "amount": 1000
      }
    ]
  },
  {
    "machine": "gtpp.recipe.flotationcell",
    "recipeType": "gt_machine",
    "euPerTick": 1920,
    "duration": 9600,
    "itemInputs": [
      {
        "id": "miscutils:item.BasicGenericChemItem:10",
        "displayName": "Sodium Ethyl Xanthate Dust",
        "amount": 32
      },
      {
        "id": "miscutils:milledPyrope:0",
        "displayName": "Milled Pyrope",
        "amount": 64
      },
      {
        "id": "miscutils:milledPyrope:0",
        "displayName": "Milled Pyrope",
        "amount": 64
      },
      {
        "id": "miscutils:milledPyrope:0",
        "displayName": "Milled Pyrope",
        "amount": 64
      },
      {
        "id": "miscutils:milledPyrope:0",
        "displayName": "Milled Pyrope",
        "amount": 64
      }
    ],
    "fluidInputs": [
      {
        "id": "pineoil",
        "displayName": "Pine Oil",
        "amount": 8000
      }
    ],
    "itemOutputs": [],
    "fluidOutputs": [
      {
        "id": "froth.pyropeflotation",
        "displayName": "Pyrope Froth",
        "amount": 1000
      }
    ]
  },
  {
    "machine": "gtpp.recipe.flotationcell",
    "recipeType": "gt_machine",
    "euPerTick": 30720,
    "duration": 9600,
    "itemInputs": [
      {
        "id": "miscutils:item.BasicGenericChemItem:11",
        "displayName": "Potassium Ethyl Xanthate Dust",
        "amount": 32
      },
      {
        "id": "miscutils:milledMonazite:0",
        "displayName": "Milled Monazite",
        "amount": 64
      },
      {
        "id": "miscutils:milledMonazite:0",
        "displayName": "Milled Monazite",
        "amount": 64
      },
      {
        "id": "miscutils:milledMonazite:0",
        "displayName": "Milled Monazite",
        "amount": 64
      },
      {
        "id": "miscutils:milledMonazite:0",
        "displayName": "Milled Monazite",
        "amount": 64
      }
    ],
    "fluidInputs": [
      {
        "id": "pineoil",
        "displayName": "Pine Oil",
        "amount": 30000
      }
    ],
    "itemOutputs": [],
    "fluidOutputs": [
      {
        "id": "froth.monaziteflotation",
        "displayName": "Monazite Froth",
        "amount": 1000
      }
    ]
  }
]