[
  {
    "machine": "gtpp.recipe.rocketenginefuel",
    "recipeType": "gt_machine",
    "specialValue": 512,
    "itemInputs": [],
    "fluidInputs": [
      {
        "id": "fluid.rocketfuelmixb",
        "displayName": "Rp-1 Rocket Fuel",
        "amount": 1000
      }
    ],
    "itemOutputs": [],
    "fluidOutputs": []
  },
  {
    "machine": "gtpp.recipe.rocketenginefuel",
    "recipeType": "gt_machine",
    "specialValue": 1024,
    "itemInputs": [],
    "fluidInputs": [
      {
        "id": "fluid.rocketfuelmixd",
        "displayName": "Dense Hydrazine Fuel Mixture",
        "amount": 1000
      }
    ],
    "itemOutputs": [],
    "fluidOutputs": []
  },
  {
    "machine": "gtpp.recipe.rocketenginefuel",
    "recipeType": "gt_machine",
    "specialValue": 2048,
    "itemInputs": [],
    "fluidInputs": [
      {
        "id": "fluid.rocketfuelmixc",
        "displayName": "CN3H7O3 Rocket Fuel",
        "amount": 1000
      }
    ],
    "itemOutputs": [],
    "fluidOutputs": []
  },
  {
    "machine": "gtpp.recipe.rocketenginefuel",
    "recipeType": "gt_machine",
    "specialValue": 4196,
    "itemInputs": [],
    "fluidInputs": [
      {
        "id": "fluid.rocketfuelmixa",
        "displayName": "H8N4C2O4 Rocket Fuel",
        "amount": 1000
      }
    ],
    "itemOutputs": [],
    "fluidOutputs": []
  }
]