[
  {
    "machine": "gtpp.recipe.moleculartransformer",
    "recipeType": "gt_machine",
    "euPerTick": 7680,
    "duration": 33,
    "itemInputs": [
      {
        "id": "gregtech:gt.metaitem.01:2522",
        "displayName": "Nether Quartz Dust",
        "amount": 1
      }
    ],
    "fluidInputs": [],
    "itemOutputs": [
      {
        "id": "gregtech:gt.metaitem.01:2516",
        "displayName": "Certus Quartz Dust",
        "amount": 1
      }
    ],
    "fluidOutputs": []
  },
  {
    "machine": "gtpp.recipe.moleculartransformer",
    "recipeType": "gt_machine",
    "euPerTick": 7680,
    "duration": 33,
    "itemInputs": [
      {
        "id": "gregtech:gt.metaitem.01:2516",
        "displayName": "Certus Quartz Dust",
        "amount": 1
      }
    ],
    "fluidInputs": [],
    "itemOutputs": [
      {
        "id": "gregtech:gt.metaitem.01:2522",
        "displayName": "Nether Quartz Dust",
        "amount": 1
      }
    ],
    "fluidOutputs": []
  },
  {
    "machine": "gtpp.recipe.moleculartransformer",
    "recipeType": "gt_machine",
    "euPerTick": 7680,
    "duration": 326,
    "itemInputs": [
      {
        "id": "minecraft:redstone:0",
        "displayName": "Redstone",
        "amount": 1
      }
    ],
    "fluidInputs": [],
    "itemOutputs": [
      {
        "id": "gregtech:gt.metaitem.01:2502",
        "displayName": "Ruby Dust",
        "amount": 1
      }
    ],
    "fluidOutputs": []
  },
  {
    "machine": "gtpp.recipe.moleculartransformer",
    "recipeType": "gt_machine",
    "euPerTick": 7680,
    "duration": 326,
    "itemInputs": [
      {
        "id": "gregtech:gt.metaitem.02:32558",
        "displayName": "Cheese",
        "amount": 1
      }
    ],
    "fluidInputs": [],
    "itemOutputs": [
      {
        "id": "GalacticraftCore:item.cheeseCurd:0",
        "displayName": "Cheese Curd",
        "amount": 1
      }
    ],
    "fluidOutputs": []
  },
  {
    "machine": "gtpp.recipe.moleculartransformer",
    "recipeType": "gt_machine",
    "euPerTick": 7680,
    "duration": 326,
    "itemInputs": [
      {
        "id": "harvestcraft:cheeseItem:0",
        "displayName": "Cheese",
        "amount": 1
      }
    ],
    "fluidInputs": [],
    "itemOutputs": [
      {
        "id": "GalacticraftCore:item.cheeseCurd:0",
        "displayName": "Cheese Curd",
        "amount": 1
      }
    ],
    "fluidOutputs": []
  },
  {
    "machine": "gtpp.recipe.moleculartransformer",
    "recipeType": "gt_machine",
    "euPerTick": 7680,
    "duration": 326,
    "itemInputs": [
      {
        "id": "gregtech:gt.metaitem.01:2035",
        "displayName": "Copper Dust",
        "amount": 1
      }
    ],
    "fluidInputs": [],
    "itemOutputs": [
      {
        "id": "gregtech:gt.metaitem.01:2034",
        "displayName": "Nickel Dust",
        "amount": 1
      }
    ],
    "fluidOutputs": []
  },
  {
    "machine": "gtpp.recipe.moleculartransformer",
    "recipeType": "gt_machine",
    "euPerTick": 7680,
    "duration": 326,
    "itemInputs": [
      {
        "id": "gregtech:gt.metaitem.01:2057",
        "displayName": "Tin Dust",
        "amount": 1
      }
    ],
    "fluidInputs": [],
    "itemOutputs": [
      {
        "id": "gregtech:gt.metaitem.01:2054",
        "displayName": "Silver Dust",
        "amount": 1
      }
    ],
    "fluidOutputs": []
  },
  {
    "machine": "gtpp.recipe.moleculartransformer",
    "recipeType": "gt_machine",
    "euPerTick": 7680,
    "duration": 326,
    "itemInputs": [
      {
        "id": "gregtech:gt.metaitem.01:2527",
        "displayName": "Red Garnet Dust",
        "amount": 1
      }
    ],
    "fluidInputs": [],
    "itemOutputs": [
      {
        "id": "gregtech:gt.metaitem.01:2528",
        "displayName": "Yellow Garnet Dust",
        "amount": 1
      }
    ],
    "fluidOutputs": []
  },
  {
    "machine": "gtpp.recipe.moleculartransformer",
    "recipeType": "gt_machine",
    "euPerTick": 7680,
    "duration": 326,
    "itemInputs": [
      {
        "id": "gregtech:gt.metaitem.01:2528",
        "displayName": "Yellow Garnet Dust",
        "amount": 1
      }
    ],
    "fluidInputs": [],
    "itemOutputs": [
      {
        "id": "gregtech:gt.metaitem.01:2527",
        "displayName": "Red Garnet Dust",
        "amount": 1
      }
    ],
    "fluidOutputs": []
  },
  {
    "machine": "gtpp.recipe.moleculartransformer",
    "recipeType": "gt_machine",
    "euPerTick": 7680,
    "duration": 652,
    "itemInputs": [
      {
        "id": "gregtech:gt.metaitem.01:2054",
        "displayName": "Silver Dust",
        "amount": 1
      }
    ],
    "fluidInputs": [],
    "itemOutputs": [
      {
        "id": "gregtech:gt.metaitem.01:2086",
        "displayName": "Gold Dust",
        "amount": 1
      }
    ],
    "fluidOutputs": []
  },
  {
    "machine": "gtpp.recipe.moleculartransformer",
    "recipeType": "gt_machine",
    "euPerTick": 7680,
    "duration": 652,
    "itemInputs": [
      {
        "id": "gregtech:gt.metaitem.01:2010",
        "displayName": "Carbon Dust",
        "amount": 1
      }
    ],
    "fluidInputs": [],
    "itemOutputs": [
      {
        "id": "gregtech:gt.metaitem.01:2819",
        "displayName": "Graphene Dust",
        "amount": 1
      }
    ],
    "fluidOutputs": []
  },
  {
    "machine": "gtpp.recipe.moleculartransformer",
    "recipeType": "gt_machine",
    "euPerTick": 7680,
    "duration": 5209,
    "itemInputs": [
      {
        "id": "gregtech:gt.metaitem.01:2086",
        "displayName": "Gold Dust",
        "amount": 1
      }
    ],
    "fluidInputs": [],
    "itemOutputs": [
      {
        "id": "gregtech:gt.metaitem.01:2085",
        "displayName": "Platinum Dust",
        "amount": 1
      }
    ],
    "fluidOutputs": []
  },
  {
    "machine": "gtpp.recipe.moleculartransformer",
    "recipeType": "gt_machine",
    "euPerTick": 1920,
    "duration": 600,
    "itemInputs": [
      {
        "id": "minecraft:glowstone_dust:0",
        "displayName": "Glowstone Dust",
        "amount": 1
      }
    ],
    "fluidInputs": [],
    "itemOutputs": [
      {
        "id": "AdvancedSolarPanel:asp_crafting_items:9",
        "displayName": "Sunnarium Piece",
        "amount": 1
      }
    ],
    "fluidOutputs": []
  },
  {
    "machine": "gtpp.recipe.moleculartransformer",
    "recipeType": "gt_machine",
    "euPerTick": 7680,
    "duration": 150,
    "itemInputs": [
      {
        "id": "GalaxySpace:item.GlowstoneDusts:0",
        "displayName": "Ceres Glowstone Dust",
        "amount": 1
      }
    ],
    "fluidInputs": [],
    "itemOutputs": [
      {
        "id": "AdvancedSolarPanel:asp_crafting_items:9",
        "displayName": "Sunnarium Piece",
        "amount": 1
      }
    ],
    "fluidOutputs": []
  },
  {
    "machine": "gtpp.recipe.moleculartransformer",
    "recipeType": "gt_machine",
    "euPerTick": 30720,
    "duration": 38,
    "itemInputs": [
      {
        "id": "GalaxySpace:item.GlowstoneDusts:1",
        "displayName": "Io Glowstone Dust",
        "amount": 1
      }
    ],
    "fluidInputs": [],
    "itemOutputs": [
      {
        "id": "AdvancedSolarPanel:asp_crafting_items:9",
        "displayName": "Sunnarium Piece",
        "amount": 1
      }
    ],
    "fluidOutputs": []
  },
  {
    "machine": "gtpp.recipe.moleculartransformer",
    "recipeType": "gt_machine",
    "euPerTick": 122880,
    "duration": 10,
    "itemInputs": [
      {
        "id": "GalaxySpace:item.GlowstoneDusts:2",
        "displayName": "Enceladus Glowstone Dust",
        "amount": 1
      }
    ],
    "fluidInputs": [],
    "itemOutputs": [
      {
        "id": "AdvancedSolarPanel:asp_crafting_items:9",
        "displayName": "Sunnarium Piece",
        "amount": 1
      }
    ],
    "fluidOutputs": []
  },
  {
    "machine": "gtpp.recipe.moleculartransformer",
    "recipeType": "gt_machine",
    "euPerTick": 491520,
    "duration": 3,
    "itemInputs": [
      {
        "id": "GalaxySpace:item.GlowstoneDusts:3",
        "displayName": "Proteus Glowstone Dust",
        "amount": 1
      }
    ],
    "fluidInputs": [],
    "itemOutputs": [
      {
        "id": "AdvancedSolarPanel:asp_crafting_items:9",
        "displayName": "Sunnarium Piece",
        "amount": 1
      }
    ],
    "fluidOutputs": []
  },
  {
    "machine": "gtpp.recipe.moleculartransformer",
    "recipeType": "gt_machine",
    "euPerTick": 1966080,
    "duration": 1,
    "itemInputs": [
      {
        "id": "GalaxySpace:item.GlowstoneDusts:4",
        "displayName": "Pluto Glowstone Dust",
        "amount": 1
      }
    ],
    "fluidInputs": [],
    "itemOutputs": [
      {
        "id": "AdvancedSolarPanel:asp_crafting_items:9",
        "displayName": "Sunnarium Piece",
        "amount": 1
      }
    ],
    "fluidOutputs": []
  }
]