[
  {
    "machine": "gtpp.recipe.thermalgeneratorfuel",
    "recipeType": "gt_machine",
    "duration": 20,
    "itemInputs": [],
    "fluidInputs": [
      {
        "id": "lava",
        "displayName": "Lava",
        "amount": 1000
      },
      {
        "id": "water",
        "displayName": "Water",
        "amount": 100
      }
    ],
    "itemOutputs": [
      {
        "id": "gregtech:gt.metaitem.01:11035",
        "displayName": "Copper Ingot",
        "amount": 1
      },
      {
        "id": "gregtech:gt.metaitem.01:11057",
        "displayName": "Tin Ingot",
        "amount": 1
      },
      {
        "id": "minecraft:gold_ingot:0",
        "displayName": "Gold Ingot",
        "amount": 1
      },
      {
        "id": "gregtech:gt.metaitem.01:11054",
        "displayName": "Silver Ingot",
        "amount": 1
      },
      {
        "id": "gregtech:gt.metaitem.01:11080",
        "displayName": "Tantalum Ingot",
        "amount": 1
      },
      {
        "id": "gregtech:gt.metaitem.01:2841",
        "displayName": "Tungstate Dust",
        "amount": 1
      },
      {
        "id": "minecraft:obsidian:0",
        "displayName": "Obsidian",
        "amount": 1
      }
    ],
    "fluidOutputs": [
      {
        "id": "ic2pahoehoelava",
        "displayName": "Pahoehoe Lava",
        "amount": 1000
      },
      {
        "id": "steam",
        "displayName": "Steam",
        "amount": 16000
      }
    ],
    "outputChances": [
      444,
      222,
      56,
      56,
      56,
      125,
      1000
    ]
  },
  {
    "machine": "gtpp.recipe.thermalgeneratorfuel",
    "recipeType": "gt_machine",
    "duration": 20,
    "itemInputs": [],
    "fluidInputs": [
      {
        "id": "ic2pahoehoelava",
        "displayName": "Pahoehoe Lava",
        "amount": 1000
      },
      {
        "id": "water",
        "displayName": "Water",
        "amount": 100
      }
    ],
    "itemOutputs": [
      {
        "id": "gregtech:gt.metaitem.01:11300",
        "displayName": "Bronze Ingot",
        "amount": 1
      },
      {
        "id": "gregtech:gt.metaitem.01:11303",
        "displayName": "Electrum Ingot",
        "amount": 1
      },
      {
        "id": "gregtech:gt.metaitem.01:11080",
        "displayName": "Tantalum Ingot",
        "amount": 1
      },
      {
        "id": "gregtech:gt.metaitem.01:2841",
        "displayName": "Tungstate Dust",
        "amount": 1
      },
      {
        "id": "minecraft:obsidian:0",
        "displayName": "Obsidian",
        "amount": 1
      }
    ],
    "fluidOutputs": [
      {
        "id": "steam",
        "displayName": "Steam",
        "amount": 16000
      }
    ],
    "outputChances": [
      167,
      56,
      56,
      125,
      3700
    ]
  },
  {
    "machine": "gtpp.recipe.thermalgeneratorfuel",
    "recipeType": "gt_machine",
    "duration": 20,
    "itemInputs": [],
    "fluidInputs": [
      {
        "id": "ic2hotcoolant",
        "displayName": "IC2 Hot Coolant",
        "amount": 500
      },
      {
        "id": "water",
        "displayName": "Water",
        "amount": 625
      }
    ],
    "itemOutputs": [],
    "fluidOutputs": [
      {
        "id": "ic2coolant",
        "displayName": "IC2 Coolant",
        "amount": 500
      },
      {
        "id": "ic2superheatedsteam",
        "displayName": "Superheated Steam",
        "amount": 100000
      }
    ]
  },
  {
    "machine": "gtpp.recipe.thermalgeneratorfuel",
    "recipeType": "gt_machine",
    "duration": 20,
    "itemInputs": [],
    "fluidInputs": [
      {
        "id": "molten.solarsalthot",
        "displayName": "Solar Salt (Hot)",
        "amount": 100
      },
      {
        "id": "water",
        "displayName": "Water",
        "amount": 625
      }
    ],
    "itemOutputs": [],
    "fluidOutputs": [
      {
        "id": "molten.solarsaltcold",
        "displayName": "Solar Salt (Cold)",
        "amount": 100
      },
      {
        "id": "ic2superheatedsteam",
        "displayName": "Superheated Steam",
        "amount": 100000
      }
    ]
  }
]