[
  {
    "machine": "gtpp.recipe.quantumforcesmelter",
    "recipeType": "gt_machine",
    "euPerTick": 7864320,
    "duration": 200,
    "specialValue": 2,
    "itemInputs": [
      {
        "id": "bartworks:gt.bwMetaGenerateddust:10054",
        "displayName": "Naquadah Oxide Mixture Dust",
        "amount": 32
      },
      {
        "id": "gregtech:gt.metaitem.01:2017",
        "displayName": "Sodium Dust",
        "amount": 64
      },
      {
        "id": "gregtech:gt.metaitem.01:2010",
        "displayName": "Carbon Dust",
        "amount": 1
      },
      {
        "id": "miscutils:item.BasicGenericChemItem:23",
        "displayName": "Simple Naquadah Catalyst",
        "amount": 0
      }
    ],
    "fluidInputs": [
      {
        "id": "hydrogen",
        "displayName": "Hydrogen Gas",
        "amount": 64000
      },
      {
        "id": "fluorine",
        "displayName": "Fluorine",
        "amount": 64000
      },
      {
        "id": "oxygen",
        "displayName": "Oxygen Gas",
        "amount": 100
      }
    ],
    "itemOutputs": [
      {
        "id": "bartworks:gt.bwMetaGenerateddust:10113",
        "displayName": "Inert Naquadah Dust",
        "amount": 1
      },
      {
        "id": "gregtech:gt.metaitem.01:2028",
        "displayName": "Titanium Dust",
        "amount": 64
      },
      {
        "id": "gregtech:gt.metaitem.01:2319",
        "displayName": "Adamantium Dust",
        "amount": 64
      },
      {
        "id": "gregtech:gt.metaitem.01:2037",
        "displayName": "Gallium Dust",
        "amount": 64
      }
    ],
    "fluidOutputs": []
  },
  {
    "machine": "gtpp.recipe.quantumforcesmelter",
    "recipeType": "gt_machine",
    "euPerTick": 31457280,
    "duration": 200,
    "specialValue": 2,
    "itemInputs": [
      {
        "id": "bartworks:gt.bwMetaGenerateddust:10067",
        "displayName": "Enriched-Naquadah Oxide Mixture Dust",
        "amount": 32
      },
      {
        "id": "gregtech:gt.metaitem.01:2036",
        "displayName": "Zinc Dust",
        "amount": 64
      },
      {
        "id": "gregtech:gt.metaitem.01:2010",
        "displayName": "Carbon Dust",
        "amount": 1
      },
      {
        "id": "miscutils:item.BasicGenericChemItem:23",
        "displayName": "Simple Naquadah Catalyst",
        "amount": 0
      }
    ],
    "fluidInputs": [
      {
        "id": "sulfuricacid",
        "displayName": "Sulfuric Acid",
        "amount": 16000
      },
      {
        "id": "oxygen",
        "displayName": "Oxygen Gas",
        "amount": 100
      }
    ],
    "itemOutputs": [
      {
        "id": "bartworks:gt.bwMetaGenerateddust:10114",
        "displayName": "Inert Enriched Naquadah Dust",
        "amount": 1
      },
      {
        "id": "gregtech:gt.metaitem.01:2868",
        "displayName": "Trinium Dust",
        "amount": 64
      }
    ],
    "fluidOutputs": [
      {
        "id": "waste liquid",
        "displayName": "Waste Liquid",
        "amount": 32000
      }
    ]
  },
  {
    "machine": "gtpp.recipe.quantumforcesmelter",
    "recipeType": "gt_machine",
    "euPerTick": 125829120,
    "duration": 100,
    "specialValue": 3,
    "itemInputs": [
      {
        "id": "bartworks:gt.bwMetaGenerateddust:10072",
        "displayName": "Naquadria Oxide Mixture Dust",
        "amount": 32
      },
      {
        "id": "gregtech:gt.metaitem.01:2018",
        "displayName": "Magnesium Dust",
        "amount": 64
      },
      {
        "id": "miscutils:item.BasicGenericChemItem:24",
        "displayName": "Advanced Naquadah Catalyst",
        "amount": 0
      }
    ],
    "fluidInputs": [
      {
        "id": "phosphoricacid_gt5u",
        "displayName": "Phosphoric Acid",
        "amount": 16000
      },
      {
        "id": "sulfuricacid",
        "displayName": "Sulfuric Acid",
        "amount": 16000
      },
      {
        "id": "oxygen",
        "displayName": "Oxygen Gas",
        "amount": 100
      }
    ],
    "itemOutputs": [
      {
        "id": "bartworks:gt.bwMetaGenerateddust:10115",
        "displayName": "Inert Naquadria Dust",
        "amount": 1
      },
      {
        "id": "gregtech:gt.metaitem.01:2063",
        "displayName": "Barium Dust",
        "amount": 64
      },
      {
        "id": "gregtech:gt.metaitem.01:2056",
        "displayName": "Indium Dust",
        "amount": 64
      },
      {
        "id": "gregtech:gt.metaitem.01:32429",
        "displayName": "Black Body Naquadria Supersolid",
        "amount": 1
      }
    ],
    "fluidOutputs": []
  },
  {
    "machine": "gtpp.recipe.quantumforcesmelter",
    "recipeType": "gt_machine",
    "euPerTick": 491520,
    "duration": 400,
    "specialValue": 1,
    "itemInputs": [
      {
        "id": "bartworks:gt.bwMetaGenerateddust:47",
        "displayName": "Platinum Metallic Powder Dust",
        "amount": 32
      },
      {
        "id": "miscutils:item.BasicGenericChemItem:16",
        "displayName": "Platinum Group Catalyst",
        "amount": 0
      }
    ],
    "fluidInputs": [],
    "itemOutputs": [
      {
        "id": "gregtech:gt.metaitem.01:2085",
        "displayName": "Platinum Dust",
        "amount": 64
      },
      {
        "id": "gregtech:gt.metaitem.01:2052",
        "displayName": "Palladium Dust",
        "amount": 64
      },
      {
        "id": "gregtech:gt.metaitem.01:2084",
        "displayName": "Iridium Dust",
        "amount": 64
      },
      {
        "id": "gregtech:gt.metaitem.01:2083",
        "displayName": "Osmium Dust",
        "amount": 64
      },
      {
        "id": "bartworks:gt.bwMetaGenerateddust:78",
        "displayName": "Rhodium Dust",
        "amount": 64
      },
      {
        "id": "bartworks:gt.bwMetaGenerateddust:64",
        "displayName": "Ruthenium Dust",
        "amount": 64
      }
    ],
    "fluidOutputs": []
  },
  {
    "machine": "gtpp.recipe.quantumforcesmelter",
    "recipeType": "gt_machine",
    "euPerTick": 491520,
    "duration": 400,
    "specialValue": 1,
    "itemInputs": [
      {
        "id": "bartworks:gt.bwMetaGenerateddust:53",
        "displayName": "Palladium Metallic Powder Dust",
        "amount": 32
      },
      {
        "id": "miscutils:item.BasicGenericChemItem:16",
        "displayName": "Platinum Group Catalyst",
        "amount": 0
      }
    ],
    "fluidInputs": [],
    "itemOutputs": [
      {
        "id": "gregtech:gt.metaitem.01:2052",
        "displayName": "Palladium Dust",
        "amount": 64
      },
      {
        "id": "gregtech:gt.metaitem.01:2085",
        "displayName": "Platinum Dust",
        "amount": 64
      },
      {
        "id": "bartworks:gt.bwMetaGenerateddust:88",
        "displayName": "Rhodium-Plated Palladium Dust",
        "amount": 64
      }
    ],
    "fluidOutputs": []
  },
  {
    "machine": "gtpp.recipe.quantumforcesmelter",
    "recipeType": "gt_machine",
    "euPerTick": 491520,
    "duration": 400,
    "specialValue": 1,
    "itemInputs": [
      {
        "id": "bartworks:gt.bwMetaGenerateddust:70",
        "displayName": "Iridium Metal Residue Dust",
        "amount": 32
      },
      {
        "id": "miscutils:item.BasicGenericChemItem:16",
        "displayName": "Platinum Group Catalyst",
        "amount": 0
      }
    ],
    "fluidInputs": [],
    "itemOutputs": [
      {
        "id": "gregtech:gt.metaitem.01:2084",
        "displayName": "Iridium Dust",
        "amount": 64
      },
      {
        "id": "gregtech:gt.metaitem.01:2085",
        "displayName": "Platinum Dust",
        "amount": 64
      },
      {
        "id": "gregtech:gt.metaitem.01:2317",
        "displayName": "Osmiridium Dust",
        "amount": 64
      }
    ],
    "fluidOutputs": []
  },
  {
    "machine": "gtpp.recipe.quantumforcesmelter",
    "recipeType": "gt_machine",
    "euPerTick": 491520,
    "duration": 400,
    "specialValue": 1,
    "itemInputs": [
      {
        "id": "bartworks:gt.bwMetaGenerateddust:69",
        "displayName": "Rarest Metal Residue Dust",
        "amount": 32
      },
      {
        "id": "miscutils:item.BasicGenericChemItem:16",
        "displayName": "Platinum Group Catalyst",
        "amount": 0
      }
    ],
    "fluidInputs": [],
    "itemOutputs": [
      {
        "id": "gregtech:gt.metaitem.01:2083",
        "displayName": "Osmium Dust",
        "amount": 64
      },
      {
        "id": "gregtech:gt.metaitem.01:2084",
        "displayName": "Iridium Dust",
        "amount": 64
      },
      {
        "id": "gregtech:gt.metaitem.01:2317",
        "displayName": "Osmiridium Dust",
        "amount": 64
      }
    ],
    "fluidOutputs": []
  },
  {
    "machine": "gtpp.recipe.quantumforcesmelter",
    "recipeType": "gt_machine",
    "euPerTick": 491520,
    "duration": 400,
    "specialValue": 1,
    "itemInputs": [
      {
        "id": "bartworks:gt.bwMetaGenerateddust:79",
        "displayName": "Crude Rhodium Metal Dust",
        "amount": 32
      },
      {
        "id": "miscutils:item.BasicGenericChemItem:16",
        "displayName": "Platinum Group Catalyst",
        "amount": 0
      }
    ],
    "fluidInputs": [],
    "itemOutputs": [
      {
        "id": "bartworks:gt.bwMetaGenerateddust:78",
        "displayName": "Rhodium Dust",
        "amount": 64
      },
      {
        "id": "gregtech:gt.metaitem.01:2052",
        "displayName": "Palladium Dust",
        "amount": 64
      },
      {
        "id": "gregtech:gt.metaitem.01:2085",
        "displayName": "Platinum Dust",
        "amount": 64
      },
      {
        "id": "bartworks:gt.bwMetaGenerateddust:88",
        "displayName": "Rhodium-Plated Palladium Dust",
        "amount": 64
      }
    ],
    "fluidOutputs": []
  },
  {
    "machine": "gtpp.recipe.quantumforcesmelter",
    "recipeType": "gt_machine",
    "euPerTick": 491520,
    "duration": 400,
    "specialValue": 1,
    "itemInputs": [
      {
        "id": "bartworks:gt.bwMetaGenerateddust:60",
        "displayName": "Leach Residue Dust",
        "amount": 32
      },
      {
        "id": "miscutils:item.BasicGenericChemItem:16",
        "displayName": "Platinum Group Catalyst",
        "amount": 0
      }
    ],
    "fluidInputs": [],
    "itemOutputs": [
      {
        "id": "gregtech:gt.metaitem.01:2084",
        "displayName": "Iridium Dust",
        "amount": 64
      },
      {
        "id": "gregtech:gt.metaitem.01:2083",
        "displayName": "Osmium Dust",
        "amount": 64
      },
      {
        "id": "bartworks:gt.bwMetaGenerateddust:78",
        "displayName": "Rhodium Dust",
        "amount": 64
      },
      {
        "id": "bartworks:gt.bwMetaGenerateddust:64",
        "displayName": "Ruthenium Dust",
        "amount": 64
      }
    ],
    "fluidOutputs": []
  },
  {
    "machine": "gtpp.recipe.quantumforcesmelter",
    "recipeType": "gt_machine",
    "euPerTick": 122880,
    "duration": 400,
    "specialValue": 1,
    "itemInputs": [
      {
        "id": "gregtech:gt.metaitem.01:2010",
        "displayName": "Carbon Dust",
        "amount": 64
      },
      {
        "id": "miscutils:item.BasicGenericChemItem:17",
        "displayName": "Plastic Polymer Catalyst",
        "amount": 0
      }
    ],
    "fluidInputs": [
      {
        "id": "oxygen",
        "displayName": "Oxygen Gas",
        "amount": 16000
      },
      {
        "id": "hydrogen",
        "displayName": "Hydrogen Gas",
        "amount": 16000
      },
      {
        "id": "chlorine",
        "displayName": "Chlorine",
        "amount": 16000
      },
      {
        "id": "fluorine",
        "displayName": "Fluorine",
        "amount": 16000
      }
    ],
    "itemOutputs": [],
    "fluidOutputs": [
      {
        "id": "molten.plastic",
        "displayName": "Molten Polyethylene",
        "amount": 36864
      },
      {
        "id": "molten.polyvinylchloride",
        "displayName": "Molten Polyvinyl Chloride",
        "amount": 18432
      },
      {
        "id": "molten.polystyrene",
        "displayName": "Molten Polystyrene",
        "amount": 9216
      },
      {
        "id": "molten.polytetrafluoroethylene",
        "displayName": "Molten Polytetrafluoroethylene",
        "amount": 18432
      },
      {
        "id": "molten.epoxid",
        "displayName": "Molten Epoxid",
        "amount": 9216
      },
      {
        "id": "molten.polybenzimidazole",
        "displayName": "Molten Polybenzimidazole",
        "amount": 9216
      }
    ]
  },
  {
    "machine": "gtpp.recipe.quantumforcesmelter",
    "recipeType": "gt_machine",
    "euPerTick": 122880,
    "duration": 400,
    "specialValue": 1,
    "itemInputs": [
      {
        "id": "gregtech:gt.metaitem.01:2010",
        "displayName": "Carbon Dust",
        "amount": 64
      },
      {
        "id": "miscutils:item.BasicGenericChemItem:18",
        "displayName": "Rubber Polymer Catalyst",
        "amount": 0
      }
    ],
    "fluidInputs": [
      {
        "id": "oxygen",
        "displayName": "Oxygen Gas",
        "amount": 16000
      },
      {
        "id": "hydrogen",
        "displayName": "Hydrogen Gas",
        "amount": 16000
      },
      {
        "id": "chlorine",
        "displayName": "Chlorine",
        "amount": 16000
      }
    ],
    "itemOutputs": [],
    "fluidOutputs": [
      {
        "id": "molten.silicone",
        "displayName": "Molten Silicone Rubber",
        "amount": 9216
      },
      {
        "id": "molten.styrenebutadienerubber",
        "displayName": "Molten Styrene-Butadiene Rubber",
        "amount": 9216
      },
      {
        "id": "molten.polyphenylenesulfide",
        "displayName": "Molten Polyphenylene Sulfide",
        "amount": 18432
      },
      {
        "id": "molten.rubber",
        "displayName": "Molten Rubber",
        "amount": 36864
      }
    ]
  },
  {
    "machine": "gtpp.recipe.quantumforcesmelter",
    "recipeType": "gt_machine",
    "euPerTick": 491520,
    "duration": 400,
    "specialValue": 1,
    "itemInputs": [
      {
        "id": "gregtech:gt.metaitem.01:2010",
        "displayName": "Carbon Dust",
        "amount": 32
      },
      {
        "id": "gregtech:gt.metaitem.01:2090",
        "displayName": "Bismuth Dust",
        "amount": 32
      },
      {
        "id": "miscutils:item.BasicGenericChemItem:19",
        "displayName": "Adhesion Promoter Catalyst",
        "amount": 0
      }
    ],
    "fluidInputs": [
      {
        "id": "oxygen",
        "displayName": "Oxygen Gas",
        "amount": 10000
      },
      {
        "id": "hydrogen",
        "displayName": "Hydrogen Gas",
        "amount": 10000
      }
    ],
    "itemOutputs": [
      {
        "id": "gregtech:gt.metaitem.01:32427",
        "displayName": "Hyper-Stable Self-Healing Adhesive",
        "amount": 1
      }
    ],
    "fluidOutputs": [
      {
        "id": "molten.ethylcyanoacrylatesuperglue",
        "displayName": "Ethyl Cyanoacrylate (Super Glue)",
        "amount": 32000
      },
      {
        "id": "advancedglue",
        "displayName": "Advanced Glue",
        "amount": 16000
      },
      {
        "id": "molten.indalloy140",
        "displayName": "Molten Indalloy 140",
        "amount": 9216
      },
      {
        "id": "molten.solderingalloy",
        "displayName": "Molten Soldering Alloy",
        "amount": 18432
      }
    ]
  },
  {
    "machine": "gtpp.recipe.quantumforcesmelter",
    "recipeType": "gt_machine",
    "euPerTick": 491520,
    "duration": 400,
    "specialValue": 1,
    "itemInputs": [
      {
        "id": "gregtech:gt.metaitem.01:2089",
        "displayName": "Lead Dust",
        "amount": 16
      },
      {
        "id": "gregtech:gt.metaitem.01:2822",
        "displayName": "Bauxite Dust",
        "amount": 32
      },
      {
        "id": "gregtech:gt.metaitem.01:2841",
        "displayName": "Tungstate Dust",
        "amount": 16
      },
      {
        "id": "miscutils:item.BasicGenericChemItem:20",
        "displayName": "Tita-Tungsten Indium Catalyst",
        "amount": 0
      }
    ],
    "fluidInputs": [],
    "itemOutputs": [
      {
        "id": "gregtech:gt.metaitem.01:2028",
        "displayName": "Titanium Dust",
        "amount": 64
      },
      {
        "id": "gregtech:gt.metaitem.01:2316",
        "displayName": "Tungstensteel Dust",
        "amount": 64
      },
      {
        "id": "gregtech:gt.metaitem.01:2370",
        "displayName": "Tungstencarbide Dust",
        "amount": 64
      },
      {
        "id": "gregtech:gt.metaitem.01:2056",
        "displayName": "Indium Dust",
        "amount": 64
      }
    ],
    "fluidOutputs": []
  },
  {
    "machine": "gtpp.recipe.quantumforcesmelter",
    "recipeType": "gt_machine",
    "euPerTick": 491520,
    "duration": 400,
    "specialValue": 1,
    "itemInputs": [
      {
        "id": "gregtech:gt.metaitem.01:2375",
        "displayName": "Rutile Dust",
        "amount": 32
      },
      {
        "id": "gregtech:gt.metaitem.01:2910",
        "displayName": "Scheelite Dust",
        "amount": 16
      },
      {
        "id": "gregtech:gt.metaitem.01:2918",
        "displayName": "Ilmenite Dust",
        "amount": 16
      },
      {
        "id": "miscutils:item.BasicGenericChemItem:20",
        "displayName": "Tita-Tungsten Indium Catalyst",
        "amount": 0
      }
    ],
    "fluidInputs": [],
    "itemOutputs": [
      {
        "id": "gregtech:gt.metaitem.01:2028",
        "displayName": "Titanium Dust",
        "amount": 64
      },
      {
        "id": "gregtech:gt.metaitem.01:2316",
        "displayName": "Tungstensteel Dust",
        "amount": 64
      },
      {
        "id": "gregtech:gt.metaitem.01:2080",
        "displayName": "Tantalum Dust",
        "amount": 64
      },
      {
        "id": "gregtech:gt.metaitem.01:2056",
        "displayName": "Indium Dust",
        "amount": 64
      },
      {
        "id": "gregtech:gt.metaitem.01:2047",
        "displayName": "Niobium Dust",
        "amount": 64
      }
    ],
    "fluidOutputs": []
  },
  {
    "machine": "gtpp.recipe.quantumforcesmelter",
    "recipeType": "gt_machine",
    "euPerTick": 491520,
    "duration": 400,
    "specialValue": 1,
    "itemInputs": [
      {
        "id": "gregtech:gt.metaitem.01:2096",
        "displayName": "Thorium Dust",
        "amount": 32
      },
      {
        "id": "gregtech:gt.metaitem.01:2098",
        "displayName": "Uranium 238 Dust",
        "amount": 32
      },
      {
        "id": "miscutils:item.BasicGenericChemItem:21",
        "displayName": "Radioactivity Catalyst",
        "amount": 0
      }
    ],
    "fluidInputs": [],
    "itemOutputs": [
      {
        "id": "bartworks:gt.bwMetaGenerateddust:30",
        "displayName": "Thorium 232 Dust",
        "amount": 64
      },
      {
        "id": "miscutils:itemDustUranium233:0",
        "displayName": "Uranium 233 Dust",
        "amount": 64
      },
      {
        "id": "gregtech:gt.metaitem.01:2097",
        "displayName": "Uranium 235 Dust",
        "amount": 64
      },
      {
        "id": "miscutils:itemDustPlutonium238:0",
        "displayName": "Plutonium-238 Dust",
        "amount": 64
      },
      {
        "id": "gregtech:gt.metaitem.01:2100",
        "displayName": "Plutonium 239 Dust",
        "amount": 64
      },
      {
        "id": "gregtech:gt.metaitem.01:2101",
        "displayName": "Plutonium 241 Dust",
        "amount": 64
      }
    ],
    "fluidOutputs": []
  },
  {
    "machine": "gtpp.recipe.quantumforcesmelter",
    "recipeType": "gt_machine",
    "euPerTick": 1966080,
    "duration": 400,
    "specialValue": 2,
    "itemInputs": [
      {
        "id": "gregtech:gt.metaitem.01:2520",
        "displayName": "Monazite Dust",
        "amount": 32
      },
      {
        "id": "miscutils:item.BasicGenericChemItem:22",
        "displayName": "Rare-Earth Group Catalyst",
        "amount": 0
      }
    ],
    "fluidInputs": [],
    "itemOutputs": [
      {
        "id": "gregtech:gt.metaitem.01:2065",
        "displayName": "Cerium Dust",
        "amount": 64
      },
      {
        "id": "gregtech:gt.metaitem.01:2071",
        "displayName": "Gadolinium Dust",
        "amount": 64
      },
      {
        "id": "gregtech:gt.metaitem.01:2069",
        "displayName": "Samarium Dust",
        "amount": 64
      },
      {
        "id": "bartworks:gt.bwMetaGenerateddust:11002",
        "displayName": "Hafnia Dust",
        "amount": 64
      },
      {
        "id": "bartworks:gt.bwMetaGenerateddust:3",
        "displayName": "Zirconium Dust",
        "amount": 64
      },
      {
        "id": "gregtech:gt.metaitem.01:32428",
        "displayName": "Superconductor Rare-Earth Composite",
        "amount": 1
      }
    ],
    "fluidOutputs": []
  },
  {
    "machine": "gtpp.recipe.quantumforcesmelter",
    "recipeType": "gt_machine",
    "euPerTick": 1966080,
    "duration": 400,
    "specialValue": 2,
    "itemInputs": [
      {
        "id": "gregtech:gt.metaitem.01:2905",
        "displayName": "Bastnasite Dust",
        "amount": 32
      },
      {
        "id": "miscutils:item.BasicGenericChemItem:22",
        "displayName": "Rare-Earth Group Catalyst",
        "amount": 0
      }
    ],
    "fluidInputs": [],
    "itemOutputs": [
      {
        "id": "gregtech:gt.metaitem.01:2074",
        "displayName": "Holmium Dust",
        "amount": 64
      },
      {
        "id": "gregtech:gt.metaitem.01:2065",
        "displayName": "Cerium Dust",
        "amount": 64
      },
      {
        "id": "gregtech:gt.metaitem.01:2069",
        "displayName": "Samarium Dust",
        "amount": 64
      },
      {
        "id": "gregtech:gt.metaitem.01:2071",
        "displayName": "Gadolinium Dust",
        "amount": 64
      },
      {
        "id": "gregtech:gt.metaitem.01:2064",
        "displayName": "Lanthanum Dust",
        "amount": 64
      }
    ],
    "fluidOutputs": []
  },
  {
    "machine": "gtpp.recipe.quantumforcesmelter",
    "recipeType": "gt_machine",
    "euPerTick": 1966080,
    "duration": 400,
    "specialValue": 2,
    "itemInputs": [
      {
        "id": "bartworks:gt.bwMetaGenerateddust:11029",
        "displayName": "Cerium-Rich Mixture Dust",
        "amount": 16
      },
      {
        "id": "miscutils:item.BasicGenericChemItem:22",
        "displayName": "Rare-Earth Group Catalyst",
        "amount": 0
      }
    ],
    "fluidInputs": [],
    "itemOutputs": [
      {
        "id": "gregtech:gt.metaitem.01:2074",
        "displayName": "Holmium Dust",
        "amount": 64
      },
      {
        "id": "gregtech:gt.metaitem.01:2065",
        "displayName": "Cerium Dust",
        "amount": 64
      },
      {
        "id": "gregtech:gt.metaitem.01:2069",
        "displayName": "Samarium Dust",
        "amount": 64
      },
      {
        "id": "gregtech:gt.metaitem.01:2071",
        "displayName": "Gadolinium Dust",
        "amount": 64
      },
      {
        "id": "gregtech:gt.metaitem.01:2064",
        "displayName": "Lanthanum Dust",
        "amount": 64
      }
    ],
    "fluidOutputs": []
  },
  {
    "machine": "gtpp.recipe.quantumforcesmelter",
    "recipeType": "gt_machine",
    "euPerTick": 7864320,
    "duration": 400,
    "specialValue": 3,
    "itemInputs": [
      {
        "id": "gregtech:gt.metaitem.01:2026",
        "displayName": "Calcium Dust",
        "amount": 32
      },
      {
        "id": "gregtech:gt.metaitem.01:2892",
        "displayName": "Mince Meat",
        "amount": 32
      },
      {
        "id": "dreamcraft:GTNHBioItems:2",
        "displayName": "Agar",
        "amount": 32
      },
      {
        "id": "miscutils:item.BasicGenericChemItem:25",
        "displayName": "Raw Intelligence Catalyst",
        "amount": 0
      }
    ],
    "fluidInputs": [],
    "itemOutputs": [
      {
        "id": "gregtech:gt.metaitem.03:32073",
        "displayName": "Stemcells",
        "amount": 2048
      }
    ],
    "fluidOutputs": [
      {
        "id": "growthmediumraw",
        "displayName": "Raw Growth Catalyst Medium",
        "amount": 1024000
      },
      {
        "id": "growthmediumsterilized",
        "displayName": "Growth Catalyst Medium",
        "amount": 512000
      }
    ]
  },
  {
    "machine": "gtpp.recipe.quantumforcesmelter",
    "recipeType": "gt_machine",
    "euPerTick": 7864320,
    "duration": 100,
    "specialValue": 3,
    "itemInputs": [
      {
        "id": "miscutils:item.BasicGenericChemItem:31",
        "displayName": "Particle Acceleration Catalyst",
        "amount": 0
      }
    ],
    "fluidInputs": [
      {
        "id": "hydrogen",
        "displayName": "Hydrogen Gas",
        "amount": 10000
      },
      {
        "id": "deuterium",
        "displayName": "Deuterium",
        "amount": 1000
      }
    ],
    "itemOutputs": [
      {
        "id": "miscutils:particleBase:24",
        "displayName": "Unknown Particle",
        "amount": 1
      },
      {
        "id": "miscutils:particleBase:0",
        "displayName": "Graviton",
        "amount": 1
      },
      {
        "id": "miscutils:particleBase:18",
        "displayName": "Proton",
        "amount": 1
      },
      {
        "id": "miscutils:particleBase:7",
        "displayName": "Electron",
        "amount": 1
      }
    ],
    "fluidOutputs": [
      {
        "id": "plasma.hydrogen",
        "displayName": "Hydrogen Plasma",
        "amount": 1000
      }
    ]
  },
  {
    "machine": "gtpp.recipe.quantumforcesmelter",
    "recipeType": "gt_machine",
    "euPerTick": 31457280,
    "duration": 400,
    "specialValue": 4,
    "itemInputs": [
      {
        "id": "gregtech:gt.metaitem.01:2010",
        "displayName": "Carbon Dust",
        "amount": 64
      },
      {
        "id": "gregtech:gt.metaitem.01:2083",
        "displayName": "Osmium Dust",
        "amount": 24
      },
      {
        "id": "miscutils:item.BasicGenericChemItem:26",
        "displayName": "Ultimate Plasticizer Catalyst",
        "amount": 0
      }
    ],
    "fluidInputs": [
      {
        "id": "hydrogen",
        "displayName": "Hydrogen Gas",
        "amount": 16000
      },
      {
        "id": "nitrogen",
        "displayName": "Nitrogen Gas",
        "amount": 16000
      }
    ],
    "itemOutputs": [],
    "fluidOutputs": [
      {
        "id": "xenoxene",
        "displayName": "Xenoxene",
        "amount": 16000
      },
      {
        "id": "molten.radoxpoly",
        "displayName": "Molten Radox Polymer",
        "amount": 9216
      },
      {
        "id": "heavyradox",
        "displayName": "Heavy Radox",
        "amount": 16000
      },
      {
        "id": "molten.kevlar",
        "displayName": "Molten Kevlar",
        "amount": 9216
      }
    ]
  },
  {
    "machine": "gtpp.recipe.quantumforcesmelter",
    "recipeType": "gt_machine",
    "euPerTick": 31457280,
    "duration": 400,
    "specialValue": 4,
    "itemInputs": [
      {
        "id": "gregtech:gt.comb:161",
        "displayName": "Kevlar Comb",
        "amount": 24
      },
      {
        "id": "gregtech:gt.metaitem.01:2010",
        "displayName": "Carbon Dust",
        "amount": 64
      },
      {
        "id": "miscutils:item.BasicGenericChemItem:26",
        "displayName": "Ultimate Plasticizer Catalyst",
        "amount": 0
      }
    ],
    "fluidInputs": [
      {
        "id": "nitrogen",
        "displayName": "Nitrogen Gas",
        "amount": 16000
      },
      {
        "id": "hydrogen",
        "displayName": "Hydrogen Gas",
        "amount": 16000
      }
    ],
    "itemOutputs": [],
    "fluidOutputs": [
      {
        "id": "polyurethaneresin",
        "displayName": "Polyurethane Resin",
        "amount": 32000
      },
      {
        "id": "liquidcrystalkevlar",
        "displayName": "Liquid Crystal Kevlar",
        "amount": 4608
      },
      {
        "id": "molten.kevlar",
        "displayName": "Molten Kevlar",
        "amount": 9216
      }
    ]
  },
  {
    "machine": "gtpp.recipe.quantumforcesmelter",
    "recipeType": "gt_machine",
    "euPerTick": 491520,
    "duration": 400,
    "specialValue": 1,
    "itemInputs": [
      {
        "id": "gregtech:gt.comb:69",
        "displayName": "Platinum Comb",
        "amount": 32
      },
      {
        "id": "gregtech:gt.comb:164",
        "displayName": "Palladium Comb",
        "amount": 32
      },
      {
        "id": "gregtech:gt.comb:72",
        "displayName": "Osmium Comb",
        "amount": 32
      },
      {
        "id": "gregtech:gt.comb:70",
        "displayName": "Iridium Comb",
        "amount": 32
      },
      {
        "id": "miscutils:item.BasicGenericChemItem:16",
        "displayName": "Platinum Group Catalyst",
        "amount": 0
      }
    ],
    "fluidInputs": [],
    "itemOutputs": [],
    "fluidOutputs": [
      {
        "id": "molten.osmium",
        "displayName": "Molten Osmium",
        "amount": 36864
      },
      {
        "id": "molten.palladium",
        "displayName": "Molten Palladium",
        "amount": 36864
      },
      {
        "id": "molten.iridium",
        "displayName": "Molten Iridium",
        "amount": 36864
      },
      {
        "id": "molten.platinum",
        "displayName": "Molten Platinum",
        "amount": 36864
      }
    ]
  },
  {
    "machine": "gtpp.recipe.quantumforcesmelter",
    "recipeType": "gt_machine",
    "euPerTick": 31457280,
    "duration": 400,
    "specialValue": 4,
    "itemInputs": [
      {
        "id": "gregtech:gt.metaitem.03:32073",
        "displayName": "Stemcells",
        "amount": 16
      },
      {
        "id": "gregtech:gt.metaitem.01:2394",
        "displayName": "Infinity Catalyst Dust",
        "amount": 4
      },
      {
        "id": "miscutils:item.BasicGenericChemItem:27",
        "displayName": "Biological Intelligence Catalyst",
        "amount": 0
      }
    ],
    "fluidInputs": [],
    "itemOutputs": [
      {
        "id": "gregtech:gt.metaitem.03:32076",
        "displayName": "Biocells",
        "amount": 2048
      }
    ],
    "fluidOutputs": [
      {
        "id": "molten.mutatedlivingsolder",
        "displayName": "Mutated Living Solder",
        "amount": 18432
      },
      {
        "id": "biohmediumsterilized",
        "displayName": "Sterilized Bio Catalyst Medium",
        "amount": 256000
      },
      {
        "id": "biomediumraw",
        "displayName": "Raw Bio Catalyst Medium",
        "amount": 512000
      }
    ]
  },
  {
    "machine": "gtpp.recipe.quantumforcesmelter",
    "recipeType": "gt_machine",
    "euPerTick": 31457280,
    "duration": 4000,
    "specialValue": 4,
    "itemInputs": [
      {
        "id": "miscutils:item.BasicGenericChemItem:32",
        "displayName": "Synchrotron-Capable Catalyst",
        "amount": 0
      },
      {
        "id": "miscutils:MU-metaitem.01:32105",
        "displayName": "Quantum Anomaly",
        "amount": 1
      }
    ],
    "fluidInputs": [
      {
        "id": "plasma.hydrogen",
        "displayName": "Hydrogen Plasma",
        "amount": 30000
      },
      {
        "id": "plasma.helium",
        "displayName": "Helium Plasma",
        "amount": 30000
      },
      {
        "id": "plasma.americium",
        "displayName": "Americium Plasma",
        "amount": 30000
      },
      {
        "id": "plasma.celestialtungsten",
        "displayName": "Celestial Tungsten Plasma",
        "amount": 30000
      }
    ],
    "itemOutputs": [
      {
        "id": "miscutils:particleBase:15",
        "displayName": "Z Boson",
        "amount": 1
      },
      {
        "id": "miscutils:particleBase:16",
        "displayName": "W Boson",
        "amount": 1
      },
      {
        "id": "miscutils:particleBase:20",
        "displayName": "Lambda",
        "amount": 1
      },
      {
        "id": "miscutils:particleBase:21",
        "displayName": "Omega",
        "amount": 1
      },
      {
        "id": "miscutils:particleBase:17",
        "displayName": "Higgs Boson",
        "amount": 1
      }
    ],
    "fluidOutputs": []
  },
  {
    "machine": "gtpp.recipe.quantumforcesmelter",
    "recipeType": "gt_machine",
    "euPerTick": 31457280,
    "duration": 400,
    "specialValue": 4,
    "itemInputs": [
      {
        "id": "harvestcraft:seaweedItem:0",
        "displayName": "Seaweed",
        "amount": 64
      },
      {
        "id": "gregtech:gt.metaitem.01:2387",
        "displayName": "Mytryl Dust",
        "amount": 16
      },
      {
        "id": "miscutils:item.BasicGenericChemItem:33",
        "displayName": "Algagenic Growth Promoter Catalyst",
        "amount": 0
      }
    ],
    "fluidInputs": [
      {
        "id": "unknowwater",
        "displayName": "Unknown Liquid",
        "amount": 25000
      }
    ],
    "itemOutputs": [
      {
        "id": "GalaxySpace:tcetiedandelions:4",
        "displayName": "T Ceti E Seaweed",
        "amount": 2048
      },
      {
        "id": "dreamcraft:item.TCetiESeaweedExtract:0",
        "displayName": "TCetiE-Seaweed Extract",
        "amount": 16
      }
    ],
    "fluidOutputs": [
      {
        "id": "seaweedbroth",
        "displayName": "Seaweed Broth",
        "amount": 50000
      },
      {
        "id": "iodine",
        "displayName": "Iodine",
        "amount": 64000
      }
    ]
  },
  {
    "machine": "gtpp.recipe.quantumforcesmelter",
    "recipeType": "gt_machine",
    "euPerTick": 125829120,
    "duration": 400,
    "specialValue": 4,
    "itemInputs": [
      {
        "id": "eternalsingularity:combined_singularity:15",
        "displayName": "Chronic Singularity",
        "amount": 1
      },
      {
        "id": "gregtech:gt.metaitem.01:32417",
        "displayName": "Energised Tesseract",
        "amount": 1
      },
      {
        "id": "miscutils:item.BasicGenericChemItem:28",
        "displayName": "Temporal Harmonizer Catalyst",
        "amount": 0
      }
    ],
    "fluidInputs": [
      {
        "id": "primordialmatter",
        "displayName": "Liquid Primordial Matter",
        "amount": 1152
      }
    ],
    "itemOutputs": [
      {
        "id": "bartworks:gt.bwMetaGenerateddust:10112",
        "displayName": "Shirabon Dust",
        "amount": 64
      },
      {
        "id": "gregtech:gt.metaitem.03:32757",
        "displayName": "Timepiece",
        "amount": 1
      }
    ],
    "fluidOutputs": [
      {
        "id": "molten.eternity",
        "displayName": "Molten Eternity",
        "amount": 9216
      },
      {
        "id": "temporalfluid",
        "displayName": "Tachyon Rich Temporal Fluid",
        "amount": 18432
      }
    ]
  }
]