[
  {
    "machine": "gtpp.recipe.coldtrap",
    "recipeType": "gt_machine",
    "euPerTick": 480,
    "duration": 12000,
    "itemInputs": [
      {
        "id": "miscutils:item.T3RecipeSelector:8",
        "displayName": "Programmed Breakthrough Circuit",
        "amount": 0
      },
      {
        "id": "miscutils:itemCellSodiumFluoride:0",
        "displayName": "Sodium Fluoride Cell",
        "amount": 4
      }
    ],
    "fluidInputs": [
      {
        "id": "molten.fluorinateduraniumhexafluoridefuf6",
        "displayName": "Fluorinated Uranium Hexafluoride (F-UF6)",
        "amount": 3000
      }
    ],
    "itemOutputs": [
      {
        "id": "gregtech:gt.metaitem.01:30014",
        "displayName": "Fluorine Cell",
        "amount": 2
      },
      {
        "id": "miscutils:itemCellUraniumHexafluoride:0",
        "displayName": "Uranium Hexafluoride Cell",
        "amount": 2
      },
      {
        "id": "miscutils:itemDustUranium233:0",
        "displayName": "Uranium 233 Dust",
        "amount": 1
      },
      {
        "id": "miscutils:itemDustUranium233:0",
        "displayName": "Uranium 233 Dust",
        "amount": 1
      },
      {
        "id": "miscutils:itemDustUranium233:0",
        "displayName": "Uranium 233 Dust",
        "amount": 1
      }
    ],
    "fluidOutputs": [
      {
        "id": "molten.sodiumfluoride",
        "displayName": "Sodium Fluoride",
        "amount": 2000
      }
    ],
    "outputChances": [
      10000,
      10000,
      3000,
      2000,
      1000
    ]
  },
  {
    "machine": "gtpp.recipe.coldtrap",
    "recipeType": "gt_machine",
    "euPerTick": 1920,
    "duration": 12000,
    "itemInputs": [
      {
        "id": "miscutils:item.T3RecipeSelector:8",
        "displayName": "Programmed Breakthrough Circuit",
        "amount": 0
      },
      {
        "id": "miscutils:itemCellSodiumFluoride:0",
        "displayName": "Sodium Fluoride Cell",
        "amount": 3
      }
    ],
    "fluidInputs": [
      {
        "id": "molten.phosphorousuraniumhexafluoridepuf6",
        "displayName": "Phosphorous Uranium Hexafluoride (P-UF6)",
        "amount": 2000
      }
    ],
    "itemOutputs": [
      {
        "id": "gregtech:gt.metaitem.01:30014",
        "displayName": "Fluorine Cell",
        "amount": 1
      },
      {
        "id": "miscutils:itemCellUraniumHexafluoride:0",
        "displayName": "Uranium Hexafluoride Cell",
        "amount": 2
      },
      {
        "id": "gregtech:gt.metaitem.01:2021",
        "displayName": "Phosphorus Dust",
        "amount": 1
      },
      {
        "id": "gregtech:gt.metaitem.01:2021",
        "displayName": "Phosphorus Dust",
        "amount": 1
      },
      {
        "id": "gregtech:gt.metaitem.01:2021",
        "displayName": "Phosphorus Dust",
        "amount": 1
      },
      {
        "id": "gregtech:gt.metaitem.01:2021",
        "displayName": "Phosphorus Dust",
        "amount": 1
      },
      {
        "id": "gregtech:gt.metaitem.01:2021",
        "displayName": "Phosphorus Dust",
        "amount": 1
      },
      {
        "id": "gregtech:gt.metaitem.01:2021",
        "displayName": "Phosphorus Dust",
        "amount": 1
      }
    ],
    "fluidOutputs": [
      {
        "id": "molten.sodiumfluoride",
        "displayName": "Sodium Fluoride",
        "amount": 2000
      }
    ],
    "outputChances": [
      10000,
      10000,
      5000,
      5000,
      5000,
      5000,
      5000,
      5000
    ]
  }
]