[
  {
    "machine": "gtpp.recipe.rtggenerators",
    "recipeType": "gt_machine",
    "euPerTick": 64,
    "specialValue": 87,
    "itemInputs": [
      {
        "id": "miscutils:MU-metaitem.01:32041",
        "displayName": "²³⁸Pu Pellet",
        "amount": 1
      }
    ],
    "fluidInputs": [],
    "itemOutputs": [],
    "fluidOutputs": []
  },
  {
    "machine": "gtpp.recipe.rtggenerators",
    "recipeType": "gt_machine",
    "euPerTick": 30,
    "specialValue": 29,
    "itemInputs": [
      {
        "id": "miscutils:MU-metaitem.01:32042",
        "displayName": "⁹⁰Sr Pellet",
        "amount": 1
      }
    ],
    "fluidInputs": [],
    "itemOutputs": [],
    "fluidOutputs": []
  },
  {
    "machine": "gtpp.recipe.rtggenerators",
    "recipeType": "gt_machine",
    "euPerTick": 480,
    "specialValue": 1,
    "itemInputs": [
      {
        "id": "miscutils:MU-metaitem.01:32043",
        "displayName": "²¹⁰Po Pellet",
        "amount": 1
      }
    ],
    "fluidInputs": [],
    "itemOutputs": [],
    "fluidOutputs": []
  },
  {
    "machine": "gtpp.recipe.rtggenerators",
    "recipeType": "gt_machine",
    "euPerTick": 16,
    "specialValue": 216,
    "itemInputs": [
      {
        "id": "miscutils:MU-metaitem.01:32044",
        "displayName": "²⁴¹Am Pellet",
        "amount": 1
      }
    ],
    "fluidInputs": [],
    "itemOutputs": [],
    "fluidOutputs": []
  },
  {
    "machine": "gtpp.recipe.rtggenerators",
    "recipeType": "gt_machine",
    "euPerTick": 8,
    "specialValue": 2,
    "itemInputs": [
      {
        "id": "IC2:itemRTGPellet:0",
        "displayName": "Pellets of RTG Fuel",
        "amount": 1
      }
    ],
    "fluidInputs": [],
    "itemOutputs": [],
    "fluidOutputs": []
  }
]