[
  {
    "machine": "gtpp.recipe.spargetower",
    "recipeType": "gt_machine",
    "euPerTick": 7680,
    "duration": 500,
    "itemInputs": [],
    "fluidInputs": [
      {
        "id": "fluorine",
        "displayName": "Fluorine",
        "amount": 100
      },
      {
        "id": "molten.thoriumberylliumdepletedmoltensalttbsalt",
        "displayName": "Thorium-Beryllium Depleted Molten Salt (TB Salt)",
        "amount": 50
      }
    ],
    "itemOutputs": [],
    "fluidOutputs": []
  },
  {
    "machine": "gtpp.recipe.spargetower",
    "recipeType": "gt_machine",
    "euPerTick": 7680,
    "duration": 500,
    "itemInputs": [],
    "fluidInputs": [
      {
        "id": "fluorine",
        "displayName": "Fluorine",
        "amount": 100
      },
      {
        "id": "molten.thoriumdepletedmoltensalttsalt",
        "displayName": "Thorium Depleted Molten Salt (T Salt)",
        "amount": 50
      }
    ],
    "itemOutputs": [],
    "fluidOutputs": []
  },
  {
    "machine": "gtpp.recipe.spargetower",
    "recipeType": "gt_machine",
    "euPerTick": 7680,
    "duration": 500,
    "itemInputs": [],
    "fluidInputs": [
      {
        "id": "helium",
        "displayName": "Helium Gas",
        "amount": 1000
      },
      {
        "id": "molten.uraniumdepletedmoltensaltusalt",
        "displayName": "Uranium Depleted Molten Salt (U Salt)",
        "amount": 50
      }
    ],
    "itemOutputs": [],
    "fluidOutputs": []
  }
]