[
  {
    "machine": "gtpp.recipe.fissionfuel",
    "recipeType": "gt_machine",
    "euPerTick": 1920,
    "duration": 36000,
    "itemInputs": [],
    "fluidInputs": [
      {
        "id": "molten.lithiumfluoride",
        "displayName": "Lithium Fluoride",
        "amount": 550
      },
      {
        "id": "molten.berylliumfluoride",
        "displayName": "Beryllium Fluoride",
        "amount": 150
      },
      {
        "id": "zirconiumtetrafluoride",
        "displayName": "Zirconium Tetrafluoride",
        "amount": 60
      },
      {
        "id": "molten.uranium235",
        "displayName": "Molten Uranium 235",
        "amount": 240
      }
    ],
    "itemOutputs": [],
    "fluidOutputs": [
      {
        "id": "molten.lftrfuel1",
        "displayName": "LFTR Fuel 1",
        "amount": 1000
      }
    ]
  },
  {
    "machine": "gtpp.recipe.fissionfuel",
    "recipeType": "gt_machine",
    "euPerTick": 7680,
    "duration": 48000,
    "itemInputs": [],
    "fluidInputs": [
      {
        "id": "molten.lithiumfluoride",
        "displayName": "Lithium Fluoride",
        "amount": 600
      },
      {
        "id": "molten.berylliumfluoride",
        "displayName": "Beryllium Fluoride",
        "amount": 250
      },
      {
        "id": "zirconiumtetrafluoride",
        "displayName": "Zirconium Tetrafluoride",
        "amount": 80
      },
      {
        "id": "molten.uraniumtetrafluoride",
        "displayName": "Uranium Tetrafluoride",
        "amount": 70
      }
    ],
    "itemOutputs": [],
    "fluidOutputs": [
      {
        "id": "molten.lftrfuel2",
        "displayName": "LFTR Fuel 2",
        "amount": 1000
      }
    ]
  },
  {
    "machine": "gtpp.recipe.fissionfuel",
    "recipeType": "gt_machine",
    "euPerTick": 7680,
    "duration": 60000,
    "itemInputs": [],
    "fluidInputs": [
      {
        "id": "molten.lithiumfluoride",
        "displayName": "Lithium Fluoride",
        "amount": 580
      },
      {
        "id": "molten.berylliumfluoride",
        "displayName": "Beryllium Fluoride",
        "amount": 270
      },
      {
        "id": "molten.thoriumtetrafluoride",
        "displayName": "Thorium Tetrafluoride",
        "amount": 80
      },
      {
        "id": "molten.uraniumtetrafluoride",
        "displayName": "Uranium Tetrafluoride",
        "amount": 70
      }
    ],
    "itemOutputs": [],
    "fluidOutputs": [
      {
        "id": "molten.lftrfuel3",
        "displayName": "LFTR Fuel 3",
        "amount": 1000
      }
    ]
  },
  {
    "machine": "gtpp.recipe.fissionfuel",
    "recipeType": "gt_machine",
    "euPerTick": 7680,
    "duration": 14400,
    "itemInputs": [],
    "fluidInputs": [
      {
        "id": "zirconiumtetrafluoride",
        "displayName": "Zirconium Tetrafluoride",
        "amount": 100
      },
      {
        "id": "molten.lftrfuelbase",
        "displayName": "LFTR Fuel Base",
        "amount": 900
      }
    ],
    "itemOutputs": [],
    "fluidOutputs": [
      {
        "id": "molten.lftrfuel2",
        "displayName": "LFTR Fuel 2",
        "amount": 1000
      }
    ]
  },
  {
    "machine": "gtpp.recipe.fissionfuel",
    "recipeType": "gt_machine",
    "euPerTick": 7680,
    "duration": 18000,
    "itemInputs": [],
    "fluidInputs": [
      {
        "id": "molten.thoriumtetrafluoride",
        "displayName": "Thorium Tetrafluoride",
        "amount": 100
      },
      {
        "id": "molten.lftrfuelbase",
        "displayName": "LFTR Fuel Base",
        "amount": 900
      }
    ],
    "itemOutputs": [],
    "fluidOutputs": [
      {
        "id": "molten.lftrfuel3",
        "displayName": "LFTR Fuel 3",
        "amount": 1000
      }
    ]
  }
]