[
  {
    "machine": "kubatech.defusioncrafter",
    "recipeType": "gt_machine",
    "euPerTick": 491520,
    "duration": 400,
    "specialValue": 1,
    "itemInputs": [
      {
        "id": "gregtech:gt.metaitem.01:17317",
        "displayName": "Osmiridium Plate",
        "amount": 4
      },
      {
        "id": "gregtech:gt.metaitem.01:17978",
        "displayName": "Ichorium Plate",
        "amount": 1
      },
      {
        "id": "gregtech:gt.metaitem.01:32724",
        "displayName": "Quantum Eye",
        "amount": 1
      },
      {
        "id": "kubatech:kubaitems:38",
        "displayName": "Draconic Core Schematic",
        "amount": 0
      }
    ],
    "fluidInputs": [
      {
        "id": "molten.sunnarium",
        "displayName": "Molten Sunnarium",
        "amount": 1440
      }
    ],
    "itemOutputs": [
      {
        "id": "DraconicEvolution:draconicCore:0",
        "displayName": "Draconic Core",
        "amount": 1
      }
    ],
    "fluidOutputs": []
  },
  {
    "machine": "kubatech.defusioncrafter",
    "recipeType": "gt_machine",
    "euPerTick": 1966080,
    "duration": 800,
    "specialValue": 2,
    "itemInputs": [
      {
        "id": "gregtech:gt.metaitem.01:17975",
        "displayName": "Draconium Plate",
        "amount": 8
      },
      {
        "id": "gregtech:gt.metaitem.01:17129",
        "displayName": "Neutronium Plate",
        "amount": 4
      },
      {
        "id": "DraconicEvolution:draconicCore:0",
        "displayName": "Draconic Core",
        "amount": 4
      },
      {
        "id": "gregtech:gt.metaitem.01:32725",
        "displayName": "Quantum Star",
        "amount": 1
      },
      {
        "id": "kubatech:kubaitems:39",
        "displayName": "Wyvern Core Schematic",
        "amount": 0
      }
    ],
    "fluidInputs": [
      {
        "id": "molten.neutronium",
        "displayName": "Molten Neutronium",
        "amount": 1440
      }
    ],
    "itemOutputs": [
      {
        "id": "DraconicEvolution:wyvernCore:0",
        "displayName": "Wyvern Core",
        "amount": 1
      }
    ],
    "fluidOutputs": []
  },
  {
    "machine": "kubatech.defusioncrafter",
    "recipeType": "gt_machine",
    "euPerTick": 7864320,
    "duration": 1600,
    "specialValue": 3,
    "itemInputs": [
      {
        "id": "gregtech:gt.metaitem.01:17976",
        "displayName": "Awakened Draconium Plate",
        "amount": 12
      },
      {
        "id": "gregtech:gt.metaitem.01:17975",
        "displayName": "Draconium Plate",
        "amount": 4
      },
      {
        "id": "DraconicEvolution:wyvernCore:0",
        "displayName": "Wyvern Core",
        "amount": 4
      },
      {
        "id": "supersolarpanel:enderquantumcomponent:0",
        "displayName": "Ender-Quantum Component",
        "amount": 1
      },
      {
        "id": "kubatech:kubaitems:40",
        "displayName": "Awakened Core Schematic",
        "amount": 0
      }
    ],
    "fluidInputs": [
      {
        "id": "molten.infinity",
        "displayName": "Molten Infinity",
        "amount": 1440
      }
    ],
    "itemOutputs": [
      {
        "id": "DraconicEvolution:awakenedCore:0",
        "displayName": "Awakened Core",
        "amount": 1
      }
    ],
    "fluidOutputs": []
  },
  {
    "machine": "kubatech.defusioncrafter",
    "recipeType": "gt_machine",
    "euPerTick": 24000000,
    "duration": 3200,
    "specialValue": 4,
    "itemInputs": [
      {
        "id": "gregtech:gt.metaitem.01:17976",
        "displayName": "Awakened Draconium Plate",
        "amount": 16
      },
      {
        "id": "gregtech:gt.metaitem.01:17388",
        "displayName": "Black Plutonium Plate",
        "amount": 4
      },
      {
        "id": "DraconicEvolution:awakenedCore:0",
        "displayName": "Awakened Core",
        "amount": 4
      },
      {
        "id": "DraconicEvolution:chaosFragment:2",
        "displayName": "Large Chaos Fragment",
        "amount": 2
      },
      {
        "id": "kubatech:kubaitems:41",
        "displayName": "Chaotic Core Schematic",
        "amount": 0
      }
    ],
    "fluidInputs": [
      {
        "id": "molten.spacetime",
        "displayName": "Molten SpaceTime",
        "amount": 1440
      }
    ],
    "itemOutputs": [
      {
        "id": "DraconicEvolution:chaoticCore:0",
        "displayName": "Chaotic Core",
        "amount": 1
      }
    ],
    "fluidOutputs": []
  },
  {
    "machine": "kubatech.defusioncrafter",
    "recipeType": "gt_machine",
    "euPerTick": 491520,
    "duration": 1000,
    "specialValue": 2,
    "itemInputs": [
      {
        "id": "gregtech:gt.metaitem.01:17975",
        "displayName": "Draconium Plate",
        "amount": 8
      },
      {
        "id": "gregtech:gt.metaitem.01:17405",
        "displayName": "Stellar Alloy Plate",
        "amount": 4
      },
      {
        "id": "AdvancedSolarPanel:asp_crafting_items:1",
        "displayName": "Sunnarium Alloy",
        "amount": 4
      },
      {
        "id": "DraconicEvolution:draconicCore:0",
        "displayName": "Draconic Core",
        "amount": 1
      },
      {
        "id": "kubatech:kubaitems:39",
        "displayName": "Wyvern Core Schematic",
        "amount": 0
      }
    ],
    "fluidInputs": [],
    "itemOutputs": [
      {
        "id": "DraconicEvolution:draconiumEnergyCore:0",
        "displayName": "Wyvern Energy Core",
        "amount": 1
      }
    ],
    "fluidOutputs": []
  },
  {
    "machine": "kubatech.defusioncrafter",
    "recipeType": "gt_machine",
    "euPerTick": 1966080,
    "duration": 2000,
    "specialValue": 3,
    "itemInputs": [
      {
        "id": "gregtech:gt.metaitem.01:17976",
        "displayName": "Awakened Draconium Plate",
        "amount": 8
      },
      {
        "id": "DraconicEvolution:draconiumEnergyCore:0",
        "displayName": "Wyvern Energy Core",
        "amount": 4
      },
      {
        "id": "AdvancedSolarPanel:asp_crafting_items:4",
        "displayName": "Enriched Sunnarium Alloy",
        "amount": 4
      },
      {
        "id": "DraconicEvolution:wyvernCore:0",
        "displayName": "Wyvern Core",
        "amount": 1
      },
      {
        "id": "kubatech:kubaitems:40",
        "displayName": "Awakened Core Schematic",
        "amount": 0
      }
    ],
    "fluidInputs": [],
    "itemOutputs": [
      {
        "id": "DraconicEvolution:draconiumEnergyCore:1",
        "displayName": "Draconic Energy Core",
        "amount": 1
      }
    ],
    "fluidOutputs": []
  },
  {
    "machine": "kubatech.defusioncrafter",
    "recipeType": "gt_machine",
    "euPerTick": 1966080,
    "duration": 4200,
    "specialValue": 3,
    "itemInputs": [
      {
        "id": "minecraft:dragon_egg:0",
        "displayName": "Dragon Egg",
        "amount": 0
      },
      {
        "id": "gregtech:gt.metaitem.01:2976",
        "displayName": "Awakened Draconium Dust",
        "amount": 64
      },
      {
        "id": "gregtech:gt.integrated_circuit:1",
        "displayName": "Programmed Circuit",
        "amount": 0
      }
    ],
    "fluidInputs": [
      {
        "id": "plasma.radon",
        "displayName": "Radon Plasma",
        "amount": 144
      }
    ],
    "itemOutputs": [],
    "fluidOutputs": [
      {
        "id": "molten.dragonblood",
        "displayName": "Molten Dragonblood",
        "amount": 288
      }
    ]
  },
  {
    "machine": "kubatech.defusioncrafter",
    "recipeType": "gt_machine",
    "euPerTick": 1966080,
    "duration": 3600,
    "specialValue": 3,
    "itemInputs": [
      {
        "id": "witchery:infinityegg:0",
        "displayName": "Infinity Egg",
        "amount": 0
      },
      {
        "id": "gregtech:gt.metaitem.01:2976",
        "displayName": "Awakened Draconium Dust",
        "amount": 64
      },
      {
        "id": "gregtech:gt.integrated_circuit:1",
        "displayName": "Programmed Circuit",
        "amount": 0
      }
    ],
    "fluidInputs": [
      {
        "id": "plasma.radon",
        "displayName": "Radon Plasma",
        "amount": 72
      }
    ],
    "itemOutputs": [],
    "fluidOutputs": [
      {
        "id": "molten.dragonblood",
        "displayName": "Molten Dragonblood",
        "amount": 432
      }
    ]
  },
  {
    "machine": "kubatech.defusioncrafter",
    "recipeType": "gt_machine",
    "euPerTick": 1966080,
    "duration": 2800,
    "specialValue": 3,
    "itemInputs": [
      {
        "id": "minecraft:dragon_egg:0",
        "displayName": "Dragon Egg",
        "amount": 0
      },
      {
        "id": "gregtech:gt.metaitem.01:2976",
        "displayName": "Awakened Draconium Dust",
        "amount": 64
      },
      {
        "id": "miscutils:gtpp.comb:0",
        "displayName": "Dragonblood Comb",
        "amount": 1
      }
    ],
    "fluidInputs": [
      {
        "id": "plasma.radon",
        "displayName": "Radon Plasma",
        "amount": 216
      }
    ],
    "itemOutputs": [],
    "fluidOutputs": [
      {
        "id": "molten.dragonblood",
        "displayName": "Molten Dragonblood",
        "amount": 432
      }
    ]
  },
  {
    "machine": "kubatech.defusioncrafter",
    "recipeType": "gt_machine",
    "euPerTick": 1966080,
    "duration": 2400,
    "specialValue": 3,
    "itemInputs": [
      {
        "id": "witchery:infinityegg:0",
        "displayName": "Infinity Egg",
        "amount": 0
      },
      {
        "id": "gregtech:gt.metaitem.01:2976",
        "displayName": "Awakened Draconium Dust",
        "amount": 64
      },
      {
        "id": "miscutils:gtpp.comb:0",
        "displayName": "Dragonblood Comb",
        "amount": 1
      }
    ],
    "fluidInputs": [
      {
        "id": "plasma.radon",
        "displayName": "Radon Plasma",
        "amount": 108
      }
    ],
    "itemOutputs": [],
    "fluidOutputs": [
      {
        "id": "molten.dragonblood",
        "displayName": "Molten Dragonblood",
        "amount": 648
      }
    ]
  }
]