{
  "questIDHigh:4": 0,
  "preRequisites:9": {
    "0:10": {
      "questIDHigh:4": 0,
      "questIDLow:4": 486
    }
  },
  "questIDLow:4": 1934,
  "properties:10": {
    "betterquesting:10": {
      "snd_complete:8": "random.levelup",
      "taskLogic:8": "AND",
      "partySingleReward:1": 0,
      "visibility:8": "NORMAL",
      "isMain:1": 0,
      "simultaneous:1": 0,
      "icon:10": {
        "id:8": "harvestcraft:wovencottonItem",
        "Count:3": 1,
        "Damage:2": 0,
        "OreDict:8": ""
      },
      "snd_update:8": "random.levelup",
      "repeatTime:3": 24000,
      "globalShare:1": 1,
      "questLogic:8": "AND",
      "repeat_relative:1": 1,
      "name:8": "Cotton and String",
      "isGlobal:1": 0,
      "lockedProgress:1": 0,
      "autoClaim:1": 0,
      "isSilent:1": 0,
      "desc:8": "With some farmer coins I\u0027ll trade you cotton and string. Perfect for making tanned leather!"
    }
  },
  "tasks:9": {
    "0:10": {
      "partialMatch:1": 1,
      "autoConsume:1": 0,
      "groupDetect:1": 0,
      "ignoreNBT:1": 0,
      "index:3": 0,
      "consume:1": 1,
      "requiredItems:9": {
        "0:10": {
          "id:8": "dreamcraft:item.CoinFarmer",
          "Count:3": 30,
          "Damage:2": 0,
          "OreDict:8": ""
        }
      },
      "taskID:8": "bq_standard:retrieval"
    }
  },
  "rewards:9": {
    "0:10": {
      "rewardID:8": "bq_standard:item",
      "index:3": 0,
      "rewards:9": {
        "0:10": {
          "id:8": "minecraft:string",
          "Count:3": 30,
          "Damage:2": 0,
          "OreDict:8": ""
        },
        "1:10": {
          "id:8": "Natura:barleyFood",
          "Count:3": 24,
          "Damage:2": 3,
          "OreDict:8": ""
        }
      }
    }
  }
}