{
  "questIDHigh:4": 0,
  "preRequisites:9": {
    "0:10": {
      "questIDHigh:4": 0,
      "questIDLow:4": 600
    }
  },
  "questIDLow:4": 1889,
  "properties:10": {
    "betterquesting:10": {
      "snd_complete:8": "random.levelup",
      "taskLogic:8": "AND",
      "partySingleReward:1": 0,
      "visibility:8": "NORMAL",
      "isMain:1": 0,
      "simultaneous:1": 0,
      "icon:10": {
        "id:8": "ExtraUtilities:defoliageAxe",
        "Count:3": 1,
        "Damage:2": 0,
        "OreDict:8": ""
      },
      "snd_update:8": "random.levelup",
      "repeatTime:3": 12096000,
      "globalShare:1": 1,
      "questLogic:8": "AND",
      "repeat_relative:1": 1,
      "name:8": "Healing Axe 2.0",
      "isGlobal:1": 0,
      "lockedProgress:1": 0,
      "autoClaim:1": 0,
      "isSilent:1": 0,
      "desc:8": "What, you lost the axe? Well you can craft your own if you dip into Thaumcraft a bit, but if you hate magic, here\u0027s another."
    }
  },
  "tasks:9": {
    "0:10": {
      "partialMatch:1": 1,
      "autoConsume:1": 0,
      "groupDetect:1": 0,
      "ignoreNBT:1": 1,
      "index:3": 0,
      "consume:1": 1,
      "requiredItems:9": {
        "0:10": {
          "id:8": "harvestcraft:delightedmealItem",
          "Count:3": 16,
          "Damage:2": 0,
          "OreDict:8": ""
        },
        "1:10": {
          "id:8": "harvestcraft:heartybreakfastItem",
          "Count:3": 16,
          "Damage:2": 0,
          "OreDict:8": ""
        },
        "2:10": {
          "id:8": "harvestcraft:rainbowcurryItem",
          "Count:3": 16,
          "Damage:2": 0,
          "OreDict:8": ""
        },
        "3:10": {
          "id:8": "harvestcraft:supremepizzaItem",
          "Count:3": 16,
          "Damage:2": 0,
          "OreDict:8": ""
        },
        "4:10": {
          "id:8": "harvestcraft:sausageinbreadItem",
          "Count:3": 16,
          "Damage:2": 0,
          "OreDict:8": ""
        },
        "5:10": {
          "id:8": "harvestcraft:beefwellingtonItem",
          "Count:3": 16,
          "Damage:2": 0,
          "OreDict:8": ""
        },
        "6:10": {
          "id:8": "harvestcraft:epicbaconItem",
          "Count:3": 16,
          "Damage:2": 0,
          "OreDict:8": ""
        },
        "7:10": {
          "id:8": "harvestcraft:meatfeastpizzaItem",
          "Count:3": 16,
          "Damage:2": 0,
          "OreDict:8": ""
        }
      },
      "taskID:8": "bq_standard:retrieval"
    },
    "1:10": {
      "partialMatch:1": 1,
      "autoConsume:1": 0,
      "groupDetect:1": 0,
      "ignoreNBT:1": 0,
      "index:3": 1,
      "consume:1": 1,
      "requiredItems:9": {
        "0:10": {
          "id:8": "dreamcraft:item.CoinCookII",
          "Count:3": 1,
          "Damage:2": 0,
          "OreDict:8": ""
        }
      },
      "taskID:8": "bq_standard:retrieval"
    }
  },
  "rewards:9": {
    "0:10": {
      "rewardID:8": "bq_standard:item",
      "index:3": 0,
      "rewards:9": {
        "0:10": {
          "id:8": "ExtraUtilities:defoliageAxe",
          "Count:3": 1,
          "Damage:2": 0,
          "OreDict:8": ""
        }
      }
    }
  }
}