{
  "questIDHigh:4": 0,
  "preRequisites:9": {
    "0:10": {
      "questIDHigh:4": 0,
      "questIDLow:4": 1121
    }
  },
  "questIDLow:4": 2401,
  "properties:10": {
    "betterquesting:10": {
      "snd_complete:8": "random.levelup",
      "taskLogic:8": "AND",
      "partySingleReward:1": 0,
      "visibility:8": "NORMAL",
      "isMain:1": 0,
      "simultaneous:1": 0,
      "icon:10": {
        "id:8": "Forestry:beeDroneGE",
        "Count:3": 1,
        "tag:10": {
          "MaxH:3": 50,
          "Health:3": 50,
          "IsAnalyzed:1": 1,
          "Genome:10": {
            "Chromosomes:9": {
              "0:10": {
                "UID1:8": "forestry.speciesMonastic",
                "UID0:8": "forestry.speciesMonastic",
                "Slot:1": 0
              },
              "1:10": {
                "UID1:8": "forestry.speedSlower",
                "UID0:8": "forestry.speedSlower",
                "Slot:1": 1
              },
              "2:10": {
                "UID1:8": "forestry.lifespanLong",
                "UID0:8": "forestry.lifespanLong",
                "Slot:1": 2
              },
              "3:10": {
                "UID1:8": "forestry.fertilityLow",
                "UID0:8": "forestry.fertilityLow",
                "Slot:1": 3
              },
              "4:10": {
                "UID1:8": "forestry.toleranceBoth1",
                "UID0:8": "forestry.toleranceBoth1",
                "Slot:1": 4
              },
              "5:10": {
                "UID1:8": "forestry.boolFalse",
                "UID0:8": "forestry.boolFalse",
                "Slot:1": 5
              },
              "6:10": {
                "UID1:8": "forestry.toleranceBoth1",
                "UID0:8": "forestry.toleranceBoth1",
                "Slot:1": 7
              },
              "7:10": {
                "UID1:8": "forestry.boolFalse",
                "UID0:8": "forestry.boolFalse",
                "Slot:1": 8
              },
              "8:10": {
                "UID1:8": "forestry.boolTrue",
                "UID0:8": "forestry.boolTrue",
                "Slot:1": 9
              },
              "9:10": {
                "UID1:8": "forestry.flowersWheat",
                "UID0:8": "forestry.flowersWheat",
                "Slot:1": 10
              },
              "10:10": {
                "UID1:8": "forestry.floweringFaster",
                "UID0:8": "forestry.floweringFaster",
                "Slot:1": 11
              },
              "11:10": {
                "UID1:8": "forestry.territoryAverage",
                "UID0:8": "forestry.territoryAverage",
                "Slot:1": 12
              },
              "12:10": {
                "UID1:8": "forestry.effectNone",
                "UID0:8": "forestry.effectNone",
                "Slot:1": 13
              }
            }
          }
        },
        "Damage:2": 0,
        "OreDict:8": ""
      },
      "snd_update:8": "random.levelup",
      "repeatTime:3": 48000,
      "globalShare:1": 1,
      "questLogic:8": "AND",
      "repeat_relative:1": 1,
      "name:8": "Monastic Bees",
      "isGlobal:1": 0,
      "lockedProgress:1": 0,
      "autoClaim:1": 0,
      "isSilent:1": 0,
      "desc:8": "Normally you find Monastic drones by trading with Beekeeper villagers. If you haven\u0027t been lucky yet, your villages are all dead, or if your server owners are cruel and disable villages, you can buy some here.\n\n[note]It\u0027s expensive to encourage you to try looking really hard, and to try and heal zombie villagers. Good luck![/note]"
    }
  },
  "tasks:9": {
    "0:10": {
      "partialMatch:1": 1,
      "autoConsume:1": 0,
      "groupDetect:1": 0,
      "ignoreNBT:1": 0,
      "index:3": 0,
      "consume:1": 1,
      "requiredItems:9": {
        "0:10": {
          "id:8": "dreamcraft:item.CoinBeesI",
          "Count:3": 10,
          "Damage:2": 0,
          "OreDict:8": ""
        },
        "1:10": {
          "id:8": "minecraft:emerald_block",
          "Count:3": 4,
          "Damage:2": 0,
          "OreDict:8": ""
        },
        "2:10": {
          "id:8": "Forestry:royalJelly",
          "Count:3": 32,
          "Damage:2": 0,
          "OreDict:8": ""
        }
      },
      "taskID:8": "bq_standard:retrieval"
    }
  },
  "rewards:9": {
    "0:10": {
      "rewardID:8": "bq_standard:item",
      "index:3": 0,
      "rewards:9": {
        "0:10": {
          "id:8": "Forestry:beeDroneGE",
          "Count:3": 1,
          "tag:10": {
            "MaxH:3": 50,
            "Health:3": 50,
            "IsAnalyzed:1": 1,
            "Genome:10": {
              "Chromosomes:9": {
                "0:10": {
                  "UID1:8": "forestry.speciesMonastic",
                  "UID0:8": "forestry.speciesMonastic",
                  "Slot:1": 0
                },
                "1:10": {
                  "UID1:8": "forestry.speedSlower",
                  "UID0:8": "forestry.speedSlower",
                  "Slot:1": 1
                },
                "2:10": {
                  "UID1:8": "forestry.lifespanLong",
                  "UID0:8": "forestry.lifespanLong",
                  "Slot:1": 2
                },
                "3:10": {
                  "UID1:8": "forestry.fertilityLow",
                  "UID0:8": "forestry.fertilityLow",
                  "Slot:1": 3
                },
                "4:10": {
                  "UID1:8": "forestry.toleranceBoth1",
                  "UID0:8": "forestry.toleranceBoth1",
                  "Slot:1": 4
                },
                "5:10": {
                  "UID1:8": "forestry.boolFalse",
                  "UID0:8": "forestry.boolFalse",
                  "Slot:1": 5
                },
                "6:10": {
                  "UID1:8": "forestry.toleranceBoth1",
                  "UID0:8": "forestry.toleranceBoth1",
                  "Slot:1": 7
                },
                "7:10": {
                  "UID1:8": "forestry.boolFalse",
                  "UID0:8": "forestry.boolFalse",
                  "Slot:1": 8
                },
                "8:10": {
                  "UID1:8": "forestry.boolTrue",
                  "UID0:8": "forestry.boolTrue",
                  "Slot:1": 9
                },
                "9:10": {
                  "UID1:8": "forestry.flowersWheat",
                  "UID0:8": "forestry.flowersWheat",
                  "Slot:1": 10
                },
                "10:10": {
                  "UID1:8": "forestry.floweringFaster",
                  "UID0:8": "forestry.floweringFaster",
                  "Slot:1": 11
                },
                "11:10": {
                  "UID1:8": "forestry.territoryAverage",
                  "UID0:8": "forestry.territoryAverage",
                  "Slot:1": 12
                },
                "12:10": {
                  "UID1:8": "forestry.effectNone",
                  "UID0:8": "forestry.effectNone",
                  "Slot:1": 13
                }
              }
            }
          },
          "Damage:2": 0,
          "OreDict:8": ""
        }
      }
    }
  }
}