{
  "questIDHigh:4": 0,
  "preRequisites:9": {
    "0:10": {
      "questIDHigh:4": 0,
      "questIDLow:4": 1121
    }
  },
  "questIDLow:4": 1366,
  "properties:10": {
    "betterquesting:10": {
      "snd_complete:8": "random.levelup",
      "taskLogic:8": "AND",
      "partySingleReward:1": 0,
      "visibility:8": "NORMAL",
      "isMain:1": 0,
      "simultaneous:1": 0,
      "icon:10": {
        "id:8": "Forestry:beeQueenGE",
        "Count:3": 1,
        "tag:10": {
          "MaxH:4": 20,
          "Mate:10": {
            "Chromosomes:9": {
              "0:10": {
                "UID1:8": "extrabees.species.ocean",
                "UID0:8": "extrabees.species.ocean",
                "Slot:4": 0
              },
              "1:10": {
                "UID1:8": "forestry.speedSlowest",
                "UID0:8": "forestry.speedSlowest",
                "Slot:4": 1
              },
              "2:10": {
                "UID1:8": "forestry.lifespanShorter",
                "UID0:8": "forestry.lifespanShorter",
                "Slot:4": 2
              },
              "3:10": {
                "UID1:8": "forestry.fertilityNormal",
                "UID0:8": "forestry.fertilityNormal",
                "Slot:4": 3
              },
              "4:10": {
                "UID1:8": "forestry.toleranceNone",
                "UID0:8": "forestry.toleranceNone",
                "Slot:4": 4
              },
              "5:10": {
                "UID1:8": "forestry.boolFalse",
                "UID0:8": "forestry.boolFalse",
                "Slot:4": 5
              },
              "6:10": {
                "UID1:8": "forestry.toleranceBoth1",
                "UID0:8": "forestry.toleranceBoth1",
                "Slot:4": 7
              },
              "7:10": {
                "UID1:8": "forestry.boolTrue",
                "UID0:8": "forestry.boolTrue",
                "Slot:4": 8
              },
              "8:10": {
                "UID1:8": "forestry.boolFalse",
                "UID0:8": "forestry.boolFalse",
                "Slot:4": 9
              },
              "9:10": {
                "UID1:8": "extrabees.flower.water",
                "UID0:8": "extrabees.flower.water",
                "Slot:4": 10
              },
              "10:10": {
                "UID1:8": "forestry.floweringSlowest",
                "UID0:8": "forestry.floweringSlowest",
                "Slot:4": 11
              },
              "11:10": {
                "UID1:8": "forestry.territoryAverage",
                "UID0:8": "forestry.territoryAverage",
                "Slot:4": 12
              },
              "12:10": {
                "UID1:8": "extrabees.effect.water",
                "UID0:8": "extrabees.effect.water",
                "Slot:4": 13
              }
            }
          },
          "Health:4": 20,
          "IsAnalyzed:4": 1,
          "Genome:10": {
            "Chromosomes:9": {
              "0:10": {
                "UID1:8": "extrabees.species.ocean",
                "UID0:8": "extrabees.species.ocean",
                "Slot:4": 0
              },
              "1:10": {
                "UID1:8": "forestry.speedSlowest",
                "UID0:8": "forestry.speedSlowest",
                "Slot:4": 1
              },
              "2:10": {
                "UID1:8": "forestry.lifespanShorter",
                "UID0:8": "forestry.lifespanShorter",
                "Slot:4": 2
              },
              "3:10": {
                "UID1:8": "forestry.fertilityNormal",
                "UID0:8": "forestry.fertilityNormal",
                "Slot:4": 3
              },
              "4:10": {
                "UID1:8": "forestry.toleranceNone",
                "UID0:8": "forestry.toleranceNone",
                "Slot:4": 4
              },
              "5:10": {
                "UID1:8": "forestry.boolFalse",
                "UID0:8": "forestry.boolFalse",
                "Slot:4": 5
              },
              "6:10": {
                "UID1:8": "forestry.toleranceBoth1",
                "UID0:8": "forestry.toleranceBoth1",
                "Slot:4": 7
              },
              "7:10": {
                "UID1:8": "forestry.boolTrue",
                "UID0:8": "forestry.boolTrue",
                "Slot:4": 8
              },
              "8:10": {
                "UID1:8": "forestry.boolFalse",
                "UID0:8": "forestry.boolFalse",
                "Slot:4": 9
              },
              "9:10": {
                "UID1:8": "extrabees.flower.water",
                "UID0:8": "extrabees.flower.water",
                "Slot:4": 10
              },
              "10:10": {
                "UID1:8": "forestry.floweringSlowest",
                "UID0:8": "forestry.floweringSlowest",
                "Slot:4": 11
              },
              "11:10": {
                "UID1:8": "forestry.territoryAverage",
                "UID0:8": "forestry.territoryAverage",
                "Slot:4": 12
              },
              "12:10": {
                "UID1:8": "extrabees.effect.water",
                "UID0:8": "extrabees.effect.water",
                "Slot:4": 13
              }
            }
          }
        },
        "Damage:2": 0,
        "OreDict:8": ""
      },
      "snd_update:8": "random.levelup",
      "repeatTime:3": 48000,
      "globalShare:1": 1,
      "questLogic:8": "AND",
      "repeat_relative:1": 1,
      "name:8": "Ocean Bees",
      "isGlobal:1": 0,
      "lockedProgress:1": 0,
      "autoClaim:1": 0,
      "isSilent:1": 0,
      "desc:8": "Want some Ocean Bees? Since some servers don\u0027t generate ocean biomes, buy some!"
    }
  },
  "tasks:9": {
    "0:10": {
      "partialMatch:1": 1,
      "autoConsume:1": 0,
      "groupDetect:1": 0,
      "ignoreNBT:1": 0,
      "index:3": 0,
      "consume:1": 1,
      "requiredItems:9": {
        "0:10": {
          "id:8": "dreamcraft:item.CoinBeesI",
          "Count:3": 5,
          "Damage:2": 0,
          "OreDict:8": ""
        }
      },
      "taskID:8": "bq_standard:retrieval"
    }
  },
  "rewards:9": {
    "0:10": {
      "rewardID:8": "bq_standard:item",
      "index:3": 0,
      "rewards:9": {
        "0:10": {
          "id:8": "Forestry:beePrincessGE",
          "Count:3": 4,
          "tag:10": {
            "MaxH:4": 20,
            "Health:4": 20,
            "IsAnalyzed:4": 1,
            "Genome:10": {
              "Chromosomes:9": {
                "0:10": {
                  "UID1:8": "extrabees.species.ocean",
                  "UID0:8": "extrabees.species.ocean",
                  "Slot:4": 0
                },
                "1:10": {
                  "UID1:8": "forestry.speedSlowest",
                  "UID0:8": "forestry.speedSlowest",
                  "Slot:4": 1
                },
                "2:10": {
                  "UID1:8": "forestry.lifespanShorter",
                  "UID0:8": "forestry.lifespanShorter",
                  "Slot:4": 2
                },
                "3:10": {
                  "UID1:8": "forestry.fertilityNormal",
                  "UID0:8": "forestry.fertilityNormal",
                  "Slot:4": 3
                },
                "4:10": {
                  "UID1:8": "forestry.toleranceNone",
                  "UID0:8": "forestry.toleranceNone",
                  "Slot:4": 4
                },
                "5:10": {
                  "UID1:8": "forestry.boolFalse",
                  "UID0:8": "forestry.boolFalse",
                  "Slot:4": 5
                },
                "6:10": {
                  "UID1:8": "forestry.toleranceBoth1",
                  "UID0:8": "forestry.toleranceBoth1",
                  "Slot:4": 7
                },
                "7:10": {
                  "UID1:8": "forestry.boolTrue",
                  "UID0:8": "forestry.boolTrue",
                  "Slot:4": 8
                },
                "8:10": {
                  "UID1:8": "forestry.boolFalse",
                  "UID0:8": "forestry.boolFalse",
                  "Slot:4": 9
                },
                "9:10": {
                  "UID1:8": "extrabees.flower.water",
                  "UID0:8": "extrabees.flower.water",
                  "Slot:4": 10
                },
                "10:10": {
                  "UID1:8": "forestry.floweringSlowest",
                  "UID0:8": "forestry.floweringSlowest",
                  "Slot:4": 11
                },
                "11:10": {
                  "UID1:8": "forestry.territoryAverage",
                  "UID0:8": "forestry.territoryAverage",
                  "Slot:4": 12
                },
                "12:10": {
                  "UID1:8": "extrabees.effect.water",
                  "UID0:8": "extrabees.effect.water",
                  "Slot:4": 13
                }
              }
            }
          },
          "Damage:2": 0,
          "OreDict:8": ""
        },
        "1:10": {
          "id:8": "Forestry:beeDroneGE",
          "Count:3": 4,
          "tag:10": {
            "MaxH:4": 20,
            "Health:4": 20,
            "IsAnalyzed:4": 1,
            "Genome:10": {
              "Chromosomes:9": {
                "0:10": {
                  "UID1:8": "extrabees.species.ocean",
                  "UID0:8": "extrabees.species.ocean",
                  "Slot:4": 0
                },
                "1:10": {
                  "UID1:8": "forestry.speedSlowest",
                  "UID0:8": "forestry.speedSlowest",
                  "Slot:4": 1
                },
                "2:10": {
                  "UID1:8": "forestry.lifespanShorter",
                  "UID0:8": "forestry.lifespanShorter",
                  "Slot:4": 2
                },
                "3:10": {
                  "UID1:8": "forestry.fertilityNormal",
                  "UID0:8": "forestry.fertilityNormal",
                  "Slot:4": 3
                },
                "4:10": {
                  "UID1:8": "forestry.toleranceNone",
                  "UID0:8": "forestry.toleranceNone",
                  "Slot:4": 4
                },
                "5:10": {
                  "UID1:8": "forestry.boolFalse",
                  "UID0:8": "forestry.boolFalse",
                  "Slot:4": 5
                },
                "6:10": {
                  "UID1:8": "forestry.toleranceBoth1",
                  "UID0:8": "forestry.toleranceBoth1",
                  "Slot:4": 7
                },
                "7:10": {
                  "UID1:8": "forestry.boolTrue",
                  "UID0:8": "forestry.boolTrue",
                  "Slot:4": 8
                },
                "8:10": {
                  "UID1:8": "forestry.boolFalse",
                  "UID0:8": "forestry.boolFalse",
                  "Slot:4": 9
                },
                "9:10": {
                  "UID1:8": "extrabees.flower.water",
                  "UID0:8": "extrabees.flower.water",
                  "Slot:4": 10
                },
                "10:10": {
                  "UID1:8": "forestry.floweringSlowest",
                  "UID0:8": "forestry.floweringSlowest",
                  "Slot:4": 11
                },
                "11:10": {
                  "UID1:8": "forestry.territoryAverage",
                  "UID0:8": "forestry.territoryAverage",
                  "Slot:4": 12
                },
                "12:10": {
                  "UID1:8": "extrabees.effect.water",
                  "UID0:8": "extrabees.effect.water",
                  "Slot:4": 13
                }
              }
            }
          },
          "Damage:2": 0,
          "OreDict:8": ""
        }
      }
    }
  }
}