{
  "questIDHigh:4": 0,
  "preRequisites:9": {
    "0:10": {
      "questIDHigh:4": 0,
      "questIDLow:4": 4
    }
  },
  "questIDLow:4": 1069,
  "properties:10": {
    "betterquesting:10": {
      "snd_complete:8": "random.levelup",
      "taskLogic:8": "AND",
      "partySingleReward:1": 0,
      "visibility:8": "NORMAL",
      "isMain:1": 0,
      "simultaneous:1": 0,
      "icon:10": {
        "id:8": "minecraft:sapling",
        "Count:3": 1,
        "Damage:2": 0,
        "OreDict:8": ""
      },
      "snd_update:8": "random.levelup",
      "repeatTime:3": 24000,
      "globalShare:1": 1,
      "questLogic:8": "AND",
      "repeat_relative:1": 1,
      "name:8": "Vanilla Saplings",
      "isGlobal:1": 0,
      "lockedProgress:1": 0,
      "autoClaim:1": 0,
      "isSilent:1": 0,
      "desc:8": "You spawned in a desert and need Oak or Birch saplings? No problem! For five forest ranger coins you can select which one you want to buy."
    }
  },
  "tasks:9": {
    "0:10": {
      "partialMatch:1": 1,
      "autoConsume:1": 0,
      "groupDetect:1": 0,
      "ignoreNBT:1": 0,
      "index:3": 0,
      "consume:1": 1,
      "requiredItems:9": {
        "0:10": {
          "id:8": "dreamcraft:item.CoinForestry",
          "Count:3": 5,
          "Damage:2": 0,
          "OreDict:8": ""
        }
      },
      "taskID:8": "bq_standard:retrieval"
    }
  },
  "rewards:9": {
    "0:10": {
      "rewardID:8": "bq_standard:choice",
      "index:3": 0,
      "choices:9": {
        "0:10": {
          "id:8": "minecraft:sapling",
          "Count:3": 5,
          "Damage:2": 0,
          "OreDict:8": ""
        },
        "1:10": {
          "id:8": "minecraft:sapling",
          "Count:3": 5,
          "Damage:2": 1,
          "OreDict:8": ""
        },
        "2:10": {
          "id:8": "minecraft:sapling",
          "Count:3": 5,
          "Damage:2": 2,
          "OreDict:8": ""
        },
        "3:10": {
          "id:8": "minecraft:sapling",
          "Count:3": 5,
          "Damage:2": 3,
          "OreDict:8": ""
        },
        "4:10": {
          "id:8": "minecraft:sapling",
          "Count:3": 5,
          "Damage:2": 4,
          "OreDict:8": ""
        },
        "5:10": {
          "id:8": "minecraft:sapling",
          "Count:3": 5,
          "Damage:2": 5,
          "OreDict:8": ""
        }
      }
    }
  }
}