{
  "questLineIDLow:4": 35,
  "questLineIDHigh:4": 0,
  "properties:10": {
    "betterquesting:10": {
      "visibility:8": "UNLOCKED",
      "name:8": "Applied Energistics",
      "icon:10": {
        "id:8": "appliedenergistics2:item.ItemBasicStorageCell.64k",
        "Count:3": 1,
        "tag:10": {},
        "Damage:2": 0,
        "OreDict:8": ""
      },
      "bg_image:8": "",
      "bg_size:3": 256,
      "desc:8": "AE2 focuses on creating a compact, easily accessible, considerably extendible storage system called an ME Network. You can use it to autocraft items as well, and if you want to finish the pack, you will."
    }
  }
}