{
  "questLineIDLow:4": 23,
  "questLineIDHigh:4": 0,
  "properties:10": {
    "betterquesting:10": {
      "visibility:8": "UNLOCKED",
      "name:8": "Adept Thaumaturgy",
      "icon:10": {
        "id:8": "Thaumcraft:WandCasting",
        "Count:3": 1,
        "tag:10": {
          "aqua:3": 999999900,
          "terra:3": 999999900,
          "ignis:3": 999999900,
          "cap:8": "matrix",
          "rod:8": "infinity",
          "ordo:3": 999999900,
          "perditio:3": 999999900,
          "aer:3": 999999900
        },
        "Damage:2": 9000,
        "OreDict:8": ""
      },
      "bg_image:8": "",
      "bg_size:3": 256,
      "desc:8": "Warp included."
    }
  }
}