{
  "altarRecipes": [
    {
      "input": {
        "id": "minecraft:bucket:0",
        "displayName": "Bucket",
        "amount": 1
      },
      "output": {
        "id": "AWWayofTime:bucketLife:0",
        "displayName": "Bucket of Life",
        "amount": 1
      },
      "minTier": 1,
      "liquidRequired": 1000,
      "consumptionRate": 5,
      "drainRate": 0
    },
    {
      "input": {
        "id": "minecraft:tnt:0",
        "displayName": "TNT",
        "amount": 1
      },
      "output": {
        "id": "BloodArsenal:blood_tnt:0",
        "displayName": "Blood TNT",
        "amount": 1
      },
      "minTier": 3,
      "liquidRequired": 10000,
      "consumptionRate": 5,
      "drainRate": 5
    },
    {
      "input": {
        "id": "minecraft:cake:0",
        "displayName": "Cake",
        "amount": 1
      },
      "output": {
        "id": "BloodArsenal:item_blood_cake:0",
        "displayName": "Blood Cake",
        "amount": 1
      },
      "minTier": 3,
      "liquidRequired": 10000,
      "consumptionRate": 5,
      "drainRate": 5
    },
    {
      "input": {
        "id": "minecraft:iron_ingot:0",
        "displayName": "Iron Ingot",
        "amount": 1
      },
      "output": {
        "id": "BloodArsenal:blood_infused_iron:0",
        "displayName": "Blood Infused Iron Ingot",
        "amount": 1
      },
      "minTier": 3,
      "liquidRequired": 6000,
      "consumptionRate": 5,
      "drainRate": 5
    },
    {
      "input": {
        "id": "minecraft:dye:14",
        "displayName": "Orange Dye",
        "amount": 1
      },
      "output": {
        "id": "BloodArsenal:blood_orange:0",
        "displayName": "Blood Orange",
        "amount": 1
      },
      "minTier": 1,
      "liquidRequired": 200,
      "consumptionRate": 5,
      "drainRate": 5
    },
    {
      "input": {
        "id": "minecraft:cookie:0",
        "displayName": "Cookie",
        "amount": 1
      },
      "output": {
        "id": "BloodArsenal:blood_cookie:0",
        "displayName": "Blood Cookie",
        "amount": 1
      },
      "minTier": 1,
      "liquidRequired": 2000,
      "consumptionRate": 5,
      "drainRate": 5
    },
    {
      "input": {
        "id": "minecraft:paper:0",
        "displayName": "Paper",
        "amount": 1
      },
      "output": {
        "id": "BloodArsenal:blood_money:0",
        "displayName": "Blood Money x1",
        "amount": 1
      },
      "minTier": 3,
      "liquidRequired": 10000,
      "consumptionRate": 5,
      "drainRate": 5
    },
    {
      "input": {
        "id": "Botania:flower:14",
        "displayName": "Mystical Red Flower",
        "amount": 1
      },
      "output": {
        "id": "Botania:specialFlower:0",
        "displayName": "Bloodthorn",
        "amount": 1,
        "nbt": "{type:\"bloodthorn\"}"
      },
      "minTier": 4,
      "liquidRequired": 15000,
      "consumptionRate": 25,
      "drainRate": 50
    },
    {
      "input": {
        "id": "MagicBees:frameMagic:0",
        "displayName": "Magic Frame",
        "amount": 1
      },
      "output": {
        "id": "MagicBees:item.bloodSoakedFrame:0",
        "displayName": "Blood Frame",
        "amount": 1
      },
      "minTier": 1,
      "liquidRequired": 5000,
      "consumptionRate": 20,
      "drainRate": 20
    },
    {
      "input": {
        "id": "minecraft:log:0",
        "displayName": "Oak Wood",
        "amount": 1
      },
      "output": {
        "id": "BloodArsenal:blood_infused_wood:0",
        "displayName": "Blood Infused Wood",
        "amount": 1
      },
      "minTier": 2,
      "liquidRequired": 5000,
      "consumptionRate": 20,
      "drainRate": 20
    },
    {
      "input": {
        "id": "minecraft:log:1",
        "displayName": "Spruce Wood",
        "amount": 1
      },
      "output": {
        "id": "BloodArsenal:blood_infused_wood:0",
        "displayName": "Blood Infused Wood",
        "amount": 1
      },
      "minTier": 2,
      "liquidRequired": 5000,
      "consumptionRate": 20,
      "drainRate": 20
    },
    {
      "input": {
        "id": "minecraft:log:2",
        "displayName": "Birch Wood",
        "amount": 1
      },
      "output": {
        "id": "BloodArsenal:blood_infused_wood:0",
        "displayName": "Blood Infused Wood",
        "amount": 1
      },
      "minTier": 2,
      "liquidRequired": 5000,
      "consumptionRate": 20,
      "drainRate": 20
    },
    {
      "input": {
        "id": "minecraft:log:3",
        "displayName": "Jungle Wood",
        "amount": 1
      },
      "output": {
        "id": "BloodArsenal:blood_infused_wood:0",
        "displayName": "Blood Infused Wood",
        "amount": 1
      },
      "minTier": 2,
      "liquidRequired": 5000,
      "consumptionRate": 20,
      "drainRate": 20
    },
    {
      "input": {
        "id": "minecraft:log2:0",
        "displayName": "Acacia Wood",
        "amount": 1
      },
      "output": {
        "id": "BloodArsenal:blood_infused_wood:0",
        "displayName": "Blood Infused Wood",
        "amount": 1
      },
      "minTier": 2,
      "liquidRequired": 5000,
      "consumptionRate": 20,
      "drainRate": 20
    },
    {
      "input": {
        "id": "minecraft:log2:1",
        "displayName": "Dark Oak Wood",
        "amount": 1
      },
      "output": {
        "id": "BloodArsenal:blood_infused_wood:0",
        "displayName": "Blood Infused Wood",
        "amount": 1
      },
      "minTier": 2,
      "liquidRequired": 5000,
      "consumptionRate": 20,
      "drainRate": 20
    },
    {
      "input": {
        "id": "minecraft:glass:0",
        "displayName": "Glass",
        "amount": 1
      },
      "output": {
        "id": "BloodArsenal:blood_stained_glass:0",
        "displayName": "Blood Stained Glass",
        "amount": 1
      },
      "minTier": 1,
      "liquidRequired": 200,
      "consumptionRate": 20,
      "drainRate": 20
    },
    {
      "input": {
        "id": "minecraft:ice:0",
        "displayName": "Ice",
        "amount": 1
      },
      "output": {
        "id": "BloodArsenal:blood_stained_ice:0",
        "displayName": "Blood Stained Ice",
        "amount": 1
      },
      "minTier": 1,
      "liquidRequired": 400,
      "consumptionRate": 20,
      "drainRate": 20
    },
    {
      "input": {
        "id": "minecraft:packed_ice:0",
        "displayName": "Packed Ice",
        "amount": 1
      },
      "output": {
        "id": "BloodArsenal:blood_stained_ice_packed:0",
        "displayName": "Blood Stained Packed Ice",
        "amount": 1
      },
      "minTier": 1,
      "liquidRequired": 600,
      "consumptionRate": 20,
      "drainRate": 20
    },
    {
      "input": {
        "id": "minecraft:iron_block:0",
        "displayName": "Block of Iron",
        "amount": 1
      },
      "output": {
        "id": "BloodArsenal:blood_infused_iron_block:0",
        "displayName": "Blood Infused Iron Block",
        "amount": 1
      },
      "minTier": 4,
      "liquidRequired": 64000,
      "consumptionRate": 20,
      "drainRate": 20
    },
    {
      "input": {
        "id": "minecraft:glowstone:0",
        "displayName": "Glowstone",
        "amount": 1
      },
      "output": {
        "id": "BloodArsenal:blood_infused_glowstone:0",
        "displayName": "Blood Infused Glowstone",
        "amount": 1
      },
      "minTier": 4,
      "liquidRequired": 28000,
      "consumptionRate": 20,
      "drainRate": 20
    },
    {
      "input": {
        "id": "BloodArsenal:blood_infused_diamond_unactive:0",
        "displayName": "Blood Infused Diamond (Unactive)",
        "amount": 1
      },
      "output": {
        "id": "BloodArsenal:blood_infused_diamond_active:0",
        "displayName": "Blood Infused Diamond (Active)",
        "amount": 1
      },
      "minTier": 4,
      "liquidRequired": 120000,
      "consumptionRate": 20,
      "drainRate": 20
    },
    {
      "input": {
        "id": "gregtech:gt.metaitem.02:30500",
        "displayName": "Exquisite Diamond",
        "amount": 1
      },
      "output": {
        "id": "BloodArsenal:blood_diamond:0",
        "displayName": "Blood Diamond",
        "amount": 1
      },
      "minTier": 4,
      "liquidRequired": 12000,
      "consumptionRate": 20,
      "drainRate": 20
    },
    {
      "input": {
        "id": "minecraft:glowstone_dust:0",
        "displayName": "Glowstone Dust",
        "amount": 1
      },
      "output": {
        "id": "BloodArsenal:blood_infused_glowstone_dust:0",
        "displayName": "Blood Infused Glowstone Dust",
        "amount": 1
      },
      "minTier": 3,
      "liquidRequired": 7000,
      "consumptionRate": 20,
      "drainRate": 20
    },
    {
      "input": {
        "id": "witchery:ingredient:102",
        "displayName": "Golden Thread",
        "amount": 1
      },
      "output": {
        "id": "BloodArsenal:blood_burned_string:0",
        "displayName": "Blood Burned String",
        "amount": 1
      },
      "minTier": 2,
      "liquidRequired": 5000,
      "consumptionRate": 20,
      "drainRate": 20
    },
    {
      "input": {
        "id": "BloodArsenal:heart:0",
        "displayName": "Heart",
        "amount": 1
      },
      "output": {
        "id": "BloodArsenal:soul_fragment:0",
        "displayName": "Soul Fragment",
        "amount": 1
      },
      "minTier": 4,
      "liquidRequired": 100000,
      "consumptionRate": 20,
      "drainRate": 20
    },
    {
      "input": {
        "id": "dreamcraft:item.WeakOrb:0",
        "displayName": "Weak Orb",
        "amount": 1
      },
      "output": {
        "id": "AWWayofTime:weakBloodOrb:0",
        "displayName": "Weak Blood Orb",
        "amount": 1
      },
      "minTier": 1,
      "liquidRequired": 5000,
      "consumptionRate": 20,
      "drainRate": 20
    },
    {
      "input": {
        "id": "dreamcraft:item.ApprenticeOrb:0",
        "displayName": "Apprentice Orb",
        "amount": 1
      },
      "output": {
        "id": "AWWayofTime:apprenticeBloodOrb:0",
        "displayName": "Apprentice Blood Orb",
        "amount": 1
      },
      "minTier": 2,
      "liquidRequired": 10000,
      "consumptionRate": 20,
      "drainRate": 20
    },
    {
      "input": {
        "id": "dreamcraft:item.MagicianOrb:0",
        "displayName": "Magician Orb",
        "amount": 1
      },
      "output": {
        "id": "AWWayofTime:magicianBloodOrb:0",
        "displayName": "Magician's Blood Orb",
        "amount": 1
      },
      "minTier": 3,
      "liquidRequired": 30000,
      "consumptionRate": 20,
      "drainRate": 20
    },
    {
      "input": {
        "id": "dreamcraft:item.MasterOrb:0",
        "displayName": "Master Orb",
        "amount": 1
      },
      "output": {
        "id": "AWWayofTime:masterBloodOrb:0",
        "displayName": "Master Blood Orb",
        "amount": 1
      },
      "minTier": 4,
      "liquidRequired": 60000,
      "consumptionRate": 20,
      "drainRate": 20
    },
    {
      "input": {
        "id": "dreamcraft:item.ArchmageOrb:0",
        "displayName": "Archmage Orb",
        "amount": 1
      },
      "output": {
        "id": "AWWayofTime:archmageBloodOrb:0",
        "displayName": "Archmage's Blood Orb",
        "amount": 1
      },
      "minTier": 5,
      "liquidRequired": 120000,
      "consumptionRate": 20,
      "drainRate": 20
    },
    {
      "input": {
        "id": "dreamcraft:item.TranscendentOrb:0",
        "displayName": "Transcendent Orb",
        "amount": 1
      },
      "output": {
        "id": "AWWayofTime:transcendentBloodOrb:0",
        "displayName": "Transcendent Blood Orb",
        "amount": 1
      },
      "minTier": 6,
      "liquidRequired": 300000,
      "consumptionRate": 20,
      "drainRate": 20
    },
    {
      "input": {
        "id": "dreamcraft:item.ArcaneSlate:0",
        "displayName": "Arcane Slate",
        "amount": 1
      },
      "output": {
        "id": "AWWayofTime:blankSlate:0",
        "displayName": "Blank Slate",
        "amount": 1
      },
      "minTier": 1,
      "liquidRequired": 1000,
      "consumptionRate": 20,
      "drainRate": 20
    },
    {
      "input": {
        "id": "AWWayofTime:blankSlate:0",
        "displayName": "Blank Slate",
        "amount": 1
      },
      "output": {
        "id": "AWWayofTime:reinforcedSlate:0",
        "displayName": "Reinforced Slate",
        "amount": 1
      },
      "minTier": 2,
      "liquidRequired": 2500,
      "consumptionRate": 20,
      "drainRate": 20
    },
    {
      "input": {
        "id": "AWWayofTime:reinforcedSlate:0",
        "displayName": "Reinforced Slate",
        "amount": 1
      },
      "output": {
        "id": "AWWayofTime:imbuedSlate:0",
        "displayName": "Imbued Slate",
        "amount": 1
      },
      "minTier": 3,
      "liquidRequired": 7500,
      "consumptionRate": 20,
      "drainRate": 20
    },
    {
      "input": {
        "id": "AWWayofTime:imbuedSlate:0",
        "displayName": "Imbued Slate",
        "amount": 1
      },
      "output": {
        "id": "AWWayofTime:demonicSlate:0",
        "displayName": "Demonic Slate",
        "amount": 1
      },
      "minTier": 4,
      "liquidRequired": 20000,
      "consumptionRate": 20,
      "drainRate": 20
    },
    {
      "input": {
        "id": "AWWayofTime:demonicSlate:0",
        "displayName": "Demonic Slate",
        "amount": 1
      },
      "output": {
        "id": "AWWayofTime:bloodMagicBaseItems:27",
        "displayName": "Ethereal Slate",
        "amount": 1
      },
      "minTier": 5,
      "liquidRequired": 60000,
      "consumptionRate": 20,
      "drainRate": 20
    },
    {
      "input": {
        "id": "IC2:itemCellEmpty:0",
        "displayName": "Empty Cell",
        "amount": 1
      },
      "output": {
        "id": "gregtech:gt.metaitem.01:30694",
        "displayName": "Life Cell",
        "amount": 1
      },
      "minTier": 1,
      "liquidRequired": 1000,
      "consumptionRate": 20,
      "drainRate": 20
    },
    {
      "input": {
        "id": "Thaumcraft:ItemEssence:0",
        "displayName": "Glass Phial",
        "amount": 1
      },
      "output": {
        "id": "AWWayofTime:alchemyFlask:0",
        "displayName": "Potion Flask",
        "amount": 1
      },
      "minTier": 2,
      "liquidRequired": 4000,
      "consumptionRate": 20,
      "drainRate": 20
    },
    {
      "input": {
        "id": "IC2:itemBatCrystal:1",
        "displayName": "Energy Crystal",
        "amount": 1,
        "nbt": "{charge:1000000.0d}"
      },
      "output": {
        "id": "AWWayofTime:blankSpell:0",
        "displayName": "Unbound Crystal",
        "amount": 1
      },
      "minTier": 2,
      "liquidRequired": 5000,
      "consumptionRate": 20,
      "drainRate": 20
    },
    {
      "input": {
        "id": "AWWayofTime:sacrificialKnife:0",
        "displayName": "Sacrificial Knife",
        "amount": 1
      },
      "output": {
        "id": "AWWayofTime:daggerOfSacrifice:0",
        "displayName": "Dagger of Sacrifice",
        "amount": 1
      },
      "minTier": 2,
      "liquidRequired": 10000,
      "consumptionRate": 20,
      "drainRate": 20
    },
    {
      "input": {
        "id": "AWWayofTime:blankSpell:0",
        "displayName": "Unbound Crystal",
        "amount": 1
      },
      "output": {
        "id": "AWWayofTime:activationCrystal:0",
        "displayName": "Weak Activation Crystal",
        "amount": 1
      },
      "minTier": 3,
      "liquidRequired": 20000,
      "consumptionRate": 20,
      "drainRate": 20
    },
    {
      "input": {
        "id": "AWWayofTime:emptySocket:0",
        "displayName": "Empty Socket",
        "amount": 1
      },
      "output": {
        "id": "AWWayofTime:bloodSocket:0",
        "displayName": "Filled Socket",
        "amount": 1
      },
      "minTier": 3,
      "liquidRequired": 40000,
      "consumptionRate": 20,
      "drainRate": 20
    },
    {
      "input": {
        "id": "Thaumcraft:blockCrystal:2",
        "displayName": "Water Crystal Cluster",
        "amount": 1
      },
      "output": {
        "id": "AWWayofTime:waterScribeTool:0",
        "displayName": "Elemental Inscription Tool: Water",
        "amount": 1
      },
      "minTier": 3,
      "liquidRequired": 5000,
      "consumptionRate": 20,
      "drainRate": 20
    },
    {
      "input": {
        "id": "Thaumcraft:blockCrystal:1",
        "displayName": "Fire Crystal Cluster",
        "amount": 1
      },
      "output": {
        "id": "AWWayofTime:fireScribeTool:0",
        "displayName": "Elemental Inscription Tool: Fire",
        "amount": 1
      },
      "minTier": 3,
      "liquidRequired": 5000,
      "consumptionRate": 20,
      "drainRate": 20
    },
    {
      "input": {
        "id": "Thaumcraft:blockCrystal:3",
        "displayName": "Earth Crystal Cluster",
        "amount": 1
      },
      "output": {
        "id": "AWWayofTime:earthScribeTool:0",
        "displayName": "Elemental Inscription Tool: Earth",
        "amount": 1
      },
      "minTier": 3,
      "liquidRequired": 5000,
      "consumptionRate": 20,
      "drainRate": 20
    },
    {
      "input": {
        "id": "Thaumcraft:blockCrystal:0",
        "displayName": "Air Crystal Cluster",
        "amount": 1
      },
      "output": {
        "id": "AWWayofTime:airScribeTool:0",
        "displayName": "Elemental Inscription Tool: Air",
        "amount": 1
      },
      "minTier": 3,
      "liquidRequired": 5000,
      "consumptionRate": 20,
      "drainRate": 20
    },
    {
      "input": {
        "id": "Thaumcraft:blockCrystal:5",
        "displayName": "Entropy Crystal Cluster",
        "amount": 1
      },
      "output": {
        "id": "AWWayofTime:duskScribeTool:0",
        "displayName": "Elemental Inscription Tool: Dusk",
        "amount": 1
      },
      "minTier": 4,
      "liquidRequired": 10000,
      "consumptionRate": 20,
      "drainRate": 20
    },
    {
      "input": {
        "id": "Thaumcraft:blockCrystal:6",
        "displayName": "Mixed Crystal Cluster",
        "amount": 1
      },
      "output": {
        "id": "AWWayofTime:dawnScribeTool:0",
        "displayName": "Elemental Inscription Tool: Dawn",
        "amount": 1
      },
      "minTier": 6,
      "liquidRequired": 100000,
      "consumptionRate": 20,
      "drainRate": 20
    },
    {
      "input": {
        "id": "EnderZoo:enderFragment:0",
        "displayName": "Ender Fragment",
        "amount": 1
      },
      "output": {
        "id": "AWWayofTime:bloodMagicBaseItems:32",
        "displayName": "Ender Shard",
        "amount": 1
      },
      "minTier": 4,
      "liquidRequired": 5000,
      "consumptionRate": 20,
      "drainRate": 20
    },
    {
      "input": {
        "id": "AWWayofTime:telepositionFocus:0",
        "displayName": "Teleposition Focus",
        "amount": 1
      },
      "output": {
        "id": "AWWayofTime:enhancedTelepositionFocus:0",
        "displayName": "Enhanced Teleposition Focus",
        "amount": 1
      },
      "minTier": 4,
      "liquidRequired": 20000,
      "consumptionRate": 20,
      "drainRate": 20
    },
    {
      "input": {
        "id": "Thaumcraft:blockCosmeticSolid:4",
        "displayName": "Thaumium Block",
        "amount": 1
      },
      "output": {
        "id": "dreamcraft:tile.BloodyThaumium:0",
        "displayName": "Blood-Soaked Thaumium Block",
        "amount": 1
      },
      "minTier": 2,
      "liquidRequired": 5000,
      "consumptionRate": 20,
      "drainRate": 20
    },
    {
      "input": {
        "id": "thaumicbases:voidBlock:0",
        "displayName": "Void metal Block",
        "amount": 1
      },
      "output": {
        "id": "dreamcraft:tile.BloodyVoid:0",
        "displayName": "Blood-Soaked Void Block",
        "amount": 1
      },
      "minTier": 3,
      "liquidRequired": 10000,
      "consumptionRate": 20,
      "drainRate": 20
    },
    {
      "input": {
        "id": "gregtech:gt.blockmetal8:13",
        "displayName": "Block of Ichorium",
        "amount": 1
      },
      "output": {
        "id": "dreamcraft:tile.BloodyIchorium:0",
        "displayName": "Blood-Soaked Ichorium Block",
        "amount": 1
      },
      "minTier": 5,
      "liquidRequired": 50000,
      "consumptionRate": 20,
      "drainRate": 20
    },
    {
      "input": {
        "id": "BloodArsenal:blood_infused_diamond_active:0",
        "displayName": "Blood Infused Diamond (Active)",
        "amount": 1
      },
      "output": {
        "id": "BloodArsenal:blood_infused_diamond_bound:0",
        "displayName": "Bound Diamond",
        "amount": 1
      },
      "minTier": 5,
      "liquidRequired": 10000,
      "consumptionRate": 20,
      "drainRate": 20
    },
    {
      "input": {
        "id": "minecraft:sandstone:2",
        "displayName": "Smooth Sandstone",
        "amount": 1
      },
      "output": {
        "id": "Railcraft:brick.bloodstained:2",
        "displayName": "Blood Stained Block",
        "amount": 1
      },
      "minTier": 2,
      "liquidRequired": 3500,
      "consumptionRate": 20,
      "drainRate": 20
    },
    {
      "input": {
        "id": "ForbiddenMagic:WandCores:6",
        "displayName": "Inert Blood Rod",
        "amount": 1
      },
      "output": {
        "id": "ForbiddenMagic:WandCores:3",
        "displayName": "Blood Rod",
        "amount": 1
      },
      "minTier": 4,
      "liquidRequired": 50000,
      "consumptionRate": 20,
      "drainRate": 20
    }
  ],
  "alchemyRecipes": [
    {
      "output": {
        "id": "minecraft:gunpowder:0",
        "displayName": "Gunpowder",
        "amount": 2
      },
      "orbLevel": 1,
      "liquidRequired": 2,
      "inputs": [
        {
          "id": "minecraft:gunpowder:0",
          "displayName": "Gunpowder",
          "amount": 1
        },
        {
          "id": "minecraft:coal:0",
          "displayName": "Coal",
          "amount": 1
        },
        {
          "id": "minecraft:sand:0",
          "displayName": "Sand",
          "amount": 1
        }
      ]
    },
    {
      "output": {
        "id": "minecraft:flint:0",
        "displayName": "Flint",
        "amount": 2
      },
      "orbLevel": 1,
      "liquidRequired": 1,
      "inputs": [
        {
          "id": "minecraft:gravel:0",
          "displayName": "Gravel",
          "amount": 1
        },
        {
          "id": "minecraft:flint:0",
          "displayName": "Flint",
          "amount": 1
        }
      ]
    },
    {
      "output": {
        "id": "minecraft:grass:0",
        "displayName": "Grass Block",
        "amount": 1
      },
      "orbLevel": 1,
      "liquidRequired": 2,
      "inputs": [
        {
          "id": "minecraft:dirt:0",
          "displayName": "Dirt",
          "amount": 1
        },
        {
          "id": "minecraft:dye:15",
          "displayName": "Bone Meal",
          "amount": 1
        },
        {
          "id": "minecraft:wheat_seeds:0",
          "displayName": "Seeds",
          "amount": 1
        },
        {
          "id": "minecraft:wheat_seeds:0",
          "displayName": "Seeds",
          "amount": 1
        }
      ]
    },
    {
      "output": {
        "id": "minecraft:bread:0",
        "displayName": "Bread",
        "amount": 1
      },
      "orbLevel": 1,
      "liquidRequired": 1,
      "inputs": [
        {
          "id": "minecraft:wheat:0",
          "displayName": "Wheat",
          "amount": 1
        },
        {
          "id": "minecraft:sugar:0",
          "displayName": "Sugar",
          "amount": 1
        }
      ]
    },
    {
      "output": {
        "id": "minecraft:sand:0",
        "displayName": "Sand",
        "amount": 2
      },
      "orbLevel": 1,
      "liquidRequired": 1,
      "inputs": [
        {
          "id": "minecraft:cobblestone:0",
          "displayName": "Cobblestone",
          "amount": 1
        },
        {
          "id": "minecraft:gunpowder:0",
          "displayName": "Gunpowder",
          "amount": 1
        }
      ]
    },
    {
      "output": {
        "id": "minecraft:clay:0",
        "displayName": "Clay",
        "amount": 4
      },
      "orbLevel": 1,
      "liquidRequired": 2,
      "inputs": [
        {
          "id": "minecraft:hardened_clay:32767",
          "displayName": "Hardened Clay",
          "amount": 1
        },
        {
          "id": "minecraft:hardened_clay:32767",
          "displayName": "Hardened Clay",
          "amount": 1
        },
        {
          "id": "minecraft:hardened_clay:32767",
          "displayName": "Hardened Clay",
          "amount": 1
        },
        {
          "id": "minecraft:hardened_clay:32767",
          "displayName": "Hardened Clay",
          "amount": 1
        },
        {
          "id": "minecraft:water_bucket:0",
          "displayName": "Water Bucket",
          "amount": 1
        }
      ]
    },
    {
      "output": {
        "id": "minecraft:string:0",
        "displayName": "String",
        "amount": 4
      },
      "orbLevel": 1,
      "liquidRequired": 1,
      "inputs": [
        {
          "id": "minecraft:wool:32767",
          "displayName": "Black Wool",
          "amount": 1
        },
        {
          "id": "minecraft:flint:0",
          "displayName": "Flint",
          "amount": 1
        }
      ]
    },
    {
      "output": {
        "id": "minecraft:gravel:0",
        "displayName": "Gravel",
        "amount": 2
      },
      "orbLevel": 1,
      "liquidRequired": 1,
      "inputs": [
        {
          "id": "minecraft:stone:0",
          "displayName": "Stone",
          "amount": 1
        },
        {
          "id": "minecraft:gunpowder:0",
          "displayName": "Gunpowder",
          "amount": 1
        }
      ]
    },
    {
      "output": {
        "id": "minecraft:obsidian:0",
        "displayName": "Obsidian",
        "amount": 1
      },
      "orbLevel": 1,
      "liquidRequired": 1,
      "inputs": [
        {
          "id": "minecraft:water_bucket:0",
          "displayName": "Water Bucket",
          "amount": 1
        },
        {
          "id": "minecraft:lava_bucket:0",
          "displayName": "Lava Bucket",
          "amount": 1
        }
      ]
    },
    {
      "output": {
        "id": "minecraft:paper:0",
        "displayName": "Paper",
        "amount": 1
      },
      "orbLevel": 1,
      "liquidRequired": 1,
      "inputs": [
        {
          "id": "minecraft:reeds:0",
          "displayName": "Sugar Canes",
          "amount": 1
        }
      ]
    },
    {
      "output": {
        "id": "minecraft:soul_sand:0",
        "displayName": "Soul Sand",
        "amount": 3
      },
      "orbLevel": 3,
      "liquidRequired": 3,
      "inputs": [
        {
          "id": "minecraft:sand:0",
          "displayName": "Sand",
          "amount": 1
        },
        {
          "id": "minecraft:sand:0",
          "displayName": "Sand",
          "amount": 1
        },
        {
          "id": "minecraft:sand:0",
          "displayName": "Sand",
          "amount": 1
        },
        {
          "id": "minecraft:water_bucket:0",
          "displayName": "Water Bucket",
          "amount": 1
        },
        {
          "id": "AWWayofTime:weakBloodShard:0",
          "displayName": "Weak Blood Shard",
          "amount": 1
        }
      ]
    },
    {
      "output": {
        "id": "minecraft:mycelium:0",
        "displayName": "Mycelium",
        "amount": 1
      },
      "orbLevel": 2,
      "liquidRequired": 5,
      "inputs": [
        {
          "id": "minecraft:grass:0",
          "displayName": "Grass Block",
          "amount": 1
        },
        {
          "id": "minecraft:brown_mushroom:0",
          "displayName": "Mushroom",
          "amount": 1
        },
        {
          "id": "minecraft:red_mushroom:0",
          "displayName": "Mushroom",
          "amount": 1
        }
      ]
    },
    {
      "output": {
        "id": "minecraft:ice:0",
        "displayName": "Ice",
        "amount": 1
      },
      "orbLevel": 1,
      "liquidRequired": 2,
      "inputs": [
        {
          "id": "minecraft:water_bucket:0",
          "displayName": "Water Bucket",
          "amount": 1
        },
        {
          "id": "minecraft:snowball:0",
          "displayName": "Snowball",
          "amount": 1
        }
      ]
    },
    {
      "output": {
        "id": "minecraft:potion:0",
        "displayName": "Water Bottle",
        "amount": 1
      },
      "orbLevel": 1,
      "liquidRequired": 1,
      "inputs": [
        {
          "id": "minecraft:glass_bottle:0",
          "displayName": "Glass Bottle",
          "amount": 1
        },
        {
          "id": "minecraft:cactus:0",
          "displayName": "Cactus",
          "amount": 1
        }
      ]
    },
    {
      "output": {
        "id": "minecraft:water_bucket:0",
        "displayName": "Water Bucket",
        "amount": 1
      },
      "orbLevel": 1,
      "liquidRequired": 1,
      "inputs": [
        {
          "id": "minecraft:bucket:0",
          "displayName": "Bucket",
          "amount": 1
        },
        {
          "id": "minecraft:cactus:0",
          "displayName": "Cactus",
          "amount": 1
        }
      ]
    },
    {
      "output": {
        "id": "minecraft:glass_bottle:0",
        "displayName": "Glass Bottle",
        "amount": 3
      },
      "orbLevel": 1,
      "liquidRequired": 1,
      "inputs": [
        {
          "id": "minecraft:glass:32767",
          "displayName": "Glass",
          "amount": 1
        },
        {
          "id": "minecraft:glass:32767",
          "displayName": "Glass",
          "amount": 1
        },
        {
          "id": "minecraft:glass:32767",
          "displayName": "Glass",
          "amount": 1
        }
      ]
    },
    {
      "output": {
        "id": "minecraft:ghast_tear:0",
        "displayName": "Ghast Tear",
        "amount": 2
      },
      "orbLevel": 5,
      "liquidRequired": 100,
      "inputs": [
        {
          "id": "minecraft:ghast_tear:0",
          "displayName": "Ghast Tear",
          "amount": 1
        },
        {
          "id": "AWWayofTime:bloodMagicBaseAlchemyItems:4",
          "displayName": "Concentrated Catalyst",
          "amount": 1
        },
        {
          "id": "AWWayofTime:weakBloodShard:0",
          "displayName": "Weak Blood Shard",
          "amount": 1
        },
        {
          "id": "minecraft:soul_sand:0",
          "displayName": "Soul Sand",
          "amount": 1
        },
        {
          "id": "minecraft:soul_sand:0",
          "displayName": "Soul Sand",
          "amount": 1
        }
      ]
    },
    {
      "output": {
        "id": "minecraft:coal:0",
        "displayName": "Coal",
        "amount": 5
      },
      "orbLevel": 1,
      "liquidRequired": 1,
      "inputs": [
        {
          "id": "minecraft:coal:1",
          "displayName": "Charcoal",
          "amount": 1
        },
        {
          "id": "minecraft:coal:1",
          "displayName": "Charcoal",
          "amount": 1
        },
        {
          "id": "minecraft:coal:1",
          "displayName": "Charcoal",
          "amount": 1
        },
        {
          "id": "minecraft:coal:1",
          "displayName": "Charcoal",
          "amount": 1
        },
        {
          "id": "minecraft:coal:1",
          "displayName": "Charcoal",
          "amount": 1
        }
      ]
    },
    {
      "output": {
        "id": "minecraft:clay_ball:0",
        "displayName": "Clay",
        "amount": 4
      },
      "orbLevel": 2,
      "liquidRequired": 5,
      "inputs": [
        {
          "id": "minecraft:sand:0",
          "displayName": "Sand",
          "amount": 1
        },
        {
          "id": "minecraft:water_bucket:0",
          "displayName": "Water Bucket",
          "amount": 1
        }
      ]
    },
    {
      "output": {
        "id": "AWWayofTime:largeBloodStoneBrick:0",
        "displayName": "Large Bloodstone Brick",
        "amount": 4
      },
      "orbLevel": 3,
      "liquidRequired": 25,
      "inputs": [
        {
          "id": "AWWayofTime:ritualStone:0",
          "displayName": "Ritual Stone",
          "amount": 1
        },
        {
          "id": "AWWayofTime:ritualStone:0",
          "displayName": "Ritual Stone",
          "amount": 1
        },
        {
          "id": "AWWayofTime:ritualStone:0",
          "displayName": "Ritual Stone",
          "amount": 1
        },
        {
          "id": "AWWayofTime:ritualStone:0",
          "displayName": "Ritual Stone",
          "amount": 1
        },
        {
          "id": "AWWayofTime:weakBloodShard:0",
          "displayName": "Weak Blood Shard",
          "amount": 1
        }
      ]
    },
    {
      "output": {
        "id": "AWWayofTime:simpleCatalyst:0",
        "displayName": "Simple Catalyst",
        "amount": 1
      },
      "orbLevel": 1,
      "liquidRequired": 5,
      "inputs": [
        {
          "id": "Thaumcraft:ItemEssence:0",
          "displayName": "Glass Phial",
          "amount": 1
        },
        {
          "id": "Genetics:misc:4",
          "displayName": "Growth Medium",
          "amount": 1
        },
        {
          "id": "minecraft:glowstone_dust:0",
          "displayName": "Glowstone Dust",
          "amount": 1
        },
        {
          "id": "minecraft:redstone:0",
          "displayName": "Redstone",
          "amount": 1
        },
        {
          "id": "minecraft:gunpowder:0",
          "displayName": "Gunpowder",
          "amount": 1
        }
      ]
    },
    {
      "output": {
        "id": "AWWayofTime:crystallos:0",
        "displayName": "Crystallos",
        "amount": 1
      },
      "orbLevel": 2,
      "liquidRequired": 10,
      "inputs": [
        {
          "id": "BiomesOPlenty:hardIce:0",
          "displayName": "Hardened Ice",
          "amount": 1
        },
        {
          "id": "gregtech:gt.metaitem.01:2702",
          "displayName": "Crushed Ice",
          "amount": 1
        },
        {
          "id": "gregtech:gt.metaitem.01:2702",
          "displayName": "Crushed Ice",
          "amount": 1
        },
        {
          "id": "gregtech:gt.metaitem.01:2702",
          "displayName": "Crushed Ice",
          "amount": 1
        },
        {
          "id": "AWWayofTime:simpleCatalyst:0",
          "displayName": "Simple Catalyst",
          "amount": 1
        }
      ]
    },
    {
      "output": {
        "id": "AWWayofTime:sanctus:0",
        "displayName": "Sanctus",
        "amount": 1
      },
      "orbLevel": 2,
      "liquidRequired": 10,
      "inputs": [
        {
          "id": "gregtech:gt.metaitem.01:2351",
          "displayName": "Rose Gold Dust",
          "amount": 1
        },
        {
          "id": "minecraft:glowstone_dust:0",
          "displayName": "Glowstone Dust",
          "amount": 1
        },
        {
          "id": "minecraft:glowstone_dust:0",
          "displayName": "Glowstone Dust",
          "amount": 1
        },
        {
          "id": "gregtech:gt.metaitem.01:2890",
          "displayName": "Glass Dust",
          "amount": 1
        },
        {
          "id": "AWWayofTime:simpleCatalyst:0",
          "displayName": "Simple Catalyst",
          "amount": 1
        }
      ]
    },
    {
      "output": {
        "id": "AWWayofTime:weakFillingAgent:0",
        "displayName": "Weak Filling Agent",
        "amount": 1
      },
      "orbLevel": 3,
      "liquidRequired": 20,
      "inputs": [
        {
          "id": "AWWayofTime:simpleCatalyst:0",
          "displayName": "Simple Catalyst",
          "amount": 1
        },
        {
          "id": "minecraft:glowstone_dust:0",
          "displayName": "Glowstone Dust",
          "amount": 1
        },
        {
          "id": "minecraft:redstone:0",
          "displayName": "Redstone",
          "amount": 1
        },
        {
          "id": "minecraft:nether_wart:0",
          "displayName": "Nether Wart",
          "amount": 1
        },
        {
          "id": "minecraft:blaze_powder:0",
          "displayName": "Blaze Powder",
          "amount": 1
        }
      ]
    },
    {
      "output": {
        "id": "AWWayofTime:weakBindingAgent:0",
        "displayName": "Weak Binding Agent",
        "amount": 1
      },
      "orbLevel": 2,
      "liquidRequired": 20,
      "inputs": [
        {
          "id": "AWWayofTime:simpleCatalyst:0",
          "displayName": "Simple Catalyst",
          "amount": 1
        },
        {
          "id": "AWWayofTime:simpleCatalyst:0",
          "displayName": "Simple Catalyst",
          "amount": 1
        },
        {
          "id": "gregtech:gt.metaitem.01:2020",
          "displayName": "Raw Silicon Dust",
          "amount": 1
        },
        {
          "id": "gregtech:gt.metaitem.01:2805",
          "displayName": "Clay Dust",
          "amount": 1
        },
        {
          "id": "gregtech:gt.metaitem.01:2805",
          "displayName": "Clay Dust",
          "amount": 1
        }
      ]
    },
    {
      "output": {
        "id": "AWWayofTime:mundaneLengtheningCatalyst:0",
        "displayName": "Mundane Lengthening Catalyst",
        "amount": 1
      },
      "orbLevel": 3,
      "liquidRequired": 40,
      "inputs": [
        {
          "id": "gregtech:gt.metaitem.01:2028",
          "displayName": "Titanium Dust",
          "amount": 1
        },
        {
          "id": "minecraft:redstone:0",
          "displayName": "Redstone",
          "amount": 1
        },
        {
          "id": "minecraft:redstone:0",
          "displayName": "Redstone",
          "amount": 1
        },
        {
          "id": "AWWayofTime:simpleCatalyst:0",
          "displayName": "Simple Catalyst",
          "amount": 1
        },
        {
          "id": "AWWayofTime:weakBindingAgent:0",
          "displayName": "Weak Binding Agent",
          "amount": 1
        }
      ]
    },
    {
      "output": {
        "id": "AWWayofTime:averageLengtheningCatalyst:0",
        "displayName": "Average Lengthening Catalyst",
        "amount": 1
      },
      "orbLevel": 4,
      "liquidRequired": 60,
      "inputs": [
        {
          "id": "AWWayofTime:standardBindingAgent:0",
          "displayName": "Standard Binding Agent",
          "amount": 1
        },
        {
          "id": "AWWayofTime:mundaneLengtheningCatalyst:0",
          "displayName": "Mundane Lengthening Catalyst",
          "amount": 1
        },
        {
          "id": "AWWayofTime:mundaneLengtheningCatalyst:0",
          "displayName": "Mundane Lengthening Catalyst",
          "amount": 1
        },
        {
          "id": "AWWayofTime:bloodMagicBaseAlchemyItems:3",
          "displayName": "Strengthened Catalyst",
          "amount": 1
        }
      ]
    },
    {
      "output": {
        "id": "AWWayofTime:greaterLengtheningCatalyst:0",
        "displayName": "Greater Lengthening Catalyst",
        "amount": 1
      },
      "orbLevel": 4,
      "liquidRequired": 80,
      "inputs": [
        {
          "id": "AWWayofTime:aquasalus:0",
          "displayName": "Aquasalus",
          "amount": 1
        },
        {
          "id": "AWWayofTime:averageLengtheningCatalyst:0",
          "displayName": "Average Lengthening Catalyst",
          "amount": 1
        },
        {
          "id": "AWWayofTime:averageLengtheningCatalyst:0",
          "displayName": "Average Lengthening Catalyst",
          "amount": 1
        },
        {
          "id": "AWWayofTime:bloodMagicBaseAlchemyItems:3",
          "displayName": "Strengthened Catalyst",
          "amount": 1
        }
      ]
    },
    {
      "output": {
        "id": "AWWayofTime:mundanePowerCatalyst:0",
        "displayName": "Mundane Power Catalyst",
        "amount": 1
      },
      "orbLevel": 3,
      "liquidRequired": 40,
      "inputs": [
        {
          "id": "gregtech:gt.metaitem.01:2028",
          "displayName": "Titanium Dust",
          "amount": 1
        },
        {
          "id": "minecraft:glowstone_dust:0",
          "displayName": "Glowstone Dust",
          "amount": 1
        },
        {
          "id": "minecraft:glowstone_dust:0",
          "displayName": "Glowstone Dust",
          "amount": 1
        },
        {
          "id": "AWWayofTime:simpleCatalyst:0",
          "displayName": "Simple Catalyst",
          "amount": 1
        },
        {
          "id": "AWWayofTime:weakBindingAgent:0",
          "displayName": "Weak Binding Agent",
          "amount": 1
        }
      ]
    },
    {
      "output": {
        "id": "AWWayofTime:averagePowerCatalyst:0",
        "displayName": "Average Power Catalyst",
        "amount": 1
      },
      "orbLevel": 4,
      "liquidRequired": 60,
      "inputs": [
        {
          "id": "AWWayofTime:standardBindingAgent:0",
          "displayName": "Standard Binding Agent",
          "amount": 1
        },
        {
          "id": "AWWayofTime:mundanePowerCatalyst:0",
          "displayName": "Mundane Power Catalyst",
          "amount": 1
        },
        {
          "id": "AWWayofTime:mundanePowerCatalyst:0",
          "displayName": "Mundane Power Catalyst",
          "amount": 1
        },
        {
          "id": "AWWayofTime:bloodMagicBaseAlchemyItems:3",
          "displayName": "Strengthened Catalyst",
          "amount": 1
        }
      ]
    },
    {
      "output": {
        "id": "AWWayofTime:greaterPowerCatalyst:0",
        "displayName": "Greater Power Catalyst",
        "amount": 1
      },
      "orbLevel": 4,
      "liquidRequired": 80,
      "inputs": [
        {
          "id": "AWWayofTime:incendium:0",
          "displayName": "Incendium",
          "amount": 1
        },
        {
          "id": "AWWayofTime:averagePowerCatalyst:0",
          "displayName": "Average Power Catalyst",
          "amount": 1
        },
        {
          "id": "AWWayofTime:averagePowerCatalyst:0",
          "displayName": "Average Power Catalyst",
          "amount": 1
        },
        {
          "id": "AWWayofTime:bloodMagicBaseAlchemyItems:3",
          "displayName": "Strengthened Catalyst",
          "amount": 1
        }
      ]
    },
    {
      "output": {
        "id": "AWWayofTime:standardBindingAgent:0",
        "displayName": "Standard Binding Agent",
        "amount": 1
      },
      "orbLevel": 3,
      "liquidRequired": 40,
      "inputs": [
        {
          "id": "gregtech:gt.metaitem.01:2028",
          "displayName": "Titanium Dust",
          "amount": 1
        },
        {
          "id": "AWWayofTime:weakBindingAgent:0",
          "displayName": "Weak Binding Agent",
          "amount": 1
        },
        {
          "id": "AWWayofTime:weakBindingAgent:0",
          "displayName": "Weak Binding Agent",
          "amount": 1
        },
        {
          "id": "AWWayofTime:sanctus:0",
          "displayName": "Sanctus",
          "amount": 1
        },
        {
          "id": "AWWayofTime:crystallos:0",
          "displayName": "Crystallos",
          "amount": 1
        }
      ]
    },
    {
      "output": {
        "id": "AWWayofTime:aether:0",
        "displayName": "Aether",
        "amount": 1
      },
      "orbLevel": 2,
      "liquidRequired": 10,
      "inputs": [
        {
          "id": "EMT:EMTItems:8",
          "displayName": "Glue",
          "amount": 1
        },
        {
          "id": "minecraft:feather:0",
          "displayName": "Feather",
          "amount": 1
        },
        {
          "id": "minecraft:feather:0",
          "displayName": "Feather",
          "amount": 1
        },
        {
          "id": "minecraft:ghast_tear:0",
          "displayName": "Ghast Tear",
          "amount": 1
        },
        {
          "id": "AWWayofTime:simpleCatalyst:0",
          "displayName": "Simple Catalyst",
          "amount": 1
        }
      ]
    },
    {
      "output": {
        "id": "minecraft:web:0",
        "displayName": "Cobweb",
        "amount": 1
      },
      "orbLevel": 1,
      "liquidRequired": 5,
      "inputs": [
        {
          "id": "minecraft:string:0",
          "displayName": "String",
          "amount": 1
        },
        {
          "id": "minecraft:string:0",
          "displayName": "String",
          "amount": 1
        },
        {
          "id": "minecraft:string:0",
          "displayName": "String",
          "amount": 1
        },
        {
          "id": "minecraft:string:0",
          "displayName": "String",
          "amount": 1
        },
        {
          "id": "minecraft:string:0",
          "displayName": "String",
          "amount": 1
        }
      ]
    },
    {
      "output": {
        "id": "AWWayofTime:bloodMagicBaseAlchemyItems:5",
        "displayName": "Fractured Bone",
        "amount": 1
      },
      "orbLevel": 1,
      "liquidRequired": 5,
      "inputs": [
        {
          "id": "minecraft:bone:0",
          "displayName": "Bone",
          "amount": 1
        },
        {
          "id": "minecraft:bone:0",
          "displayName": "Bone",
          "amount": 1
        },
        {
          "id": "minecraft:bone:0",
          "displayName": "Bone",
          "amount": 1
        },
        {
          "id": "minecraft:bone:0",
          "displayName": "Bone",
          "amount": 1
        },
        {
          "id": "minecraft:gunpowder:0",
          "displayName": "Gunpowder",
          "amount": 1
        }
      ]
    },
    {
      "output": {
        "id": "minecraft:leather:0",
        "displayName": "Leather",
        "amount": 3
      },
      "orbLevel": 1,
      "liquidRequired": 6,
      "inputs": [
        {
          "id": "minecraft:rotten_flesh:0",
          "displayName": "Rotten Flesh",
          "amount": 1
        },
        {
          "id": "minecraft:rotten_flesh:0",
          "displayName": "Rotten Flesh",
          "amount": 1
        },
        {
          "id": "minecraft:rotten_flesh:0",
          "displayName": "Rotten Flesh",
          "amount": 1
        },
        {
          "id": "minecraft:water_bucket:0",
          "displayName": "Water Bucket",
          "amount": 1
        },
        {
          "id": "minecraft:flint:0",
          "displayName": "Flint",
          "amount": 1
        }
      ]
    },
    {
      "output": {
        "id": "minecraft:fire_charge:0",
        "displayName": "Fire Charge",
        "amount": 1
      },
      "orbLevel": 1,
      "liquidRequired": 9,
      "inputs": [
        {
          "id": "minecraft:blaze_powder:0",
          "displayName": "Blaze Powder",
          "amount": 1
        },
        {
          "id": "gregtech:gt.metaitem.01:2535",
          "displayName": "Coal Dust",
          "amount": 1
        },
        {
          "id": "minecraft:gunpowder:0",
          "displayName": "Gunpowder",
          "amount": 1
        }
      ]
    },
    {
      "output": {
        "id": "AWWayofTime:incendium:0",
        "displayName": "Incendium",
        "amount": 1
      },
      "orbLevel": 2,
      "liquidRequired": 10,
      "inputs": [
        {
          "id": "gregtech:gt.metaitem.01:2541",
          "displayName": "Ignis Crystal Powder",
          "amount": 1
        },
        {
          "id": "minecraft:blaze_powder:0",
          "displayName": "Blaze Powder",
          "amount": 1
        },
        {
          "id": "gregtech:gt.metaitem.01:1347",
          "displayName": "Small Pile of Firestone Dust",
          "amount": 1
        },
        {
          "id": "gregtech:gt.metaitem.01:2807",
          "displayName": "Netherrack Dust",
          "amount": 1
        },
        {
          "id": "AWWayofTime:simpleCatalyst:0",
          "displayName": "Simple Catalyst",
          "amount": 1
        }
      ]
    },
    {
      "output": {
        "id": "AWWayofTime:magicales:0",
        "displayName": "Magicales",
        "amount": 1
      },
      "orbLevel": 2,
      "liquidRequired": 10,
      "inputs": [
        {
          "id": "Thaumcraft:ItemResource:1",
          "displayName": "Nitor",
          "amount": 1
        },
        {
          "id": "Thaumcraft:ItemResource:14",
          "displayName": "Salis Mundus",
          "amount": 1
        },
        {
          "id": "gregtech:gt.metaitem.01:2330",
          "displayName": "Thaumium Dust",
          "amount": 1
        },
        {
          "id": "minecraft:gunpowder:0",
          "displayName": "Gunpowder",
          "amount": 1
        },
        {
          "id": "AWWayofTime:simpleCatalyst:0",
          "displayName": "Simple Catalyst",
          "amount": 1
        }
      ]
    },
    {
      "output": {
        "id": "AWWayofTime:crepitous:0",
        "displayName": "Crepitous",
        "amount": 1
      },
      "orbLevel": 2,
      "liquidRequired": 10,
      "inputs": [
        {
          "id": "AWWayofTime:blankSlate:0",
          "displayName": "Blank Slate",
          "amount": 1
        },
        {
          "id": "minecraft:gunpowder:0",
          "displayName": "Gunpowder",
          "amount": 1
        },
        {
          "id": "minecraft:gunpowder:0",
          "displayName": "Gunpowder",
          "amount": 1
        },
        {
          "id": "AWWayofTime:blankSlate:0",
          "displayName": "Blank Slate",
          "amount": 1
        },
        {
          "id": "AWWayofTime:simpleCatalyst:0",
          "displayName": "Simple Catalyst",
          "amount": 1
        }
      ]
    },
    {
      "output": {
        "id": "AWWayofTime:terrae:0",
        "displayName": "Terrae",
        "amount": 1
      },
      "orbLevel": 2,
      "liquidRequired": 10,
      "inputs": [
        {
          "id": "appliedenergistics2:item.ItemMultiMaterial:45",
          "displayName": "Sky Stone Dust",
          "amount": 1
        },
        {
          "id": "gregtech:gt.metaitem.01:2935",
          "displayName": "Basaltic Mineral Sand",
          "amount": 1
        },
        {
          "id": "gregtech:gt.metaitem.01:2936",
          "displayName": "Granitic Mineral Sand",
          "amount": 1
        },
        {
          "id": "gregtech:gt.metaitem.01:2804",
          "displayName": "Obsidian Dust",
          "amount": 1
        },
        {
          "id": "AWWayofTime:simpleCatalyst:0",
          "displayName": "Simple Catalyst",
          "amount": 1
        }
      ]
    },
    {
      "output": {
        "id": "AWWayofTime:aquasalus:0",
        "displayName": "Aquasalus",
        "amount": 1
      },
      "orbLevel": 2,
      "liquidRequired": 10,
      "inputs": [
        {
          "id": "minecraft:potion:0",
          "displayName": "Water Bottle",
          "amount": 1
        },
        {
          "id": "gregtech:gt.metaitem.01:2543",
          "displayName": "Aqua Crystal Powder",
          "amount": 1
        },
        {
          "id": "gregtech:gt.metaitem.01:2543",
          "displayName": "Aqua Crystal Powder",
          "amount": 1
        },
        {
          "id": "minecraft:dye:0",
          "displayName": "Ink Sac",
          "amount": 1
        },
        {
          "id": "AWWayofTime:simpleCatalyst:0",
          "displayName": "Simple Catalyst",
          "amount": 1
        }
      ]
    },
    {
      "output": {
        "id": "AWWayofTime:tennebrae:0",
        "displayName": "Tenebrae",
        "amount": 1
      },
      "orbLevel": 2,
      "liquidRequired": 10,
      "inputs": [
        {
          "id": "gregtech:gt.metaitem.01:2804",
          "displayName": "Obsidian Dust",
          "amount": 1
        },
        {
          "id": "gregtech:gt.metaitem.01:2535",
          "displayName": "Coal Dust",
          "amount": 1
        },
        {
          "id": "gregtech:gt.metaitem.01:2536",
          "displayName": "Charcoal Dust",
          "amount": 1
        },
        {
          "id": "gregtech:gt.metaitem.01:2538",
          "displayName": "Lignite Coal Dust",
          "amount": 1
        },
        {
          "id": "AWWayofTime:simpleCatalyst:0",
          "displayName": "Simple Catalyst",
          "amount": 1
        }
      ]
    },
    {
      "output": {
        "id": "AWWayofTime:activationCrystal:1",
        "displayName": "Awakened Activation Crystal",
        "amount": 1
      },
      "orbLevel": 4,
      "liquidRequired": 500,
      "inputs": [
        {
          "id": "AWWayofTime:activationCrystal:0",
          "displayName": "Weak Activation Crystal",
          "amount": 1
        },
        {
          "id": "AWWayofTime:demonBloodShard:0",
          "displayName": "Demon Blood Shard",
          "amount": 1
        },
        {
          "id": "AWWayofTime:bloodMagicBaseAlchemyItems:0",
          "displayName": "Offensa",
          "amount": 1
        },
        {
          "id": "AWWayofTime:aquasalus:0",
          "displayName": "Aquasalus",
          "amount": 1
        },
        {
          "id": "AWWayofTime:aether:0",
          "displayName": "Aether",
          "amount": 1
        }
      ]
    },
    {
      "output": {
        "id": "AWWayofTime:standardFillingAgent:0",
        "displayName": "Standard Filling Agent",
        "amount": 1
      },
      "orbLevel": 4,
      "liquidRequired": 40,
      "inputs": [
        {
          "id": "AWWayofTime:weakFillingAgent:0",
          "displayName": "Weak Filling Agent",
          "amount": 1
        },
        {
          "id": "AWWayofTime:terrae:0",
          "displayName": "Terrae",
          "amount": 1
        },
        {
          "id": "AWWayofTime:aquasalus:0",
          "displayName": "Aquasalus",
          "amount": 1
        }
      ]
    },
    {
      "output": {
        "id": "AWWayofTime:enhancedFillingAgent:0",
        "displayName": "Enhanced Filling Agent",
        "amount": 1
      },
      "orbLevel": 4,
      "liquidRequired": 60,
      "inputs": [
        {
          "id": "AWWayofTime:standardFillingAgent:0",
          "displayName": "Standard Filling Agent",
          "amount": 1
        },
        {
          "id": "AWWayofTime:magicales:0",
          "displayName": "Magicales",
          "amount": 1
        },
        {
          "id": "AWWayofTime:crystallos:0",
          "displayName": "Crystallos",
          "amount": 1
        },
        {
          "id": "AWWayofTime:aether:0",
          "displayName": "Aether",
          "amount": 1
        },
        {
          "id": "AWWayofTime:sanctus:0",
          "displayName": "Sanctus",
          "amount": 1
        }
      ]
    },
    {
      "output": {
        "id": "AWWayofTime:bloodMagicBaseAlchemyItems:3",
        "displayName": "Strengthened Catalyst",
        "amount": 1
      },
      "orbLevel": 3,
      "liquidRequired": 15,
      "inputs": [
        {
          "id": "AWWayofTime:simpleCatalyst:0",
          "displayName": "Simple Catalyst",
          "amount": 1
        },
        {
          "id": "AWWayofTime:terrae:0",
          "displayName": "Terrae",
          "amount": 1
        },
        {
          "id": "AWWayofTime:terrae:0",
          "displayName": "Terrae",
          "amount": 1
        },
        {
          "id": "minecraft:dye:15",
          "displayName": "Bone Meal",
          "amount": 1
        },
        {
          "id": "minecraft:nether_wart:0",
          "displayName": "Nether Wart",
          "amount": 1
        }
      ]
    },
    {
      "output": {
        "id": "AWWayofTime:bloodMagicBaseAlchemyItems:4",
        "displayName": "Concentrated Catalyst",
        "amount": 1
      },
      "orbLevel": 4,
      "liquidRequired": 30,
      "inputs": [
        {
          "id": "AWWayofTime:bloodMagicBaseAlchemyItems:3",
          "displayName": "Strengthened Catalyst",
          "amount": 1
        },
        {
          "id": "AWWayofTime:bloodMagicBaseAlchemyItems:8",
          "displayName": "Potentia",
          "amount": 1
        },
        {
          "id": "AWWayofTime:bloodMagicBaseAlchemyItems:8",
          "displayName": "Potentia",
          "amount": 1
        },
        {
          "id": "AWWayofTime:bloodMagicBaseAlchemyItems:5",
          "displayName": "Fractured Bone",
          "amount": 1
        },
        {
          "id": "gregtech:gt.metaitem.01:1086",
          "displayName": "Small Pile of Gold Dust",
          "amount": 1
        }
      ]
    },
    {
      "output": {
        "id": "AWWayofTime:itemComplexSpellCrystal:0",
        "displayName": "Complex Spell Crystal",
        "amount": 1
      },
      "orbLevel": 3,
      "liquidRequired": 150,
      "inputs": [
        {
          "id": "AWWayofTime:blankSpell:0",
          "displayName": "Unbound Crystal",
          "amount": 1
        },
        {
          "id": "AWWayofTime:weakBloodShard:0",
          "displayName": "Weak Blood Shard",
          "amount": 1
        },
        {
          "id": "AWWayofTime:weakBloodShard:0",
          "displayName": "Weak Blood Shard",
          "amount": 1
        },
        {
          "id": "dreamcraft:item.EngravedGoldChip:0",
          "displayName": "Engraved Gold Chip",
          "amount": 1
        },
        {
          "id": "dreamcraft:item.EngravedDiamondCrystalChip:0",
          "displayName": "Engraved Diamond Crystal Chip",
          "amount": 1
        }
      ]
    },
    {
      "output": {
        "id": "AWWayofTime:bloodMagicBaseItems:15",
        "displayName": "Cracked Runic Plate",
        "amount": 2
      },
      "orbLevel": 4,
      "liquidRequired": 20,
      "inputs": [
        {
          "id": "AWWayofTime:bloodMagicBaseAlchemyItems:4",
          "displayName": "Concentrated Catalyst",
          "amount": 1
        },
        {
          "id": "AWWayofTime:imbuedSlate:0",
          "displayName": "Imbued Slate",
          "amount": 1
        },
        {
          "id": "AWWayofTime:imbuedSlate:0",
          "displayName": "Imbued Slate",
          "amount": 1
        },
        {
          "id": "AWWayofTime:magicales:0",
          "displayName": "Magicales",
          "amount": 1
        },
        {
          "id": "AWWayofTime:magicales:0",
          "displayName": "Magicales",
          "amount": 1
        }
      ]
    },
    {
      "output": {
        "id": "AWWayofTime:bloodMagicBaseItems:16",
        "displayName": "Runic Plate",
        "amount": 1
      },
      "orbLevel": 5,
      "liquidRequired": 60,
      "inputs": [
        {
          "id": "AWWayofTime:bloodMagicBaseItems:15",
          "displayName": "Cracked Runic Plate",
          "amount": 1
        },
        {
          "id": "AWWayofTime:terrae:0",
          "displayName": "Terrae",
          "amount": 1
        },
        {
          "id": "AWWayofTime:terrae:0",
          "displayName": "Terrae",
          "amount": 1
        },
        {
          "id": "AWWayofTime:demonicSlate:0",
          "displayName": "Demonic Slate",
          "amount": 1
        }
      ]
    },
    {
      "output": {
        "id": "AWWayofTime:bloodMagicBaseItems:17",
        "displayName": "Imbued Runic Plate",
        "amount": 1
      },
      "orbLevel": 5,
      "liquidRequired": 120,
      "inputs": [
        {
          "id": "AWWayofTime:bloodMagicBaseItems:27",
          "displayName": "Ethereal Slate",
          "amount": 1
        },
        {
          "id": "AWWayofTime:bloodMagicBaseItems:16",
          "displayName": "Runic Plate",
          "amount": 1
        },
        {
          "id": "AWWayofTime:bloodMagicBaseItems:16",
          "displayName": "Runic Plate",
          "amount": 1
        },
        {
          "id": "AWWayofTime:aquasalus:0",
          "displayName": "Aquasalus",
          "amount": 1
        },
        {
          "id": "AWWayofTime:incendium:0",
          "displayName": "Incendium",
          "amount": 1
        }
      ]
    },
    {
      "output": {
        "id": "AWWayofTime:bloodMagicBaseItems:30",
        "displayName": "Soul Runic Plate",
        "amount": 1
      },
      "orbLevel": 6,
      "liquidRequired": 250,
      "inputs": [
        {
          "id": "AWWayofTime:bloodMagicBaseItems:17",
          "displayName": "Imbued Runic Plate",
          "amount": 1
        },
        {
          "id": "AWWayofTime:bloodMagicBaseItems:29",
          "displayName": "Soul Shard",
          "amount": 1
        },
        {
          "id": "AWWayofTime:bloodMagicBaseItems:29",
          "displayName": "Soul Shard",
          "amount": 1
        },
        {
          "id": "AWWayofTime:weakBloodShard:0",
          "displayName": "Weak Blood Shard",
          "amount": 1
        },
        {
          "id": "AWWayofTime:bloodMagicBaseItems:27",
          "displayName": "Ethereal Slate",
          "amount": 1
        }
      ]
    },
    {
      "output": {
        "id": "AWWayofTime:bloodMagicBaseAlchemyItems:0",
        "displayName": "Offensa",
        "amount": 1
      },
      "orbLevel": 3,
      "liquidRequired": 20,
      "inputs": [
        {
          "id": "AWWayofTime:bloodMagicBaseAlchemyItems:3",
          "displayName": "Strengthened Catalyst",
          "amount": 1
        },
        {
          "id": "AWWayofTime:incendium:0",
          "displayName": "Incendium",
          "amount": 1
        },
        {
          "id": "AWWayofTime:incendium:0",
          "displayName": "Incendium",
          "amount": 1
        },
        {
          "id": "TGregworks:tGregToolPartArrowHead:1520",
          "displayName": "Titanium Arrow Head",
          "amount": 1,
          "nbt": "{material:\"Titanium\"}"
        },
        {
          "id": "TGregworks:tGregToolPartArrowHead:1520",
          "displayName": "Titanium Arrow Head",
          "amount": 1,
          "nbt": "{material:\"Titanium\"}"
        }
      ]
    },
    {
      "output": {
        "id": "AWWayofTime:bloodMagicBaseAlchemyItems:1",
        "displayName": "Praesidium",
        "amount": 1
      },
      "orbLevel": 3,
      "liquidRequired": 20,
      "inputs": [
        {
          "id": "AWWayofTime:bloodMagicBaseAlchemyItems:3",
          "displayName": "Strengthened Catalyst",
          "amount": 1
        },
        {
          "id": "AWWayofTime:tennebrae:0",
          "displayName": "Tenebrae",
          "amount": 1
        },
        {
          "id": "AWWayofTime:tennebrae:0",
          "displayName": "Tenebrae",
          "amount": 1
        },
        {
          "id": "witchery:ingredient:56",
          "displayName": "Dense Web",
          "amount": 1
        },
        {
          "id": "witchery:ingredient:56",
          "displayName": "Dense Web",
          "amount": 1
        }
      ]
    },
    {
      "output": {
        "id": "AWWayofTime:bloodMagicBaseAlchemyItems:2",
        "displayName": "Orbis Terrae",
        "amount": 1
      },
      "orbLevel": 3,
      "liquidRequired": 20,
      "inputs": [
        {
          "id": "AWWayofTime:bloodMagicBaseAlchemyItems:3",
          "displayName": "Strengthened Catalyst",
          "amount": 1
        },
        {
          "id": "AWWayofTime:terrae:0",
          "displayName": "Terrae",
          "amount": 1
        },
        {
          "id": "AWWayofTime:terrae:0",
          "displayName": "Terrae",
          "amount": 1
        },
        {
          "id": "gregtech:gt.metaitem.01:2542",
          "displayName": "Terra Crystal Powder",
          "amount": 1
        },
        {
          "id": "gregtech:gt.metaitem.01:2542",
          "displayName": "Terra Crystal Powder",
          "amount": 1
        }
      ]
    },
    {
      "output": {
        "id": "AWWayofTime:bloodMagicBaseAlchemyItems:6",
        "displayName": "Virtus",
        "amount": 1
      },
      "orbLevel": 3,
      "liquidRequired": 40,
      "inputs": [
        {
          "id": "AWWayofTime:bloodMagicBaseAlchemyItems:3",
          "displayName": "Strengthened Catalyst",
          "amount": 1
        },
        {
          "id": "gregtech:gt.metaitem.01:2346",
          "displayName": "Fiery Steel Dust",
          "amount": 1
        },
        {
          "id": "gregtech:gt.metaitem.01:2346",
          "displayName": "Fiery Steel Dust",
          "amount": 1
        },
        {
          "id": "dreamcraft:item.ChargedCertusQuartzDust:0",
          "displayName": "Charged Certus Quartz Dust",
          "amount": 1
        },
        {
          "id": "dreamcraft:item.ChargedCertusQuartzDust:0",
          "displayName": "Charged Certus Quartz Dust",
          "amount": 1
        }
      ]
    },
    {
      "output": {
        "id": "AWWayofTime:bloodMagicBaseAlchemyItems:7",
        "displayName": "Reductus",
        "amount": 1
      },
      "orbLevel": 3,
      "liquidRequired": 40,
      "inputs": [
        {
          "id": "AWWayofTime:bloodMagicBaseAlchemyItems:3",
          "displayName": "Strengthened Catalyst",
          "amount": 1
        },
        {
          "id": "gregtech:gt.metaitem.01:2702",
          "displayName": "Crushed Ice",
          "amount": 1
        },
        {
          "id": "gregtech:gt.metaitem.01:2702",
          "displayName": "Crushed Ice",
          "amount": 1
        },
        {
          "id": "gregtech:gt.metaitem.01:2379",
          "displayName": "Soularium Dust",
          "amount": 1
        },
        {
          "id": "gregtech:gt.metaitem.01:2379",
          "displayName": "Soularium Dust",
          "amount": 1
        }
      ]
    },
    {
      "output": {
        "id": "AWWayofTime:bloodMagicBaseAlchemyItems:8",
        "displayName": "Potentia",
        "amount": 1
      },
      "orbLevel": 3,
      "liquidRequired": 40,
      "inputs": [
        {
          "id": "AWWayofTime:bloodMagicBaseAlchemyItems:3",
          "displayName": "Strengthened Catalyst",
          "amount": 1
        },
        {
          "id": "IC2:itemDust2:2",
          "displayName": "Energium Dust",
          "amount": 1
        },
        {
          "id": "IC2:itemDust2:2",
          "displayName": "Energium Dust",
          "amount": 1
        },
        {
          "id": "gregtech:gt.metaitem.01:2367",
          "displayName": "Vibrant Alloy Dust",
          "amount": 1
        },
        {
          "id": "gregtech:gt.metaitem.01:2367",
          "displayName": "Vibrant Alloy Dust",
          "amount": 1
        }
      ]
    }
  ]
}