[
  {
    "name": "ore.mix.naquadah",
    "minY": 10,
    "maxY": 90,
    "weight": 30,
    "density": 4,
    "size": 32,
    "primaryOre": {
      "meta": 324,
      "materialName": "Naquadah"
    },
    "secondaryOre": {
      "meta": 324,
      "materialName": "Naquadah"
    },
    "betweenOre": {
      "meta": 324,
      "materialName": "Naquadah"
    },
    "sporadicOre": {
      "meta": 326,
      "materialName": "Enriched Naquadah"
    },
    "dimensions": [
      "end_asteroid"
    ],
    "restrictBiome": "None"
  },
  {
    "name": "ore.mix.lignite",
    "minY": 80,
    "maxY": 210,
    "weight": 160,
    "density": 7,
    "size": 32,
    "primaryOre": {
      "meta": 538,
      "materialName": "Lignite Coal"
    },
    "secondaryOre": {
      "meta": 538,
      "materialName": "Lignite Coal"
    },
    "betweenOre": {
      "meta": 538,
      "materialName": "Lignite Coal"
    },
    "sporadicOre": {
      "meta": 535,
      "materialName": "Coal"
    },
    "dimensions": [
      "overworld"
    ],
    "restrictBiome": "None"
  },
  {
    "name": "ore.mix.coal",
    "minY": 30,
    "maxY": 80,
    "weight": 80,
    "density": 5,
    "size": 32,
    "primaryOre": {
      "meta": 535,
      "materialName": "Coal"
    },
    "secondaryOre": {
      "meta": 535,
      "materialName": "Coal"
    },
    "betweenOre": {
      "meta": 535,
      "materialName": "Coal"
    },
    "sporadicOre": {
      "meta": 538,
      "materialName": "Lignite Coal"
    },
    "dimensions": [
      "overworld",
      "twilight_forest"
    ],
    "restrictBiome": "None"
  },
  {
    "name": "ore.mix.magnetite",
    "minY": 60,
    "maxY": 180,
    "weight": 160,
    "density": 2,
    "size": 32,
    "primaryOre": {
      "meta": 870,
      "materialName": "Magnetite"
    },
    "secondaryOre": {
      "meta": 870,
      "materialName": "Magnetite"
    },
    "betweenOre": {
      "meta": 32,
      "materialName": "Iron"
    },
    "sporadicOre": {
      "meta": 923,
      "materialName": "Vanadium Magnetite"
    },
    "dimensions": [
      "overworld",
      "twilight_forest"
    ],
    "restrictBiome": "None"
  },
  {
    "name": "ore.mix.gold",
    "minY": 30,
    "maxY": 60,
    "weight": 160,
    "density": 2,
    "size": 32,
    "primaryOre": {
      "meta": 870,
      "materialName": "Magnetite"
    },
    "secondaryOre": {
      "meta": 870,
      "materialName": "Magnetite"
    },
    "betweenOre": {
      "meta": 923,
      "materialName": "Vanadium Magnetite"
    },
    "sporadicOre": {
      "meta": 86,
      "materialName": "Gold"
    },
    "dimensions": [
      "overworld",
      "end",
      "end_asteroid",
      "twilight_forest"
    ],
    "restrictBiome": "None"
  },
  {
    "name": "ore.mix.iron",
    "minY": 10,
    "maxY": 40,
    "weight": 120,
    "density": 3,
    "size": 24,
    "primaryOre": {
      "meta": 930,
      "materialName": "Brown Limonite"
    },
    "secondaryOre": {
      "meta": 931,
      "materialName": "Yellow Limonite"
    },
    "betweenOre": {
      "meta": 917,
      "materialName": "Banded Iron"
    },
    "sporadicOre": {
      "meta": 871,
      "materialName": "Malachite"
    },
    "dimensions": [
      "overworld",
      "nether",
      "twilight_forest"
    ],
    "restrictBiome": "None"
  },
  {
    "name": "ore.mix.cassiterite",
    "minY": 60,
    "maxY": 220,
    "weight": 50,
    "density": 4,
    "size": 24,
    "primaryOre": {
      "meta": 57,
      "materialName": "Tin"
    },
    "secondaryOre": {
      "meta": 57,
      "materialName": "Tin"
    },
    "betweenOre": {
      "meta": 824,
      "materialName": "Cassiterite"
    },
    "sporadicOre": {
      "meta": 57,
      "materialName": "Tin"
    },
    "dimensions": [
      "overworld",
      "end",
      "end_asteroid",
      "twilight_forest"
    ],
    "restrictBiome": "None"
  },
  {
    "name": "ore.mix.tetrahedrite",
    "minY": 80,
    "maxY": 120,
    "weight": 70,
    "density": 3,
    "size": 24,
    "primaryOre": {
      "meta": 840,
      "materialName": "Tetrahedrite"
    },
    "secondaryOre": {
      "meta": 840,
      "materialName": "Tetrahedrite"
    },
    "betweenOre": {
      "meta": 35,
      "materialName": "Copper"
    },
    "sporadicOre": {
      "meta": 945,
      "materialName": "Stibnite"
    },
    "dimensions": [
      "nether",
      "end",
      "end_asteroid"
    ],
    "restrictBiome": "None"
  },
  {
    "name": "ore.mix.netherquartz",
    "minY": 40,
    "maxY": 80,
    "weight": 80,
    "density": 4,
    "size": 24,
    "primaryOre": {
      "meta": 522,
      "materialName": "Nether Quartz"
    },
    "secondaryOre": {
      "meta": 522,
      "materialName": "Nether Quartz"
    },
    "betweenOre": {
      "meta": 522,
      "materialName": "Nether Quartz"
    },
    "sporadicOre": {
      "meta": 523,
      "materialName": "Quartzite"
    },
    "dimensions": [
      "nether"
    ],
    "restrictBiome": "None"
  },
  {
    "name": "ore.mix.sulfur",
    "minY": 5,
    "maxY": 20,
    "weight": 100,
    "density": 4,
    "size": 24,
    "primaryOre": {
      "meta": 22,
      "materialName": "Sulfur"
    },
    "secondaryOre": {
      "meta": 22,
      "materialName": "Sulfur"
    },
    "betweenOre": {
      "meta": 834,
      "materialName": "Pyrite"
    },
    "sporadicOre": {
      "meta": 839,
      "materialName": "Sphalerite"
    },
    "dimensions": [
      "nether"
    ],
    "restrictBiome": "None"
  },
  {
    "name": "ore.mix.copper",
    "minY": 5,
    "maxY": 60,
    "weight": 80,
    "density": 3,
    "size": 24,
    "primaryOre": {
      "meta": 855,
      "materialName": "Chalcopyrite"
    },
    "secondaryOre": {
      "meta": 32,
      "materialName": "Iron"
    },
    "betweenOre": {
      "meta": 834,
      "materialName": "Pyrite"
    },
    "sporadicOre": {
      "meta": 35,
      "materialName": "Copper"
    },
    "dimensions": [
      "overworld",
      "nether",
      "end",
      "end_asteroid"
    ],
    "restrictBiome": "None"
  },
  {
    "name": "ore.mix.bauxite",
    "minY": 10,
    "maxY": 80,
    "weight": 80,
    "density": 3,
    "size": 24,
    "primaryOre": {
      "meta": 822,
      "materialName": "Bauxite"
    },
    "secondaryOre": {
      "meta": 918,
      "materialName": "Ilmenite"
    },
    "betweenOre": {
      "meta": 19,
      "materialName": "Aluminium"
    },
    "sporadicOre": {
      "meta": 918,
      "materialName": "Ilmenite"
    },
    "dimensions": [],
    "restrictBiome": "None"
  },
  {
    "name": "ore.mix.salts",
    "minY": 50,
    "maxY": 70,
    "weight": 50,
    "density": 2,
    "size": 24,
    "primaryOre": {
      "meta": 944,
      "materialName": "Rock Salt"
    },
    "secondaryOre": {
      "meta": 817,
      "materialName": "Salt"
    },
    "betweenOre": {
      "meta": 907,
      "materialName": "Lepidolite"
    },
    "sporadicOre": {
      "meta": 920,
      "materialName": "Spodumene"
    },
    "dimensions": [
      "overworld",
      "twilight_forest"
    ],
    "restrictBiome": "None"
  },
  {
    "name": "ore.mix.redstone",
    "minY": 5,
    "maxY": 40,
    "weight": 60,
    "density": 2,
    "size": 24,
    "primaryOre": {
      "meta": 810,
      "materialName": "Redstone"
    },
    "secondaryOre": {
      "meta": 810,
      "materialName": "Redstone"
    },
    "betweenOre": {
      "meta": 502,
      "materialName": "Ruby"
    },
    "sporadicOre": {
      "meta": 826,
      "materialName": "Cinnabar"
    },
    "dimensions": [
      "overworld",
      "nether"
    ],
    "restrictBiome": "None"
  },
  {
    "name": "ore.mix.soapstone",
    "minY": 20,
    "maxY": 50,
    "weight": 40,
    "density": 2,
    "size": 16,
    "primaryOre": {
      "meta": 877,
      "materialName": "Soapstone"
    },
    "secondaryOre": {
      "meta": 902,
      "materialName": "Talc"
    },
    "betweenOre": {
      "meta": 933,
      "materialName": "Glauconite"
    },
    "sporadicOre": {
      "meta": 909,
      "materialName": "Pentlandite"
    },
    "dimensions": [
      "overworld",
      "twilight_forest"
    ],
    "restrictBiome": "None"
  },
  {
    "name": "ore.mix.nickel",
    "minY": 10,
    "maxY": 40,
    "weight": 40,
    "density": 2,
    "size": 16,
    "primaryOre": {
      "meta": 906,
      "materialName": "Garnierite"
    },
    "secondaryOre": {
      "meta": 34,
      "materialName": "Nickel"
    },
    "betweenOre": {
      "meta": 827,
      "materialName": "Cobaltite"
    },
    "sporadicOre": {
      "meta": 909,
      "materialName": "Pentlandite"
    },
    "dimensions": [
      "end",
      "end_asteroid",
      "twilight_forest"
    ],
    "restrictBiome": "None"
  },
  {
    "name": "ore.mix.platinum",
    "minY": 40,
    "maxY": 50,
    "weight": 5,
    "density": 2,
    "size": 16,
    "primaryOre": {
      "meta": 828,
      "materialName": "Sheldonite"
    },
    "secondaryOre": {
      "meta": 52,
      "materialName": "Palladium"
    },
    "betweenOre": {
      "meta": 85,
      "materialName": "Platinum"
    },
    "sporadicOre": {
      "meta": 84,
      "materialName": "Iridium"
    },
    "dimensions": [
      "end_asteroid"
    ],
    "restrictBiome": "None"
  },
  {
    "name": "ore.mix.pitchblende",
    "minY": 30,
    "maxY": 60,
    "weight": 40,
    "density": 2,
    "size": 16,
    "primaryOre": {
      "meta": 873,
      "materialName": "Pitchblende"
    },
    "secondaryOre": {
      "meta": 873,
      "materialName": "Pitchblende"
    },
    "betweenOre": {
      "meta": 922,
      "materialName": "Uraninite"
    },
    "sporadicOre": {
      "meta": 922,
      "materialName": "Uraninite"
    },
    "dimensions": [],
    "restrictBiome": "None"
  },
  {
    "name": "ore.mix.monazite",
    "minY": 20,
    "maxY": 40,
    "weight": 30,
    "density": 2,
    "size": 16,
    "primaryOre": {
      "meta": 905,
      "materialName": "Bastnasite"
    },
    "secondaryOre": {
      "meta": 905,
      "materialName": "Bastnasite"
    },
    "betweenOre": {
      "meta": 520,
      "materialName": "Monazite"
    },
    "sporadicOre": {
      "meta": 67,
      "materialName": "Neodymium"
    },
    "dimensions": [],
    "restrictBiome": "None"
  },
  {
    "name": "ore.mix.molybdenum",
    "minY": 20,
    "maxY": 50,
    "weight": 5,
    "density": 2,
    "size": 16,
    "primaryOre": {
      "meta": 882,
      "materialName": "Wulfenite"
    },
    "secondaryOre": {
      "meta": 942,
      "materialName": "Molybdenite"
    },
    "betweenOre": {
      "meta": 48,
      "materialName": "Molybdenum"
    },
    "sporadicOre": {
      "meta": 883,
      "materialName": "Powellite"
    },
    "dimensions": [
      "nether",
      "end",
      "end_asteroid",
      "twilight_forest"
    ],
    "restrictBiome": "None"
  },
  {
    "name": "ore.mix.tungstate",
    "minY": 20,
    "maxY": 60,
    "weight": 10,
    "density": 2,
    "size": 16,
    "primaryOre": {
      "meta": 910,
      "materialName": "Scheelite"
    },
    "secondaryOre": {
      "meta": 910,
      "materialName": "Scheelite"
    },
    "betweenOre": {
      "meta": 841,
      "materialName": "Tungstate"
    },
    "sporadicOre": {
      "meta": 6,
      "materialName": "Lithium"
    },
    "dimensions": [
      "end_asteroid"
    ],
    "restrictBiome": "None"
  },
  {
    "name": "ore.mix.sapphire",
    "minY": 10,
    "maxY": 25,
    "weight": 60,
    "density": 2,
    "size": 16,
    "primaryOre": {
      "meta": 820,
      "materialName": "Almandine"
    },
    "secondaryOre": {
      "meta": 835,
      "materialName": "Pyrope"
    },
    "betweenOre": {
      "meta": 503,
      "materialName": "Sapphire"
    },
    "sporadicOre": {
      "meta": 504,
      "materialName": "Green Sapphire"
    },
    "dimensions": [
      "twilight_forest"
    ],
    "restrictBiome": "None"
  },
  {
    "name": "ore.mix.manganese",
    "minY": 20,
    "maxY": 30,
    "weight": 20,
    "density": 2,
    "size": 16,
    "primaryOre": {
      "meta": 831,
      "materialName": "Grossular"
    },
    "secondaryOre": {
      "meta": 838,
      "materialName": "Spessartine"
    },
    "betweenOre": {
      "meta": 943,
      "materialName": "Pyrolusite"
    },
    "sporadicOre": {
      "meta": 921,
      "materialName": "Tantalite"
    },
    "dimensions": [
      "overworld",
      "nether",
      "end_asteroid"
    ],
    "restrictBiome": "None"
  },
  {
    "name": "ore.mix.quartz",
    "minY": 80,
    "maxY": 120,
    "weight": 20,
    "density": 2,
    "size": 16,
    "primaryOre": {
      "meta": 523,
      "materialName": "Quartzite"
    },
    "secondaryOre": {
      "meta": 904,
      "materialName": "Barite"
    },
    "betweenOre": {
      "meta": 516,
      "materialName": "Certus Quartz"
    },
    "sporadicOre": {
      "meta": 516,
      "materialName": "Certus Quartz"
    },
    "dimensions": [
      "nether"
    ],
    "restrictBiome": "None"
  },
  {
    "name": "ore.mix.diamond",
    "minY": 5,
    "maxY": 20,
    "weight": 40,
    "density": 1,
    "size": 16,
    "primaryOre": {
      "meta": 865,
      "materialName": "Graphite"
    },
    "secondaryOre": {
      "meta": 865,
      "materialName": "Graphite"
    },
    "betweenOre": {
      "meta": 500,
      "materialName": "Diamond"
    },
    "sporadicOre": {
      "meta": 535,
      "materialName": "Coal"
    },
    "dimensions": [
      "overworld",
      "twilight_forest"
    ],
    "restrictBiome": "None"
  },
  {
    "name": "ore.mix.olivine",
    "minY": 10,
    "maxY": 25,
    "weight": 60,
    "density": 2,
    "size": 16,
    "primaryOre": {
      "meta": 927,
      "materialName": "Bentonite"
    },
    "secondaryOre": {
      "meta": 908,
      "materialName": "Magnesite"
    },
    "betweenOre": {
      "meta": 505,
      "materialName": "Olivine"
    },
    "sporadicOre": {
      "meta": 933,
      "materialName": "Glauconite"
    },
    "dimensions": [
      "end_asteroid",
      "twilight_forest"
    ],
    "restrictBiome": "None"
  },
  {
    "name": "ore.mix.apatite",
    "minY": 40,
    "maxY": 60,
    "weight": 60,
    "density": 2,
    "size": 16,
    "primaryOre": {
      "meta": 530,
      "materialName": "Apatite"
    },
    "secondaryOre": {
      "meta": 530,
      "materialName": "Apatite"
    },
    "betweenOre": {
      "meta": 534,
      "materialName": "Tricalcium Phosphate"
    },
    "sporadicOre": {
      "meta": 607,
      "materialName": "Pyrochlore"
    },
    "dimensions": [
      "overworld",
      "twilight_forest"
    ],
    "restrictBiome": "None"
  },
  {
    "name": "ore.mix.galena",
    "minY": 5,
    "maxY": 45,
    "weight": 40,
    "density": 4,
    "size": 16,
    "primaryOre": {
      "meta": 830,
      "materialName": "Galena"
    },
    "secondaryOre": {
      "meta": 830,
      "materialName": "Galena"
    },
    "betweenOre": {
      "meta": 54,
      "materialName": "Silver"
    },
    "sporadicOre": {
      "meta": 89,
      "materialName": "Lead"
    },
    "dimensions": [],
    "restrictBiome": "None"
  },
  {
    "name": "ore.mix.lapis",
    "minY": 20,
    "maxY": 50,
    "weight": 40,
    "density": 4,
    "size": 16,
    "primaryOre": {
      "meta": 524,
      "materialName": "Lazurite"
    },
    "secondaryOre": {
      "meta": 525,
      "materialName": "Sodalite"
    },
    "betweenOre": {
      "meta": 526,
      "materialName": "Lapis"
    },
    "sporadicOre": {
      "meta": 823,
      "materialName": "Calcite"
    },
    "dimensions": [
      "overworld",
      "end_asteroid",
      "twilight_forest"
    ],
    "restrictBiome": "None"
  },
  {
    "name": "ore.mix.beryllium",
    "minY": 5,
    "maxY": 30,
    "weight": 30,
    "density": 2,
    "size": 16,
    "primaryOre": {
      "meta": 8,
      "materialName": "Beryllium"
    },
    "secondaryOre": {
      "meta": 8,
      "materialName": "Beryllium"
    },
    "betweenOre": {
      "meta": 501,
      "materialName": "Emerald"
    },
    "sporadicOre": {
      "meta": 96,
      "materialName": "Thorium"
    },
    "dimensions": [
      "nether",
      "end",
      "end_asteroid"
    ],
    "restrictBiome": "None"
  },
  {
    "name": "ore.mix.uranium",
    "minY": 20,
    "maxY": 30,
    "weight": 20,
    "density": 2,
    "size": 16,
    "primaryOre": {
      "meta": 922,
      "materialName": "Uraninite"
    },
    "secondaryOre": {
      "meta": 922,
      "materialName": "Uraninite"
    },
    "betweenOre": {
      "meta": 98,
      "materialName": "Uranium 238"
    },
    "sporadicOre": {
      "meta": 98,
      "materialName": "Uranium 238"
    },
    "dimensions": [],
    "restrictBiome": "None"
  },
  {
    "name": "ore.mix.oilsand",
    "minY": 50,
    "maxY": 80,
    "weight": 40,
    "density": 5,
    "size": 16,
    "primaryOre": {
      "meta": 878,
      "materialName": "Oilsands"
    },
    "secondaryOre": {
      "meta": 878,
      "materialName": "Oilsands"
    },
    "betweenOre": {
      "meta": 878,
      "materialName": "Oilsands"
    },
    "sporadicOre": {
      "meta": 878,
      "materialName": "Oilsands"
    },
    "dimensions": [
      "overworld"
    ],
    "restrictBiome": "None"
  },
  {
    "name": "ore.mix.neutronium",
    "minY": 5,
    "maxY": 30,
    "weight": 10,
    "density": 2,
    "size": 16,
    "primaryOre": {
      "meta": 129,
      "materialName": "Neutronium"
    },
    "secondaryOre": {
      "meta": 319,
      "materialName": "Adamantium"
    },
    "betweenOre": {
      "meta": 324,
      "materialName": "Naquadah"
    },
    "sporadicOre": {
      "meta": 28,
      "materialName": "Titanium"
    },
    "dimensions": [],
    "restrictBiome": "None"
  },
  {
    "name": "ore.mix.aquaignis",
    "minY": 5,
    "maxY": 20,
    "weight": 16,
    "density": 2,
    "size": 16,
    "primaryOre": {
      "meta": 543,
      "materialName": "Aqua"
    },
    "secondaryOre": {
      "meta": 541,
      "materialName": "Ignis"
    },
    "betweenOre": {
      "meta": 514,
      "materialName": "Amber"
    },
    "sporadicOre": {
      "meta": 826,
      "materialName": "Cinnabar"
    },
    "dimensions": [
      "twilight_forest"
    ],
    "restrictBiome": "None"
  },
  {
    "name": "ore.mix.terraaer",
    "minY": 5,
    "maxY": 20,
    "weight": 16,
    "density": 2,
    "size": 16,
    "primaryOre": {
      "meta": 542,
      "materialName": "Terra"
    },
    "secondaryOre": {
      "meta": 540,
      "materialName": "Aer"
    },
    "betweenOre": {
      "meta": 514,
      "materialName": "Amber"
    },
    "sporadicOre": {
      "meta": 826,
      "materialName": "Cinnabar"
    },
    "dimensions": [
      "twilight_forest"
    ],
    "restrictBiome": "None"
  },
  {
    "name": "ore.mix.perditioordo",
    "minY": 5,
    "maxY": 20,
    "weight": 16,
    "density": 2,
    "size": 16,
    "primaryOre": {
      "meta": 544,
      "materialName": "Perditio"
    },
    "secondaryOre": {
      "meta": 545,
      "materialName": "Ordo"
    },
    "betweenOre": {
      "meta": 514,
      "materialName": "Amber"
    },
    "sporadicOre": {
      "meta": 826,
      "materialName": "Cinnabar"
    },
    "dimensions": [
      "twilight_forest"
    ],
    "restrictBiome": "None"
  },
  {
    "name": "ore.mix.coppertin",
    "minY": 80,
    "maxY": 200,
    "weight": 80,
    "density": 3,
    "size": 24,
    "primaryOre": {
      "meta": 855,
      "materialName": "Chalcopyrite"
    },
    "secondaryOre": {
      "meta": 932,
      "materialName": "Vermiculite"
    },
    "betweenOre": {
      "meta": 824,
      "materialName": "Cassiterite"
    },
    "sporadicOre": {
      "meta": 911,
      "materialName": "Alunite"
    },
    "dimensions": [
      "overworld"
    ],
    "restrictBiome": "None"
  },
  {
    "name": "ore.mix.titaniumchrome",
    "minY": 10,
    "maxY": 70,
    "weight": 16,
    "density": 2,
    "size": 16,
    "primaryOre": {
      "meta": 918,
      "materialName": "Ilmenite"
    },
    "secondaryOre": {
      "meta": 825,
      "materialName": "Chromite"
    },
    "betweenOre": {
      "meta": 842,
      "materialName": "Uvarovite"
    },
    "sporadicOre": {
      "meta": 925,
      "materialName": "Perlite"
    },
    "dimensions": [],
    "restrictBiome": "None"
  },
  {
    "name": "ore.mix.mineralsand",
    "minY": 50,
    "maxY": 60,
    "weight": 80,
    "density": 3,
    "size": 24,
    "primaryOre": {
      "meta": 935,
      "materialName": "Basaltic Mineral Sand"
    },
    "secondaryOre": {
      "meta": 936,
      "materialName": "Granitic Mineral Sand"
    },
    "betweenOre": {
      "meta": 928,
      "materialName": "Fullers Earth"
    },
    "sporadicOre": {
      "meta": 934,
      "materialName": "Gypsum"
    },
    "dimensions": [
      "overworld"
    ],
    "restrictBiome": "None"
  },
  {
    "name": "ore.mix.garnettin",
    "minY": 50,
    "maxY": 60,
    "weight": 80,
    "density": 3,
    "size": 24,
    "primaryOre": {
      "meta": 937,
      "materialName": "Cassiterite Sand"
    },
    "secondaryOre": {
      "meta": 938,
      "materialName": "Garnet Sand"
    },
    "betweenOre": {
      "meta": 946,
      "materialName": "Asbestos"
    },
    "sporadicOre": {
      "meta": 948,
      "materialName": "Diatomite"
    },
    "dimensions": [
      "overworld"
    ],
    "restrictBiome": "None"
  },
  {
    "name": "ore.mix.kaolinitezeolite",
    "minY": 50,
    "maxY": 70,
    "weight": 60,
    "density": 4,
    "size": 16,
    "primaryOre": {
      "meta": 929,
      "materialName": "Kaolinite"
    },
    "secondaryOre": {
      "meta": 916,
      "materialName": "Zeolite"
    },
    "betweenOre": {
      "meta": 928,
      "materialName": "Fullers Earth"
    },
    "sporadicOre": {
      "meta": 949,
      "materialName": "Glauconite Sand"
    },
    "dimensions": [
      "overworld"
    ],
    "restrictBiome": "None"
  },
  {
    "name": "ore.mix.mica",
    "minY": 20,
    "maxY": 40,
    "weight": 20,
    "density": 2,
    "size": 16,
    "primaryOre": {
      "meta": 924,
      "materialName": "Kyanite"
    },
    "secondaryOre": {
      "meta": 901,
      "materialName": "Mica"
    },
    "betweenOre": {
      "meta": 824,
      "materialName": "Cassiterite"
    },
    "sporadicOre": {
      "meta": 919,
      "materialName": "Pollucite"
    },
    "dimensions": [
      "overworld"
    ],
    "restrictBiome": "None"
  },
  {
    "name": "ore.mix.dolomite",
    "minY": 150,
    "maxY": 200,
    "weight": 40,
    "density": 4,
    "size": 24,
    "primaryOre": {
      "meta": 914,
      "materialName": "Dolomite"
    },
    "secondaryOre": {
      "meta": 915,
      "materialName": "Wollastonite"
    },
    "betweenOre": {
      "meta": 903,
      "materialName": "Trona"
    },
    "sporadicOre": {
      "meta": 821,
      "materialName": "Andradite"
    },
    "dimensions": [
      "overworld"
    ],
    "restrictBiome": "None"
  },
  {
    "name": "ore.mix.platinumchrome",
    "minY": 5,
    "maxY": 30,
    "weight": 10,
    "density": 2,
    "size": 16,
    "primaryOre": {
      "meta": 85,
      "materialName": "Platinum"
    },
    "secondaryOre": {
      "meta": 30,
      "materialName": "Chrome"
    },
    "betweenOre": {
      "meta": 828,
      "materialName": "Sheldonite"
    },
    "sporadicOre": {
      "meta": 52,
      "materialName": "Palladium"
    },
    "dimensions": [],
    "restrictBiome": "None"
  },
  {
    "name": "ore.mix.iridiummytryl",
    "minY": 15,
    "maxY": 40,
    "weight": 10,
    "density": 2,
    "size": 16,
    "primaryOre": {
      "meta": 34,
      "materialName": "Nickel"
    },
    "secondaryOre": {
      "meta": 84,
      "materialName": "Iridium"
    },
    "betweenOre": {
      "meta": 52,
      "materialName": "Palladium"
    },
    "sporadicOre": {
      "meta": 331,
      "materialName": "Mithril"
    },
    "dimensions": [],
    "restrictBiome": "None"
  },
  {
    "name": "ore.mix.osmium",
    "minY": 5,
    "maxY": 30,
    "weight": 10,
    "density": 2,
    "size": 16,
    "primaryOre": {
      "meta": 34,
      "materialName": "Nickel"
    },
    "secondaryOre": {
      "meta": 83,
      "materialName": "Osmium"
    },
    "betweenOre": {
      "meta": 84,
      "materialName": "Iridium"
    },
    "sporadicOre": {
      "meta": 34,
      "materialName": "Nickel"
    },
    "dimensions": [],
    "restrictBiome": "None"
  },
  {
    "name": "ore.mix.saltpeterelectrotine",
    "minY": 5,
    "maxY": 45,
    "weight": 40,
    "density": 3,
    "size": 16,
    "primaryOre": {
      "meta": 836,
      "materialName": "Saltpeter"
    },
    "secondaryOre": {
      "meta": 948,
      "materialName": "Diatomite"
    },
    "betweenOre": {
      "meta": 812,
      "materialName": "Electrotine"
    },
    "sporadicOre": {
      "meta": 911,
      "materialName": "Alunite"
    },
    "dimensions": [
      "nether"
    ],
    "restrictBiome": "None"
  },
  {
    "name": "ore.mix.desh",
    "minY": 5,
    "maxY": 40,
    "weight": 30,
    "density": 2,
    "size": 16,
    "primaryOre": {
      "meta": 884,
      "materialName": "Desh"
    },
    "secondaryOre": {
      "meta": 884,
      "materialName": "Desh"
    },
    "betweenOre": {
      "meta": 910,
      "materialName": "Scheelite"
    },
    "sporadicOre": {
      "meta": 841,
      "materialName": "Tungstate"
    },
    "dimensions": [],
    "restrictBiome": "None"
  },
  {
    "name": "ore.mix.draconium",
    "minY": 20,
    "maxY": 40,
    "weight": 40,
    "density": 1,
    "size": 16,
    "primaryOre": {
      "meta": 975,
      "materialName": "Draconium"
    },
    "secondaryOre": {
      "meta": 812,
      "materialName": "Electrotine"
    },
    "betweenOre": {
      "meta": 537,
      "materialName": "Jade"
    },
    "sporadicOre": {
      "meta": 529,
      "materialName": "Vinteum"
    },
    "dimensions": [],
    "restrictBiome": "None"
  },
  {
    "name": "ore.mix.quantium",
    "minY": 5,
    "maxY": 25,
    "weight": 30,
    "density": 3,
    "size": 24,
    "primaryOre": {
      "meta": 391,
      "materialName": "Quantium"
    },
    "secondaryOre": {
      "meta": 509,
      "materialName": "Amethyst"
    },
    "betweenOre": {
      "meta": 375,
      "materialName": "Rutile"
    },
    "sporadicOre": {
      "meta": 382,
      "materialName": "Ardite"
    },
    "dimensions": [],
    "restrictBiome": "None"
  },
  {
    "name": "ore.mix.callistoice",
    "minY": 40,
    "maxY": 60,
    "weight": 40,
    "density": 2,
    "size": 16,
    "primaryOre": {
      "meta": 389,
      "materialName": "Callisto Ice"
    },
    "secondaryOre": {
      "meta": 507,
      "materialName": "Topaz"
    },
    "betweenOre": {
      "meta": 513,
      "materialName": "Blue Topaz"
    },
    "sporadicOre": {
      "meta": 485,
      "materialName": "Alduorite"
    },
    "dimensions": [],
    "restrictBiome": "None"
  },
  {
    "name": "ore.mix.mytryl",
    "minY": 10,
    "maxY": 30,
    "weight": 40,
    "density": 2,
    "size": 16,
    "primaryOre": {
      "meta": 387,
      "materialName": "Mytryl"
    },
    "secondaryOre": {
      "meta": 511,
      "materialName": "Jasper"
    },
    "betweenOre": {
      "meta": 952,
      "materialName": "Ceruclase"
    },
    "sporadicOre": {
      "meta": 489,
      "materialName": "Vulcanite"
    },
    "dimensions": [],
    "restrictBiome": "None"
  },
  {
    "name": "ore.mix.ledox",
    "minY": 55,
    "maxY": 65,
    "weight": 30,
    "density": 2,
    "size": 24,
    "primaryOre": {
      "meta": 390,
      "materialName": "Ledox"
    },
    "secondaryOre": {
      "meta": 510,
      "materialName": "Opal"
    },
    "betweenOre": {
      "meta": 966,
      "materialName": "Orichalcum"
    },
    "sporadicOre": {
      "meta": 488,
      "materialName": "Rubracium"
    },
    "dimensions": [],
    "restrictBiome": "None"
  },
  {
    "name": "ore.mix.oriharukon",
    "minY": 30,
    "maxY": 60,
    "weight": 40,
    "density": 2,
    "size": 16,
    "primaryOre": {
      "meta": 393,
      "materialName": "Oriharukon"
    },
    "secondaryOre": {
      "meta": 508,
      "materialName": "Tanzanite"
    },
    "betweenOre": {
      "meta": 951,
      "materialName": "Vyroxeres"
    },
    "sporadicOre": {
      "meta": 900,
      "materialName": "Mirabilite"
    },
    "dimensions": [],
    "restrictBiome": "None"
  },
  {
    "name": "ore.mix.blackplutonium",
    "minY": 5,
    "maxY": 25,
    "weight": 40,
    "density": 2,
    "size": 24,
    "primaryOre": {
      "meta": 388,
      "materialName": "Black Plutonium"
    },
    "secondaryOre": {
      "meta": 527,
      "materialName": "Red Garnet"
    },
    "betweenOre": {
      "meta": 528,
      "materialName": "Yellow Garnet"
    },
    "sporadicOre": {
      "meta": 941,
      "materialName": "Borax"
    },
    "dimensions": [],
    "restrictBiome": "None"
  },
  {
    "name": "ore.mix.infusedgold",
    "minY": 15,
    "maxY": 40,
    "weight": 30,
    "density": 2,
    "size": 16,
    "primaryOre": {
      "meta": 86,
      "materialName": "Gold"
    },
    "secondaryOre": {
      "meta": 86,
      "materialName": "Gold"
    },
    "betweenOre": {
      "meta": 323,
      "materialName": "Infused Gold"
    },
    "sporadicOre": {
      "meta": 85,
      "materialName": "Platinum"
    },
    "dimensions": [],
    "restrictBiome": "None"
  },
  {
    "name": "ore.mix.niobium",
    "minY": 5,
    "maxY": 30,
    "weight": 60,
    "density": 2,
    "size": 24,
    "primaryOre": {
      "meta": 47,
      "materialName": "Niobium"
    },
    "secondaryOre": {
      "meta": 45,
      "materialName": "Yttrium"
    },
    "betweenOre": {
      "meta": 37,
      "materialName": "Gallium"
    },
    "sporadicOre": {
      "meta": 37,
      "materialName": "Gallium"
    },
    "dimensions": [],
    "restrictBiome": "None"
  },
  {
    "name": "ore.mix.tungstenirons",
    "minY": 5,
    "maxY": 25,
    "weight": 16,
    "density": 2,
    "size": 30,
    "primaryOre": {
      "meta": 81,
      "materialName": "Tungsten"
    },
    "secondaryOre": {
      "meta": 20,
      "materialName": "Raw Silicon"
    },
    "betweenOre": {
      "meta": 829,
      "materialName": "Deep Iron"
    },
    "sporadicOre": {
      "meta": 336,
      "materialName": "Shadow Iron"
    },
    "dimensions": [],
    "restrictBiome": "None"
  },
  {
    "name": "ore.mix.uraniumgtnh",
    "minY": 10,
    "maxY": 30,
    "weight": 60,
    "density": 2,
    "size": 24,
    "primaryOre": {
      "meta": 96,
      "materialName": "Thorium"
    },
    "secondaryOre": {
      "meta": 98,
      "materialName": "Uranium 238"
    },
    "betweenOre": {
      "meta": 101,
      "materialName": "Plutonium 241"
    },
    "sporadicOre": {
      "meta": 97,
      "materialName": "Uranium 235"
    },
    "dimensions": [],
    "restrictBiome": "None"
  },
  {
    "name": "ore.mix.vanadiumgold",
    "minY": 10,
    "maxY": 50,
    "weight": 60,
    "density": 2,
    "size": 24,
    "primaryOre": {
      "meta": 29,
      "materialName": "Vanadium"
    },
    "secondaryOre": {
      "meta": 870,
      "materialName": "Magnetite"
    },
    "betweenOre": {
      "meta": 86,
      "materialName": "Gold"
    },
    "sporadicOre": {
      "meta": 30,
      "materialName": "Chrome"
    },
    "dimensions": [],
    "restrictBiome": "None"
  },
  {
    "name": "ore.mix.netherstar",
    "minY": 20,
    "maxY": 60,
    "weight": 60,
    "density": 2,
    "size": 24,
    "primaryOre": {
      "meta": 938,
      "materialName": "Garnet Sand"
    },
    "secondaryOre": {
      "meta": 506,
      "materialName": "Nether Star"
    },
    "betweenOre": {
      "meta": 527,
      "materialName": "Red Garnet"
    },
    "sporadicOre": {
      "meta": 528,
      "materialName": "Yellow Garnet"
    },
    "dimensions": [],
    "restrictBiome": "None"
  },
  {
    "name": "ore.mix.garnet",
    "minY": 10,
    "maxY": 30,
    "weight": 40,
    "density": 2,
    "size": 16,
    "primaryOre": {
      "meta": 527,
      "materialName": "Red Garnet"
    },
    "secondaryOre": {
      "meta": 528,
      "materialName": "Yellow Garnet"
    },
    "betweenOre": {
      "meta": 912,
      "materialName": "Chrysotile"
    },
    "sporadicOre": {
      "meta": 913,
      "materialName": "Realgar"
    },
    "dimensions": [],
    "restrictBiome": "None"
  },
  {
    "name": "ore.mix.rareearth",
    "minY": 30,
    "maxY": 60,
    "weight": 40,
    "density": 2,
    "size": 24,
    "primaryOre": {
      "meta": 55,
      "materialName": "Cadmium"
    },
    "secondaryOre": {
      "meta": 62,
      "materialName": "Caesium"
    },
    "betweenOre": {
      "meta": 64,
      "materialName": "Lanthanum"
    },
    "sporadicOre": {
      "meta": 65,
      "materialName": "Cerium"
    },
    "dimensions": [],
    "restrictBiome": "None"
  },
  {
    "name": "ore.mix.richnuclear",
    "minY": 5,
    "maxY": 40,
    "weight": 5,
    "density": 2,
    "size": 8,
    "primaryOre": {
      "meta": 98,
      "materialName": "Uranium 238"
    },
    "secondaryOre": {
      "meta": 100,
      "materialName": "Plutonium 239"
    },
    "betweenOre": {
      "meta": 96,
      "materialName": "Thorium"
    },
    "sporadicOre": {
      "meta": 96,
      "materialName": "Thorium"
    },
    "dimensions": [],
    "restrictBiome": "None"
  },
  {
    "name": "ore.mix.heavypentele",
    "minY": 40,
    "maxY": 60,
    "weight": 60,
    "density": 5,
    "size": 32,
    "primaryOre": {
      "meta": 39,
      "materialName": "Arsenic"
    },
    "secondaryOre": {
      "meta": 90,
      "materialName": "Bismuth"
    },
    "betweenOre": {
      "meta": 58,
      "materialName": "Antimony"
    },
    "sporadicOre": {
      "meta": 58,
      "materialName": "Antimony"
    },
    "dimensions": [],
    "restrictBiome": "None"
  },
  {
    "name": "ore.mix.europa",
    "minY": 55,
    "maxY": 65,
    "weight": 110,
    "density": 4,
    "size": 24,
    "primaryOre": {
      "meta": 908,
      "materialName": "Magnesite"
    },
    "secondaryOre": {
      "meta": 917,
      "materialName": "Banded Iron"
    },
    "betweenOre": {
      "meta": 22,
      "materialName": "Sulfur"
    },
    "sporadicOre": {
      "meta": 510,
      "materialName": "Opal"
    },
    "dimensions": [],
    "restrictBiome": "None"
  },
  {
    "name": "ore.mix.europacore",
    "minY": 5,
    "maxY": 15,
    "weight": 5,
    "density": 2,
    "size": 16,
    "primaryOre": {
      "meta": 30,
      "materialName": "Chrome"
    },
    "secondaryOre": {
      "meta": 841,
      "materialName": "Tungstate"
    },
    "betweenOre": {
      "meta": 48,
      "materialName": "Molybdenum"
    },
    "sporadicOre": {
      "meta": 31,
      "materialName": "Manganese"
    },
    "dimensions": [],
    "restrictBiome": "None"
  },
  {
    "name": "ore.mix.secondlanthanid",
    "minY": 10,
    "maxY": 40,
    "weight": 10,
    "density": 3,
    "size": 24,
    "primaryOre": {
      "meta": 69,
      "materialName": "Samarium"
    },
    "secondaryOre": {
      "meta": 67,
      "materialName": "Neodymium"
    },
    "betweenOre": {
      "meta": 956,
      "materialName": "Tartarite"
    },
    "sporadicOre": {
      "meta": 956,
      "materialName": "Tartarite"
    },
    "dimensions": [],
    "restrictBiome": "None"
  },
  {
    "name": "ore.mix.quartzspace",
    "minY": 40,
    "maxY": 80,
    "weight": 20,
    "density": 3,
    "size": 16,
    "primaryOre": {
      "meta": 523,
      "materialName": "Quartzite"
    },
    "secondaryOre": {
      "meta": 904,
      "materialName": "Barite"
    },
    "betweenOre": {
      "meta": 516,
      "materialName": "Certus Quartz"
    },
    "sporadicOre": {
      "meta": 516,
      "materialName": "Certus Quartz"
    },
    "dimensions": [],
    "restrictBiome": "None"
  },
  {
    "name": "ore.mix.rutile",
    "minY": 5,
    "maxY": 20,
    "weight": 8,
    "density": 4,
    "size": 12,
    "primaryOre": {
      "meta": 375,
      "materialName": "Rutile"
    },
    "secondaryOre": {
      "meta": 28,
      "materialName": "Titanium"
    },
    "betweenOre": {
      "meta": 822,
      "materialName": "Bauxite"
    },
    "sporadicOre": {
      "meta": 340,
      "materialName": "Meteoric Iron"
    },
    "dimensions": [],
    "restrictBiome": "None"
  },
  {
    "name": "ore.mix.tfgalena",
    "minY": 5,
    "maxY": 20,
    "weight": 40,
    "density": 4,
    "size": 16,
    "primaryOre": {
      "meta": 830,
      "materialName": "Galena"
    },
    "secondaryOre": {
      "meta": 54,
      "materialName": "Silver"
    },
    "betweenOre": {
      "meta": 89,
      "materialName": "Lead"
    },
    "sporadicOre": {
      "meta": 699,
      "materialName": "Cryolite"
    },
    "dimensions": [
      "twilight_forest"
    ],
    "restrictBiome": "None"
  },
  {
    "name": "ore.mix.luvtantalite",
    "minY": 20,
    "maxY": 30,
    "weight": 10,
    "density": 4,
    "size": 16,
    "primaryOre": {
      "meta": 943,
      "materialName": "Pyrolusite"
    },
    "secondaryOre": {
      "meta": 530,
      "materialName": "Apatite"
    },
    "betweenOre": {
      "meta": 921,
      "materialName": "Tantalite"
    },
    "sporadicOre": {
      "meta": 607,
      "materialName": "Pyrochlore"
    },
    "dimensions": [],
    "restrictBiome": "None"
  },
  {
    "name": "ore.mix.certusquartz",
    "minY": 40,
    "maxY": 80,
    "weight": 60,
    "density": 5,
    "size": 32,
    "primaryOre": {
      "meta": 516,
      "materialName": "Certus Quartz"
    },
    "secondaryOre": {
      "meta": 516,
      "materialName": "Certus Quartz"
    },
    "betweenOre": {
      "meta": 517,
      "materialName": "Charged Certus Quartz"
    },
    "sporadicOre": {
      "meta": 939,
      "materialName": "Quartz Sand"
    },
    "dimensions": [],
    "restrictBiome": "None"
  },
  {
    "name": "ore.mix.infinitycatalyst",
    "minY": 5,
    "maxY": 20,
    "weight": 15,
    "density": 2,
    "size": 16,
    "primaryOre": {
      "meta": 129,
      "materialName": "Neutronium"
    },
    "secondaryOre": {
      "meta": 319,
      "materialName": "Adamantium"
    },
    "betweenOre": {
      "meta": 394,
      "materialName": "Infinity Catalyst"
    },
    "sporadicOre": {
      "meta": 395,
      "materialName": "Bedrockium"
    },
    "dimensions": [],
    "restrictBiome": "None"
  },
  {
    "name": "ore.mix.cosmicneutronium",
    "minY": 5,
    "maxY": 20,
    "weight": 15,
    "density": 2,
    "size": 16,
    "primaryOre": {
      "meta": 129,
      "materialName": "Neutronium"
    },
    "secondaryOre": {
      "meta": 982,
      "materialName": "Cosmic Neutronium"
    },
    "betweenOre": {
      "meta": 388,
      "materialName": "Black Plutonium"
    },
    "sporadicOre": {
      "meta": 395,
      "materialName": "Bedrockium"
    },
    "dimensions": [],
    "restrictBiome": "None"
  },
  {
    "name": "ore.mix.dilithium",
    "minY": 30,
    "maxY": 100,
    "weight": 30,
    "density": 3,
    "size": 24,
    "primaryOre": {
      "meta": 515,
      "materialName": "Dilithium"
    },
    "secondaryOre": {
      "meta": 515,
      "materialName": "Dilithium"
    },
    "betweenOre": {
      "meta": 398,
      "materialName": "Mysterious Crystal"
    },
    "sporadicOre": {
      "meta": 529,
      "materialName": "Vinteum"
    },
    "dimensions": [],
    "restrictBiome": "None"
  },
  {
    "name": "ore.mix.naquadria",
    "minY": 10,
    "maxY": 90,
    "weight": 40,
    "density": 4,
    "size": 24,
    "primaryOre": {
      "meta": 324,
      "materialName": "Naquadah"
    },
    "secondaryOre": {
      "meta": 326,
      "materialName": "Enriched Naquadah"
    },
    "betweenOre": {
      "meta": 327,
      "materialName": "Naquadria"
    },
    "sporadicOre": {
      "meta": 868,
      "materialName": "Trinium"
    },
    "dimensions": [],
    "restrictBiome": "None"
  },
  {
    "name": "ore.mix.awakeneddraconium",
    "minY": 20,
    "maxY": 40,
    "weight": 20,
    "density": 3,
    "size": 16,
    "primaryOre": {
      "meta": 975,
      "materialName": "Draconium"
    },
    "secondaryOre": {
      "meta": 975,
      "materialName": "Draconium"
    },
    "betweenOre": {
      "meta": 976,
      "materialName": "Awakened Draconium"
    },
    "sporadicOre": {
      "meta": 506,
      "materialName": "Nether Star"
    },
    "dimensions": [],
    "restrictBiome": "None"
  },
  {
    "name": "ore.mix.tengam",
    "minY": 30,
    "maxY": 180,
    "weight": 80,
    "density": 2,
    "size": 32,
    "primaryOre": {
      "meta": 110,
      "materialName": "Raw Tengam"
    },
    "secondaryOre": {
      "meta": 110,
      "materialName": "Raw Tengam"
    },
    "betweenOre": {
      "meta": 812,
      "materialName": "Electrotine"
    },
    "sporadicOre": {
      "meta": 69,
      "materialName": "Samarium"
    },
    "dimensions": [],
    "restrictBiome": "None"
  }
]