[
  {
    "name": "ore.small.copper",
    "minY": 60,
    "maxY": 180,
    "amount": 32,
    "ore": {
      "meta": 35,
      "materialName": "Copper"
    },
    "dimensions": [
      "overworld",
      "nether",
      "end"
    ],
    "biome": "None"
  },
  {
    "name": "ore.small.tin",
    "minY": 80,
    "maxY": 220,
    "amount": 32,
    "ore": {
      "meta": 57,
      "materialName": "Tin"
    },
    "dimensions": [
      "overworld",
      "nether",
      "end"
    ],
    "biome": "None"
  },
  {
    "name": "ore.small.bismuth",
    "minY": 80,
    "maxY": 120,
    "amount": 8,
    "ore": {
      "meta": 90,
      "materialName": "Bismuth"
    },
    "dimensions": [
      "nether"
    ],
    "biome": "None"
  },
  {
    "name": "ore.small.coal",
    "minY": 120,
    "maxY": 250,
    "amount": 24,
    "ore": {
      "meta": 535,
      "materialName": "Coal"
    },
    "dimensions": [
      "overworld"
    ],
    "biome": "None"
  },
  {
    "name": "ore.small.iron",
    "minY": 40,
    "maxY": 100,
    "amount": 16,
    "ore": {
      "meta": 32,
      "materialName": "Iron"
    },
    "dimensions": [
      "overworld",
      "nether",
      "end"
    ],
    "biome": "None"
  },
  {
    "name": "ore.small.lead",
    "minY": 40,
    "maxY": 180,
    "amount": 16,
    "ore": {
      "meta": 89,
      "materialName": "Lead"
    },
    "dimensions": [
      "nether",
      "end",
      "twilight_forest"
    ],
    "biome": "None"
  },
  {
    "name": "ore.small.zinc",
    "minY": 80,
    "maxY": 210,
    "amount": 24,
    "ore": {
      "meta": 36,
      "materialName": "Zinc"
    },
    "dimensions": [
      "overworld",
      "nether",
      "end"
    ],
    "biome": "None"
  },
  {
    "name": "ore.small.gold",
    "minY": 20,
    "maxY": 60,
    "amount": 8,
    "ore": {
      "meta": 86,
      "materialName": "Gold"
    },
    "dimensions": [
      "overworld",
      "end"
    ],
    "biome": "None"
  },
  {
    "name": "ore.small.silver",
    "minY": 20,
    "maxY": 60,
    "amount": 20,
    "ore": {
      "meta": 54,
      "materialName": "Silver"
    },
    "dimensions": [
      "overworld",
      "nether",
      "end"
    ],
    "biome": "None"
  },
  {
    "name": "ore.small.nickel",
    "minY": 80,
    "maxY": 150,
    "amount": 8,
    "ore": {
      "meta": 34,
      "materialName": "Nickel"
    },
    "dimensions": [
      "overworld",
      "end"
    ],
    "biome": "None"
  },
  {
    "name": "ore.small.lapis",
    "minY": 10,
    "maxY": 50,
    "amount": 4,
    "ore": {
      "meta": 526,
      "materialName": "Lapis"
    },
    "dimensions": [
      "overworld"
    ],
    "biome": "None"
  },
  {
    "name": "ore.small.diamond",
    "minY": 5,
    "maxY": 15,
    "amount": 2,
    "ore": {
      "meta": 500,
      "materialName": "Diamond"
    },
    "dimensions": [
      "overworld"
    ],
    "biome": "None"
  },
  {
    "name": "ore.small.emerald",
    "minY": 5,
    "maxY": 35,
    "amount": 2,
    "ore": {
      "meta": 501,
      "materialName": "Emerald"
    },
    "dimensions": [
      "twilight_forest"
    ],
    "biome": "None"
  },
  {
    "name": "ore.small.ruby",
    "minY": 5,
    "maxY": 35,
    "amount": 2,
    "ore": {
      "meta": 502,
      "materialName": "Ruby"
    },
    "dimensions": [
      "twilight_forest"
    ],
    "biome": "None"
  },
  {
    "name": "ore.small.sapphire",
    "minY": 5,
    "maxY": 35,
    "amount": 2,
    "ore": {
      "meta": 503,
      "materialName": "Sapphire"
    },
    "dimensions": [
      "twilight_forest"
    ],
    "biome": "None"
  },
  {
    "name": "ore.small.greensapphire",
    "minY": 5,
    "maxY": 35,
    "amount": 2,
    "ore": {
      "meta": 504,
      "materialName": "Green Sapphire"
    },
    "dimensions": [
      "twilight_forest"
    ],
    "biome": "None"
  },
  {
    "name": "ore.small.olivine",
    "minY": 5,
    "maxY": 35,
    "amount": 2,
    "ore": {
      "meta": 505,
      "materialName": "Olivine"
    },
    "dimensions": [
      "twilight_forest"
    ],
    "biome": "None"
  },
  {
    "name": "ore.small.topaz",
    "minY": 5,
    "maxY": 35,
    "amount": 2,
    "ore": {
      "meta": 507,
      "materialName": "Topaz"
    },
    "dimensions": [
      "twilight_forest"
    ],
    "biome": "None"
  },
  {
    "name": "ore.small.tanzanite",
    "minY": 5,
    "maxY": 35,
    "amount": 2,
    "ore": {
      "meta": 508,
      "materialName": "Tanzanite"
    },
    "dimensions": [
      "twilight_forest"
    ],
    "biome": "None"
  },
  {
    "name": "ore.small.amethyst",
    "minY": 5,
    "maxY": 35,
    "amount": 2,
    "ore": {
      "meta": 509,
      "materialName": "Amethyst"
    },
    "dimensions": [
      "twilight_forest"
    ],
    "biome": "None"
  },
  {
    "name": "ore.small.opal",
    "minY": 5,
    "maxY": 35,
    "amount": 2,
    "ore": {
      "meta": 510,
      "materialName": "Opal"
    },
    "dimensions": [
      "twilight_forest"
    ],
    "biome": "None"
  },
  {
    "name": "ore.small.jasper",
    "minY": 5,
    "maxY": 35,
    "amount": 2,
    "ore": {
      "meta": 511,
      "materialName": "Jasper"
    },
    "dimensions": [
      "twilight_forest"
    ],
    "biome": "None"
  },
  {
    "name": "ore.small.bluetopaz",
    "minY": 5,
    "maxY": 35,
    "amount": 2,
    "ore": {
      "meta": 513,
      "materialName": "Blue Topaz"
    },
    "dimensions": [
      "twilight_forest"
    ],
    "biome": "None"
  },
  {
    "name": "ore.small.amber",
    "minY": 5,
    "maxY": 35,
    "amount": 2,
    "ore": {
      "meta": 514,
      "materialName": "Amber"
    },
    "dimensions": [
      "twilight_forest"
    ],
    "biome": "None"
  },
  {
    "name": "ore.small.foolsruby",
    "minY": 5,
    "maxY": 35,
    "amount": 2,
    "ore": {
      "meta": 512,
      "materialName": "Spinel"
    },
    "dimensions": [
      "twilight_forest"
    ],
    "biome": "None"
  },
  {
    "name": "ore.small.garnetred",
    "minY": 5,
    "maxY": 35,
    "amount": 2,
    "ore": {
      "meta": 527,
      "materialName": "Red Garnet"
    },
    "dimensions": [
      "twilight_forest"
    ],
    "biome": "None"
  },
  {
    "name": "ore.small.garnetyellow",
    "minY": 5,
    "maxY": 35,
    "amount": 2,
    "ore": {
      "meta": 528,
      "materialName": "Yellow Garnet"
    },
    "dimensions": [
      "twilight_forest"
    ],
    "biome": "None"
  },
  {
    "name": "ore.small.redstone",
    "minY": 5,
    "maxY": 25,
    "amount": 8,
    "ore": {
      "meta": 810,
      "materialName": "Redstone"
    },
    "dimensions": [
      "overworld",
      "nether"
    ],
    "biome": "None"
  },
  {
    "name": "ore.small.netherquartz",
    "minY": 30,
    "maxY": 120,
    "amount": 64,
    "ore": {
      "meta": 522,
      "materialName": "Nether Quartz"
    },
    "dimensions": [
      "nether"
    ],
    "biome": "None"
  },
  {
    "name": "ore.small.saltpeter",
    "minY": 10,
    "maxY": 60,
    "amount": 8,
    "ore": {
      "meta": 836,
      "materialName": "Saltpeter"
    },
    "dimensions": [
      "nether",
      "twilight_forest"
    ],
    "biome": "None"
  },
  {
    "name": "ore.small.sulfur",
    "minY": 5,
    "maxY": 60,
    "amount": 40,
    "ore": {
      "meta": 22,
      "materialName": "Sulfur"
    },
    "dimensions": [
      "nether"
    ],
    "biome": "None"
  },
  {
    "name": "ore.small.titanium",
    "minY": 10,
    "maxY": 180,
    "amount": 32,
    "ore": {
      "meta": 28,
      "materialName": "Titanium"
    },
    "dimensions": [],
    "biome": "None"
  },
  {
    "name": "ore.small.tungsten",
    "minY": 10,
    "maxY": 120,
    "amount": 16,
    "ore": {
      "meta": 81,
      "materialName": "Tungsten"
    },
    "dimensions": [],
    "biome": "None"
  },
  {
    "name": "ore.small.meteoriciron",
    "minY": 50,
    "maxY": 70,
    "amount": 8,
    "ore": {
      "meta": 340,
      "materialName": "Meteoric Iron"
    },
    "dimensions": [],
    "biome": "None"
  },
  {
    "name": "ore.small.firestone",
    "minY": 5,
    "maxY": 15,
    "amount": 2,
    "ore": {
      "meta": 347,
      "materialName": "Firestone"
    },
    "dimensions": [],
    "biome": "None"
  },
  {
    "name": "ore.small.neutronium",
    "minY": 5,
    "maxY": 15,
    "amount": 8,
    "ore": {
      "meta": 129,
      "materialName": "Neutronium"
    },
    "dimensions": [],
    "biome": "None"
  },
  {
    "name": "ore.small.chromite",
    "minY": 20,
    "maxY": 40,
    "amount": 8,
    "ore": {
      "meta": 825,
      "materialName": "Chromite"
    },
    "dimensions": [],
    "biome": "None"
  },
  {
    "name": "ore.small.tungstate",
    "minY": 20,
    "maxY": 40,
    "amount": 8,
    "ore": {
      "meta": 841,
      "materialName": "Tungstate"
    },
    "dimensions": [],
    "biome": "None"
  },
  {
    "name": "ore.small.naquadah",
    "minY": 5,
    "maxY": 25,
    "amount": 8,
    "ore": {
      "meta": 324,
      "materialName": "Naquadah"
    },
    "dimensions": [],
    "biome": "None"
  },
  {
    "name": "ore.small.quantium",
    "minY": 5,
    "maxY": 25,
    "amount": 6,
    "ore": {
      "meta": 391,
      "materialName": "Quantium"
    },
    "dimensions": [],
    "biome": "None"
  },
  {
    "name": "ore.small.mythril",
    "minY": 5,
    "maxY": 25,
    "amount": 6,
    "ore": {
      "meta": 387,
      "materialName": "Mytryl"
    },
    "dimensions": [],
    "biome": "None"
  },
  {
    "name": "ore.small.ledox",
    "minY": 40,
    "maxY": 60,
    "amount": 4,
    "ore": {
      "meta": 390,
      "materialName": "Ledox"
    },
    "dimensions": [],
    "biome": "None"
  },
  {
    "name": "ore.small.oriharukon",
    "minY": 20,
    "maxY": 40,
    "amount": 6,
    "ore": {
      "meta": 393,
      "materialName": "Oriharukon"
    },
    "dimensions": [],
    "biome": "None"
  },
  {
    "name": "ore.small.draconium",
    "minY": 5,
    "maxY": 15,
    "amount": 4,
    "ore": {
      "meta": 975,
      "materialName": "Draconium"
    },
    "dimensions": [],
    "biome": "None"
  },
  {
    "name": "ore.small.awdraconium",
    "minY": 5,
    "maxY": 15,
    "amount": 2,
    "ore": {
      "meta": 976,
      "materialName": "Awakened Draconium"
    },
    "dimensions": [],
    "biome": "None"
  },
  {
    "name": "ore.small.desh",
    "minY": 10,
    "maxY": 30,
    "amount": 6,
    "ore": {
      "meta": 884,
      "materialName": "Desh"
    },
    "dimensions": [],
    "biome": "None"
  },
  {
    "name": "ore.small.blackplutonium",
    "minY": 25,
    "maxY": 45,
    "amount": 6,
    "ore": {
      "meta": 388,
      "materialName": "Black Plutonium"
    },
    "dimensions": [],
    "biome": "None"
  },
  {
    "name": "ore.small.infinitycatalyst",
    "minY": 40,
    "maxY": 80,
    "amount": 6,
    "ore": {
      "meta": 394,
      "materialName": "Infinity Catalyst"
    },
    "dimensions": [],
    "biome": "None"
  },
  {
    "name": "ore.small.bedrockium",
    "minY": 5,
    "maxY": 25,
    "amount": 6,
    "ore": {
      "meta": 395,
      "materialName": "Bedrockium"
    },
    "dimensions": [],
    "biome": "None"
  },
  {
    "name": "ore.small.realgar",
    "minY": 15,
    "maxY": 85,
    "amount": 32,
    "ore": {
      "meta": 913,
      "materialName": "Realgar"
    },
    "dimensions": [
      "nether"
    ],
    "biome": "None"
  },
  {
    "name": "ore.small.certusquartz",
    "minY": 5,
    "maxY": 115,
    "amount": 16,
    "ore": {
      "meta": 516,
      "materialName": "Certus Quartz"
    },
    "dimensions": [
      "nether"
    ],
    "biome": "None"
  },
  {
    "name": "ore.small.jade",
    "minY": 5,
    "maxY": 35,
    "amount": 2,
    "ore": {
      "meta": 537,
      "materialName": "Jade"
    },
    "dimensions": [
      "twilight_forest"
    ],
    "biome": "None"
  },
  {
    "name": "ore.small.deepiron",
    "minY": 5,
    "maxY": 40,
    "amount": 8,
    "ore": {
      "meta": 829,
      "materialName": "Deep Iron"
    },
    "dimensions": [],
    "biome": "None"
  },
  {
    "name": "ore.small.redgarnet",
    "minY": 5,
    "maxY": 35,
    "amount": 2,
    "ore": {
      "meta": 527,
      "materialName": "Red Garnet"
    },
    "dimensions": [],
    "biome": "None"
  },
  {
    "name": "ore.small.chargedcertus",
    "minY": 5,
    "maxY": 115,
    "amount": 4,
    "ore": {
      "meta": 517,
      "materialName": "Charged Certus Quartz"
    },
    "dimensions": [],
    "biome": "None"
  }
]