{
  "questIDHigh:4": 0,
  "preRequisites:9": {
    "0:10": {
      "questIDHigh:4": 0,
      "questIDLow:4": 727
    },
    "1:10": {
      "questIDHigh:4": 0,
      "questIDLow:4": 728
    }
  },
  "questIDLow:4": 729,
  "properties:10": {
    "betterquesting:10": {
      "snd_complete:8": "random.levelup",
      "taskLogic:8": "AND",
      "partySingleReward:1": 0,
      "visibility:8": "NORMAL",
      "isMain:1": 0,
      "simultaneous:1": 0,
      "icon:10": {
        "id:8": "StorageDrawers:framingTable",
        "Count:3": 1,
        "Damage:2": 0,
        "OreDict:8": ""
      },
      "snd_update:8": "random.levelup",
      "repeatTime:3": -1,
      "globalShare:1": 1,
      "questLogic:8": "AND",
      "repeat_relative:1": 1,
      "name:8": "§2§lFraming Drawers",
      "isGlobal:1": 0,
      "lockedProgress:1": 1,
      "autoClaim:1": 0,
      "isSilent:1": 0,
      "desc:8": "Now you can really make some swaggy and §oeven fancier§r drawers by using this table, all you have to do is place some decorative blocks and it will take their texture, the TOP left is the outer square, bottom left is for the front face, and top right is for the borders. This table works with almost all decorative blocks."
    }
  },
  "tasks:9": {
    "0:10": {
      "partialMatch:1": 1,
      "allowCraftedFromStatistics:1": 0,
      "allowSmelt:1": 1,
      "ignoreNBT:1": 0,
      "index:3": 0,
      "allowCraft:1": 1,
      "allowAnvil:1": 0,
      "requiredItems:9": {
        "0:10": {
          "id:8": "StorageDrawers:framingTable",
          "Count:3": 1,
          "Damage:2": 0,
          "OreDict:8": ""
        }
      },
      "taskID:8": "bq_standard:crafting"
    }
  },
  "rewards:9": {
    "0:10": {
      "rewardID:8": "bq_standard:choice",
      "index:3": 0,
      "choices:9": {
        "0:10": {
          "id:8": "StorageDrawers:fullCustom1",
          "Count:3": 4,
          "Damage:2": 0,
          "OreDict:8": ""
        },
        "1:10": {
          "id:8": "StorageDrawers:fullCustom2",
          "Count:3": 4,
          "Damage:2": 0,
          "OreDict:8": ""
        },
        "2:10": {
          "id:8": "StorageDrawers:fullCustom4",
          "Count:3": 4,
          "Damage:2": 0,
          "OreDict:8": ""
        }
      }
    },
    "1:10": {
      "rewardID:8": "bq_standard:item",
      "index:3": 1,
      "rewards:9": {
        "0:10": {
          "id:8": "dreamcraft:item.CoinTechnician",
          "Count:3": 5,
          "Damage:2": 0,
          "OreDict:8": ""
        }
      }
    }
  }
}