{
  "questIDHigh:4": 0,
  "preRequisites:9": {
    "0:10": {
      "questIDHigh:4": 0,
      "questIDLow:4": 36
    }
  },
  "questIDLow:4": 483,
  "properties:10": {
    "betterquesting:10": {
      "snd_complete:8": "random.levelup",
      "taskLogic:8": "AND",
      "partySingleReward:1": 0,
      "visibility:8": "NORMAL",
      "isMain:1": 0,
      "simultaneous:1": 0,
      "icon:10": {
        "id:8": "minecraft:wheat_seeds",
        "Count:3": 1,
        "Damage:2": 0,
        "OreDict:8": ""
      },
      "snd_update:8": "random.levelup",
      "repeatTime:3": -1,
      "globalShare:1": 1,
      "questLogic:8": "AND",
      "repeat_relative:1": 1,
      "name:8": "§2§lGardener",
      "isGlobal:1": 0,
      "lockedProgress:1": 0,
      "autoClaim:1": 0,
      "isSilent:1": 0,
      "desc:8": "If you were wondering: Why do I never get seeds when destroying grass? Because. \n\nUse your new mattock on the grass blocks that do not have water anywhere nearby to find some seeds."
    }
  },
  "tasks:9": {
    "0:10": {
      "partialMatch:1": 1,
      "autoConsume:1": 0,
      "groupDetect:1": 0,
      "ignoreNBT:1": 0,
      "index:3": 0,
      "consume:1": 0,
      "requiredItems:9": {
        "0:10": {
          "id:8": "TConstruct:metalPattern",
          "Count:3": 1,
          "Damage:2": 3,
          "OreDict:8": ""
        },
        "1:10": {
          "id:8": "TConstruct:metalPattern",
          "Count:3": 1,
          "Damage:2": 4,
          "OreDict:8": ""
        },
        "2:10": {
          "id:8": "TConstruct:metalPattern",
          "Count:3": 1,
          "Damage:2": 1,
          "OreDict:8": ""
        }
      },
      "taskID:8": "bq_standard:retrieval"
    },
    "1:10": {
      "partialMatch:1": 1,
      "autoConsume:1": 0,
      "groupDetect:1": 0,
      "ignoreNBT:1": 1,
      "index:3": 2,
      "consume:1": 0,
      "requiredItems:9": {
        "0:10": {
          "id:8": "TConstruct:mattock",
          "Count:3": 1,
          "tag:10": {
            "InfiTool:10": {
              "MiningSpeed2:4": 650,
              "BaseDurability:4": 534,
              "Head:4": 14,
              "BaseAttack:4": 6,
              "Built:4": 1,
              "ToolEXP:4": 0,
              "HarvestLevel:4": 4,
              "Attack:4": 6,
              "RenderHead:4": 14,
              "ModDurability:6": 0.0,
              "Handle:4": 14,
              "Broken:4": 0,
              "Shoddy:6": 0.0,
              "RenderHandle:4": 14,
              "Accessory:4": 14,
              "MiningSpeed:4": 650,
              "RenderAccessory:4": 14,
              "ToolLevel:4": 1,
              "Unbreaking:4": 1,
              "HarvestLevel2:4": 4,
              "Damage:4": 0,
              "BonusDurability:4": 0,
              "Modifiers:4": 0,
              "TotalDurability:4": 534
            },
            "display:10": {
              "Name:8": "Mattock"
            }
          },
          "Damage:2": 0,
          "OreDict:8": ""
        }
      },
      "taskID:8": "bq_standard:retrieval"
    }
  },
  "rewards:9": {
    "0:10": {
      "rewardID:8": "bq_standard:item",
      "index:3": 0,
      "rewards:9": {
        "0:10": {
          "id:8": "gregtech:gt.metaitem.01",
          "Count:3": 3,
          "Damage:2": 11300,
          "OreDict:8": ""
        },
        "1:10": {
          "id:8": "TConstruct:GravelOre",
          "Count:3": 2,
          "Damage:2": 4,
          "OreDict:8": ""
        },
        "2:10": {
          "id:8": "enhancedlootbags:lootbag",
          "Count:3": 1,
          "Damage:2": 1,
          "OreDict:8": ""
        }
      }
    },
    "1:10": {
      "rewardID:8": "bq_standard:item",
      "index:3": 1,
      "rewards:9": {
        "0:10": {
          "id:8": "dreamcraft:item.CoinSmith",
          "Count:3": 5,
          "Damage:2": 0,
          "OreDict:8": ""
        },
        "1:10": {
          "id:8": "dreamcraft:item.CoinFarmer",
          "Count:3": 5,
          "Damage:2": 0,
          "OreDict:8": ""
        }
      }
    }
  }
}