{
  "questIDHigh:4": 0,
  "preRequisites:9": {
    "0:10": {
      "questIDHigh:4": 0,
      "questIDLow:4": 17
    },
    "1:10": {
      "questIDHigh:4": 0,
      "questIDLow:4": 26
    }
  },
  "questIDLow:4": 24,
  "properties:10": {
    "betterquesting:10": {
      "snd_complete:8": "random.levelup",
      "taskLogic:8": "AND",
      "partySingleReward:1": 0,
      "visibility:8": "NORMAL",
      "isMain:1": 1,
      "simultaneous:1": 0,
      "icon:10": {
        "id:8": "Railcraft:machine.alpha",
        "Count:3": 1,
        "Damage:2": 7,
        "OreDict:8": ""
      },
      "snd_update:8": "random.levelup",
      "repeatTime:3": -1,
      "globalShare:1": 1,
      "questLogic:8": "AND",
      "repeat_relative:1": 1,
      "name:8": "§1§2§lGetting (Char)coal",
      "isGlobal:1": 0,
      "lockedProgress:1": 1,
      "autoClaim:1": 0,
      "isSilent:1": 0,
      "desc:8": "Now you can make the bricks for your first multiblock structure. 104 bricks to be exact. Good that you just collected a lot of resources! What a coincidence...\n\nThe bricks you\u0027ll need are somewhat special. Make sure to craft the correct ones. With that done, let\u0027s build a coke oven to get some charcoal or coal coke! It may be useful to note that the oven doesn\u0027t automatically output its fluid contents. Faucets and pumps can help to change that."
    }
  },
  "tasks:9": {
    "0:10": {
      "partialMatch:1": 1,
      "autoConsume:1": 0,
      "groupDetect:1": 0,
      "ignoreNBT:1": 1,
      "index:3": 0,
      "consume:1": 0,
      "requiredItems:9": {
        "0:10": {
          "id:8": "dreamcraft:item.UnfiredCokeOvenBrick",
          "Count:3": 104,
          "Damage:2": 0,
          "OreDict:8": ""
        }
      },
      "taskID:8": "bq_standard:optional_retrieval"
    },
    "1:10": {
      "partialMatch:1": 1,
      "autoConsume:1": 0,
      "groupDetect:1": 0,
      "ignoreNBT:1": 1,
      "index:3": 1,
      "consume:1": 0,
      "requiredItems:9": {
        "0:10": {
          "id:8": "dreamcraft:item.CokeOvenBrick",
          "Count:3": 104,
          "Damage:2": 0,
          "OreDict:8": ""
        }
      },
      "taskID:8": "bq_standard:optional_retrieval"
    },
    "2:10": {
      "partialMatch:1": 1,
      "allowCraftedFromStatistics:1": 0,
      "allowSmelt:1": 1,
      "ignoreNBT:1": 1,
      "index:3": 2,
      "allowCraft:1": 1,
      "allowAnvil:1": 0,
      "requiredItems:9": {
        "0:10": {
          "id:8": "Railcraft:machine.alpha",
          "Count:3": 26,
          "Damage:2": 7,
          "OreDict:8": ""
        }
      },
      "taskID:8": "bq_standard:crafting"
    }
  },
  "rewards:9": {
    "0:10": {
      "rewardID:8": "bq_standard:item",
      "index:3": 0,
      "rewards:9": {
        "0:10": {
          "id:8": "gregtech:gt.metaitem.02",
          "Count:3": 2,
          "Damage:2": 32243,
          "OreDict:8": ""
        }
      }
    },
    "1:10": {
      "rewardID:8": "bq_standard:item",
      "index:3": 1,
      "rewards:9": {
        "0:10": {
          "id:8": "dreamcraft:item.CoinTechnician",
          "Count:3": 10,
          "Damage:2": 0,
          "OreDict:8": ""
        }
      }
    }
  }
}