{
  "questIDHigh:4": 0,
  "preRequisites:9": {
    "0:10": {
      "questIDHigh:4": 0,
      "questIDLow:4": 18
    }
  },
  "questIDLow:4": 19,
  "properties:10": {
    "betterquesting:10": {
      "snd_complete:8": "random.levelup",
      "taskLogic:8": "AND",
      "partySingleReward:1": 0,
      "visibility:8": "NORMAL",
      "isMain:1": 1,
      "simultaneous:1": 0,
      "icon:10": {
        "id:8": "gregtech:gt.metatool.01",
        "Count:3": 1,
        "Damage:2": 24,
        "OreDict:8": ""
      },
      "snd_update:8": "random.levelup",
      "repeatTime:3": -1,
      "globalShare:1": 1,
      "questLogic:8": "AND",
      "repeat_relative:1": 1,
      "name:8": "§1§2§lMacerator v0.1 Alpha",
      "isGlobal:1": 0,
      "lockedProgress:1": 1,
      "ignoreNBT:1": 1,
      "autoClaim:1": 0,
      "isSilent:1": 0,
      "desc:8": "This fancy little device works (almost...) like a macerator. Some people say it\u0027s even better, since it does not require power, yay! You only need to craft one for this quest, but you probably should make some more if you can...\n\n[note]The mortar lets you make flint much, much more efficiently - you only need one gravel instead of three. Many tools and stations you\u0027ll make in the future will also open up better crafting recipes for things you can already make as well. If you need something but are hard up on resources, use NEI to check the recipes for that item - you may have options you didn\u0027t before.[/note]"
    }
  },
  "tasks:9": {
    "0:10": {
      "partialMatch:1": 1,
      "allowCraftedFromStatistics:1": 0,
      "allowSmelt:1": 1,
      "ignoreNBT:1": 1,
      "index:3": 0,
      "allowCraft:1": 1,
      "allowAnvil:1": 0,
      "requiredItems:9": {
        "0:10": {
          "id:8": "gregtech:gt.metatool.01",
          "Count:3": 1,
          "Damage:2": 24,
          "OreDict:8": "craftingToolMortar"
        }
      },
      "taskID:8": "bq_standard:crafting"
    }
  },
  "rewards:9": {
    "0:10": {
      "rewardID:8": "bq_standard:item",
      "index:3": 0,
      "rewards:9": {
        "0:10": {
          "id:8": "dreamcraft:item.CoinTechnician",
          "Count:3": 10,
          "Damage:2": 0,
          "OreDict:8": ""
        }
      }
    }
  }
}