{
  "questIDHigh:4": 0,
  "preRequisites:9": {
    "0:10": {
      "questIDHigh:4": 0,
      "questIDLow:4": 35
    },
    "1:10": {
      "questIDHigh:4": 0,
      "questIDLow:4": 1866
    },
    "2:10": {
      "questIDHigh:4": 0,
      "questIDLow:4": 30
    }
  },
  "questIDLow:4": 38,
  "properties:10": {
    "betterquesting:10": {
      "snd_complete:8": "random.levelup",
      "taskLogic:8": "AND",
      "partySingleReward:1": 0,
      "visibility:8": "NORMAL",
      "isMain:1": 1,
      "simultaneous:1": 0,
      "icon:10": {
        "id:8": "TConstruct:pickaxe",
        "Count:3": 1,
        "tag:10": {
          "InfiTool:10": {
            "BaseDurability:4": 356,
            "Head:4": 14,
            "HeadEXP:4": 0,
            "BaseAttack:4": 4,
            "Built:4": 1,
            "ToolEXP:4": 0,
            "HarvestLevel:4": 3,
            "Attack:4": 4,
            "RenderHead:4": 14,
            "ModDurability:6": 0.0,
            "Handle:4": 14,
            "Broken:4": 0,
            "Shoddy:6": 0.0,
            "RenderHandle:4": 14,
            "Accessory:4": 14,
            "MiningSpeed:4": 650,
            "RenderAccessory:4": 14,
            "ToolLevel:4": 1,
            "HarvestLevelModified:4": 0,
            "Unbreaking:4": 1,
            "Damage:4": 0,
            "BonusDurability:4": 0,
            "Modifiers:4": 0,
            "TotalDurability:4": 356
          },
          "display:10": {
            "Name:8": "Bronze Pickaxe"
          }
        },
        "Damage:2": 0,
        "OreDict:8": ""
      },
      "snd_update:8": "random.levelup",
      "repeatTime:3": -1,
      "globalShare:1": 1,
      "questLogic:8": "AND",
      "repeat_relative:1": 1,
      "name:8": "§2§lMaking Better Tools",
      "isGlobal:1": 0,
      "lockedProgress:1": 0,
      "autoClaim:1": 0,
      "isSilent:1": 0,
      "desc:8": "With aluminium and copper, you can create a material with a higher melting temperature - Aluminum Brass - which can be used to cast better tools.\n\nFor that, you need a smeltery. See the Multiblock Goals tab for details. You can also grab some extra blocks from some villages, but they don\u0027t count towards the quest.\n\nAlternatively, there are also one-time-use clay casts available.\n\nYou can then use your fancy bronze to make better tools with a higher mining level.\n\nRemember, you need to use the pickaxe a bit to gather mining XP if you want the full mining level on your bronze pickaxe. Certain tool upgrades can give that directly if you have an upgrade slot available."
    }
  },
  "tasks:9": {
    "0:10": {
      "partialMatch:1": 1,
      "autoConsume:1": 0,
      "groupDetect:1": 0,
      "ignoreNBT:1": 0,
      "index:3": 0,
      "consume:1": 0,
      "requiredItems:9": {
        "0:10": {
          "id:8": "TConstruct:metalPattern",
          "Count:3": 1,
          "Damage:2": 2,
          "OreDict:8": ""
        }
      },
      "taskID:8": "bq_standard:optional_retrieval"
    },
    "1:10": {
      "partialMatch:1": 1,
      "autoConsume:1": 0,
      "groupDetect:1": 0,
      "ignoreNBT:1": 0,
      "index:3": 1,
      "consume:1": 0,
      "requiredItems:9": {
        "0:10": {
          "id:8": "TConstruct:metalPattern",
          "Count:3": 1,
          "Damage:2": 3,
          "OreDict:8": ""
        }
      },
      "taskID:8": "bq_standard:optional_retrieval"
    },
    "2:10": {
      "partialMatch:1": 1,
      "autoConsume:1": 0,
      "groupDetect:1": 0,
      "ignoreNBT:1": 0,
      "index:3": 2,
      "consume:1": 0,
      "requiredItems:9": {
        "0:10": {
          "id:8": "TConstruct:pickaxeHead",
          "Count:3": 1,
          "Damage:2": 14,
          "OreDict:8": ""
        }
      },
      "taskID:8": "bq_standard:retrieval"
    },
    "3:10": {
      "partialMatch:1": 1,
      "autoConsume:1": 0,
      "groupDetect:1": 0,
      "ignoreNBT:1": 0,
      "index:3": 3,
      "consume:1": 0,
      "requiredItems:9": {
        "0:10": {
          "id:8": "TConstruct:shovelHead",
          "Count:3": 1,
          "Damage:2": 14,
          "OreDict:8": ""
        }
      },
      "taskID:8": "bq_standard:retrieval"
    }
  },
  "rewards:9": {
    "0:10": {
      "rewardID:8": "bq_standard:item",
      "index:3": 0,
      "rewards:9": {
        "0:10": {
          "id:8": "gregtech:gt.metaitem.02",
          "Count:3": 2,
          "Damage:2": 32243,
          "OreDict:8": ""
        }
      }
    },
    "1:10": {
      "rewardID:8": "bq_standard:item",
      "index:3": 1,
      "rewards:9": {
        "0:10": {
          "id:8": "dreamcraft:item.CoinSmith",
          "Count:3": 5,
          "Damage:2": 0,
          "OreDict:8": ""
        },
        "1:10": {
          "id:8": "dreamcraft:item.CoinTechnician",
          "Count:3": 5,
          "Damage:2": 0,
          "OreDict:8": ""
        }
      }
    }
  }
}