{
  "questIDHigh:4": 0,
  "preRequisites:9": {
    "0:10": {
      "questIDHigh:4": 0,
      "questIDLow:4": 15
    }
  },
  "questIDLow:4": 2737,
  "properties:10": {
    "betterquesting:10": {
      "snd_complete:8": "random.levelup",
      "taskLogic:8": "AND",
      "visibility:8": "NORMAL",
      "isMain:1": 0,
      "simultaneous:1": 0,
      "icon:10": {
        "id:8": "SpiceOfLife:bookfoodjournal",
        "Count:3": 1,
        "Damage:2": 0,
        "OreDict:8": ""
      },
      "snd_update:8": "random.levelup",
      "repeatTime:3": -1,
      "globalShare:1": 0,
      "questLogic:8": "AND",
      "repeat_relative:1": 1,
      "name:8": "§2§lMore Food, More Hearts",
      "lockedProgress:1": 0,
      "autoClaim:1": 0,
      "isSilent:1": 0,
      "desc:8": "So, food is great, right? But what\u0027s even greater is eating tons of it! Too boring and pointless you say? Well, what if I told you you can get extra hearts just by expanding your palate. You get 1 point for every half shank of hunger from a food eaten, and after 50 points, you get 1 extra heart! Now you have a reason to make all those Pam\u0027s foods. Each food contributes its shank-value once. Eating something from a lunch box counts as if you took it out and ate it manually.\n\nIf you want to see what foods you\u0027ve eaten, you can use the Food Journal, but it\u0027s clunky. Realistically, you want to use NEI to both see foods eaten and not eaten. You can search for \u0027not yet eaten\u0027 to see foods left, and \u0027assisted\u0027 to see foods eaten. You need to have started diminishing returns first to see this.\n\nIf it doesn\u0027t work, go to NEI options at bottom-left when the inventory is open, then click on Inventory, and change Search Mode to Regex. Then restart your client and try searching again.§r\n\nThere are also two commands:\n\n/foodlist size\nTells you the overall progress, and the progress to the next heart.\n\n/foodlist sync \u003cPlayerName\u003e\nSync your food progression with the server if it gets out of sync."
    }
  },
  "tasks:9": {
    "0:10": {
      "index:3": 0,
      "taskID:8": "bq_standard:checkbox"
    }
  },
  "rewards:9": {}
}