{
  "questIDHigh:4": 0,
  "preRequisites:9": {
    "0:10": {
      "questIDHigh:4": 0,
      "questIDLow:4": 38
    }
  },
  "questIDLow:4": 1864,
  "properties:10": {
    "betterquesting:10": {
      "snd_complete:8": "random.levelup",
      "taskLogic:8": "AND",
      "partySingleReward:1": 0,
      "visibility:8": "NORMAL",
      "isMain:1": 0,
      "simultaneous:1": 0,
      "icon:10": {
        "id:8": "TConstruct:materials",
        "Count:3": 1,
        "Damage:2": 6,
        "OreDict:8": ""
      },
      "snd_update:8": "random.levelup",
      "repeatTime:3": -1,
      "globalShare:1": 1,
      "questLogic:8": "AND",
      "repeat_relative:1": 1,
      "name:8": "§2§lNo Self-Healing Tools Here...Yet",
      "isGlobal:1": 0,
      "lockedProgress:1": 0,
      "autoClaim:1": 0,
      "isSilent:1": 0,
      "desc:8": "New players might be surprised by finding the Tinker\u0027s Construct Ball of Moss in NEI not showing an actual recipe.\n\nIn this pack you have to first gain expertise in Thaumcraft to craft it. Go and become a dangerous wizard, and you\u0027ll gain the power needed to craft the Ball of Moss and make your tools heal themselves. Of course, you need to get to the Twilight Forest and get some aluminium ingots before you can begin. The Ball of Moss is in the GTNH tab of the Thaumonomicon, and requires infusion. There are many other great things in the Thaumonomicon, but be wary of warp.\n\nHave a beer to prepare for your long journey."
    }
  },
  "tasks:9": {
    "0:10": {
      "index:3": 0,
      "taskID:8": "bq_standard:checkbox"
    }
  },
  "rewards:9": {
    "0:10": {
      "rewardID:8": "bq_standard:item",
      "index:3": 0,
      "rewards:9": {
        "0:10": {
          "id:8": "gregtech:gt.metaitem.02",
          "Count:3": 2,
          "Damage:2": 32119,
          "OreDict:8": ""
        }
      }
    }
  }
}