{
  "questIDHigh:4": 0,
  "preRequisites:9": {
    "0:10": {
      "questIDHigh:4": 0,
      "questIDLow:4": 474
    }
  },
  "questIDLow:4": 1866,
  "properties:10": {
    "betterquesting:10": {
      "snd_complete:8": "random.levelup",
      "taskLogic:8": "AND",
      "partySingleReward:1": 0,
      "visibility:8": "NORMAL",
      "isMain:1": 1,
      "simultaneous:1": 0,
      "icon:10": {
        "id:8": "gregtech:gt.metaitem.01",
        "Count:3": 1,
        "Damage:2": 2019,
        "OreDict:8": ""
      },
      "snd_update:8": "random.levelup",
      "repeatTime:3": -1,
      "globalShare:1": 1,
      "questLogic:8": "AND",
      "repeat_relative:1": 1,
      "name:8": "§2§lOptions For Finding Aluminium in This Tier",
      "isGlobal:1": 0,
      "lockedProgress:1": 0,
      "autoClaim:1": 0,
      "isSilent:1": 0,
      "desc:8": "It can be hard to find Aluminum Gravel Ore on old servers or unlucky world seeds.\n\nThe alternatives are:\n- Planting the Aluminum Ore Berries from the Smeltery quest,\n- Searching for aluminium bars in chests,\n- A recipe with XP buckets on a crafting table.\n\nOnce you reach LV, you can get aluminium from processing various ores or smelting Sapphire in an Electric Blast Furnace (EBF).\nAt MV, you can electrolyze clay dust or red granite dust. Check NEI for more options.\n\n"
    }
  },
  "tasks:9": {
    "0:10": {
      "index:3": 0,
      "taskID:8": "bq_standard:checkbox"
    }
  },
  "rewards:9": {
    "0:10": {
      "rewardID:8": "bq_standard:item",
      "index:3": 0,
      "rewards:9": {
        "0:10": {
          "id:8": "gregtech:gt.metaitem.01",
          "Count:3": 1,
          "Damage:2": 2019,
          "OreDict:8": ""
        }
      }
    }
  }
}