{
  "questIDHigh:4": 0,
  "preRequisites:9": {
    "0:10": {
      "questIDHigh:4": 0,
      "questIDLow:4": 27
    }
  },
  "questIDLow:4": 2721,
  "properties:10": {
    "betterquesting:10": {
      "snd_complete:8": "random.levelup",
      "taskLogic:8": "AND",
      "visibility:8": "NORMAL",
      "isMain:1": 0,
      "simultaneous:1": 0,
      "icon:10": {
        "id:8": "Railcraft:fuel.coke",
        "Count:3": 1,
        "Damage:2": 0,
        "OreDict:8": ""
      },
      "snd_update:8": "random.levelup",
      "repeatTime:3": -1,
      "globalShare:1": 0,
      "questLogic:8": "AND",
      "repeat_relative:1": 1,
      "name:8": "§2§lPersonally, I Prefer Pepsi™",
      "lockedProgress:1": 0,
      "autoClaim:1": 0,
      "isSilent:1": 0,
      "desc:8": "You may have noticed that you can make more than just Charcoal in a Coke Oven, you can also make Coke.\n\nThe data below shows the burn time (BT), how long it takes in ticks - 20 ticks is 1 second - and how much creosote (Cr) you gain.\n\nCoal 1600BT + 1800t -\u003e Coal Coke 3200BT + 500l Cr\nWood Log 300BT + 1800t -\u003e Charcoal 1600BT + 250l Cr\nCactus 50BT + 500t -\u003e Cactus Charcoal 400BT + 30l Cr\nCactus Charcoal 400BT + 500t -\u003e Cactus Coke 800BT + 30l Cr\nSugar Cane 50BT + 500t -\u003e Sugar Charcoal 400BT + 30l Cr\nSugar Charcoal 400BT + 500t   -\u003e Sugar Coke 800BT +30l Cr\n\nYou want to save all of your Coke for making Steel in your Bricked Blast Furnace (BBF) later on. As for everything else, check NEI for the uses of each Coal variant, since there are many."
    }
  },
  "tasks:9": {
    "0:10": {
      "partialMatch:1": 1,
      "autoConsume:1": 0,
      "groupDetect:1": 0,
      "ignoreNBT:1": 1,
      "index:3": 0,
      "consume:1": 0,
      "requiredItems:9": {
        "0:10": {
          "id:8": "minecraft:coal",
          "Count:3": 8,
          "Damage:2": 0,
          "OreDict:8": ""
        },
        "1:10": {
          "id:8": "minecraft:log",
          "Count:3": 8,
          "Damage:2": 0,
          "OreDict:8": ""
        },
        "2:10": {
          "id:8": "minecraft:cactus",
          "Count:3": 8,
          "Damage:2": 0,
          "OreDict:8": ""
        },
        "3:10": {
          "id:8": "minecraft:reeds",
          "Count:3": 8,
          "Damage:2": 0,
          "OreDict:8": ""
        }
      },
      "taskID:8": "bq_standard:retrieval"
    },
    "1:10": {
      "partialMatch:1": 1,
      "autoConsume:1": 0,
      "groupDetect:1": 0,
      "ignoreNBT:1": 1,
      "index:3": 1,
      "consume:1": 0,
      "requiredItems:9": {
        "0:10": {
          "id:8": "Railcraft:fuel.coke",
          "Count:3": 8,
          "Damage:2": 0,
          "OreDict:8": ""
        },
        "1:10": {
          "id:8": "minecraft:coal",
          "Count:3": 8,
          "Damage:2": 1,
          "OreDict:8": ""
        },
        "2:10": {
          "id:8": "miscutils:itemCactusCharcoal",
          "Count:3": 8,
          "Damage:2": 0,
          "OreDict:8": ""
        },
        "3:10": {
          "id:8": "miscutils:itemSugarCharcoal",
          "Count:3": 8,
          "Damage:2": 0,
          "OreDict:8": ""
        }
      },
      "taskID:8": "bq_standard:retrieval"
    },
    "2:10": {
      "partialMatch:1": 1,
      "autoConsume:1": 0,
      "groupDetect:1": 0,
      "ignoreNBT:1": 1,
      "index:3": 2,
      "consume:1": 0,
      "requiredItems:9": {
        "0:10": {
          "id:8": "miscutils:itemCactusCoke",
          "Count:3": 8,
          "Damage:2": 0,
          "OreDict:8": ""
        },
        "1:10": {
          "id:8": "miscutils:itemSugarCoke",
          "Count:3": 8,
          "Damage:2": 0,
          "OreDict:8": ""
        }
      },
      "taskID:8": "bq_standard:retrieval"
    }
  },
  "rewards:9": {
    "0:10": {
      "rewardID:8": "bq_standard:item",
      "index:3": 0,
      "rewards:9": {
        "0:10": {
          "id:8": "miscutils:itemCactusCoke",
          "Count:3": 4,
          "Damage:2": 0,
          "OreDict:8": ""
        },
        "1:10": {
          "id:8": "miscutils:itemSugarCoke",
          "Count:3": 4,
          "Damage:2": 0,
          "OreDict:8": ""
        },
        "2:10": {
          "id:8": "enhancedlootbags:lootbag",
          "Count:3": 1,
          "Damage:2": 1,
          "OreDict:8": ""
        }
      }
    },
    "1:10": {
      "rewardID:8": "bq_standard:item",
      "index:3": 1,
      "rewards:9": {
        "0:10": {
          "id:8": "dreamcraft:item.CoinFarmer",
          "Count:3": 5,
          "Damage:2": 0,
          "OreDict:8": ""
        }
      }
    }
  }
}