{
  "questIDHigh:4": 0,
  "preRequisites:9": {
    "0:10": {
      "questIDHigh:4": 0,
      "questIDLow:4": 36
    }
  },
  "questIDLow:4": 492,
  "properties:10": {
    "betterquesting:10": {
      "snd_complete:8": "random.levelup",
      "taskLogic:8": "AND",
      "partySingleReward:1": 0,
      "visibility:8": "NORMAL",
      "isMain:1": 0,
      "simultaneous:1": 0,
      "icon:10": {
        "id:8": "OpenBlocks:trophy",
        "Count:3": 1,
        "tag:10": {
          "entity:8": "Sheep"
        },
        "Damage:2": 0,
        "OreDict:8": ""
      },
      "snd_update:8": "random.levelup",
      "repeatTime:3": -1,
      "globalShare:1": 1,
      "questLogic:8": "AND",
      "repeat_relative:1": 1,
      "name:8": "§2§lSheep Hairdresser",
      "isGlobal:1": 0,
      "lockedProgress:1": 0,
      "autoClaim:1": 0,
      "isSilent:1": 0,
      "desc:8": "Killing sheep to get the wool is so inefficient. Making some shears would make sense if you need more wool."
    }
  },
  "tasks:9": {
    "0:10": {
      "partialMatch:1": 1,
      "autoConsume:1": 0,
      "groupDetect:1": 0,
      "ignoreNBT:1": 0,
      "index:3": 0,
      "consume:1": 0,
      "requiredItems:9": {
        "0:10": {
          "id:8": "gregtech:gt.metaitem.01",
          "Count:3": 2,
          "Damage:2": 17032,
          "OreDict:8": "plateIron"
        },
        "1:10": {
          "id:8": "gregtech:gt.metaitem.01",
          "Count:3": 1,
          "Damage:2": 28032,
          "OreDict:8": "ringIron"
        },
        "2:10": {
          "id:8": "gregtech:gt.metaitem.01",
          "Count:3": 1,
          "Damage:2": 27032,
          "OreDict:8": "screwIron"
        },
        "3:10": {
          "id:8": "minecraft:stick",
          "Count:3": 2,
          "Damage:2": 0,
          "OreDict:8": "stickWood"
        }
      },
      "taskID:8": "bq_standard:optional_retrieval"
    },
    "1:10": {
      "partialMatch:1": 1,
      "autoConsume:1": 0,
      "groupDetect:1": 0,
      "ignoreNBT:1": 0,
      "index:3": 1,
      "consume:1": 0,
      "requiredItems:9": {
        "0:10": {
          "id:8": "minecraft:shears",
          "Count:3": 1,
          "Damage:2": 0,
          "OreDict:8": ""
        }
      },
      "taskID:8": "bq_standard:retrieval"
    }
  },
  "rewards:9": {
    "0:10": {
      "rewardID:8": "bq_standard:choice",
      "index:3": 0,
      "choices:9": {
        "0:10": {
          "id:8": "gregtech:gt.metatool.01",
          "Count:3": 1,
          "tag:10": {
            "ench:9": {
              "0:10": {
                "lvl:2": 5,
                "id:2": 16
              }
            },
            "GT.ToolStats:10": {
              "PrimaryMaterial:8": "DamascusSteel",
              "MaxDamage:4": 128000,
              "SecondaryMaterial:8": "Wood"
            }
          },
          "Damage:2": 12,
          "OreDict:8": ""
        },
        "1:10": {
          "id:8": "gregtech:gt.metatool.01",
          "Count:3": 1,
          "tag:10": {
            "GT.ToolStats:10": {
              "PrimaryMaterial:8": "DamascusSteel",
              "MaxDamage:4": 128000,
              "SecondaryMaterial:8": "Wood"
            }
          },
          "Damage:2": 18,
          "OreDict:8": ""
        },
        "2:10": {
          "id:8": "gregtech:gt.metatool.01",
          "Count:3": 1,
          "tag:10": {
            "GT.ToolStats:10": {
              "PrimaryMaterial:8": "DamascusSteel",
              "MaxDamage:4": 128000,
              "SecondaryMaterial:8": "Wood"
            }
          },
          "Damage:2": 22,
          "OreDict:8": ""
        },
        "3:10": {
          "id:8": "gregtech:gt.metatool.01",
          "Count:3": 1,
          "tag:10": {
            "GT.ToolStats:10": {
              "PrimaryMaterial:8": "DamascusSteel",
              "MaxDamage:4": 128000,
              "SecondaryMaterial:8": "Wood"
            }
          },
          "Damage:2": 10,
          "OreDict:8": ""
        },
        "4:10": {
          "id:8": "gregtech:gt.metatool.01",
          "Count:3": 1,
          "tag:10": {
            "GT.ToolStats:10": {
              "PrimaryMaterial:8": "DamascusSteel",
              "MaxDamage:4": 128000,
              "SecondaryMaterial:8": "DamascusSteel"
            }
          },
          "Damage:2": 16,
          "OreDict:8": ""
        },
        "5:10": {
          "id:8": "enhancedlootbags:lootbag",
          "Count:3": 1,
          "Damage:2": 2,
          "OreDict:8": ""
        }
      }
    },
    "1:10": {
      "rewardID:8": "bq_standard:item",
      "index:3": 1,
      "rewards:9": {
        "0:10": {
          "id:8": "dreamcraft:item.CoinTechnician",
          "Count:3": 5,
          "Damage:2": 0,
          "OreDict:8": ""
        }
      }
    }
  }
}