{
  "questIDHigh:4": 0,
  "preRequisites:9": {
    "0:10": {
      "questIDHigh:4": 0,
      "questIDLow:4": 1831
    }
  },
  "questIDLow:4": 1851,
  "properties:10": {
    "betterquesting:10": {
      "snd_complete:8": "random.levelup",
      "taskLogic:8": "AND",
      "partySingleReward:1": 0,
      "visibility:8": "NORMAL",
      "isMain:1": 0,
      "simultaneous:1": 0,
      "icon:10": {
        "id:8": "bartworks:BW_SimpleWindMeter",
        "Count:3": 1,
        "Damage:2": 0,
        "OreDict:8": ""
      },
      "snd_update:8": "random.levelup",
      "repeatTime:3": -1,
      "globalShare:1": 1,
      "questLogic:8": "AND",
      "repeat_relative:1": 1,
      "name:8": "§2§lStick a Finger in the Air",
      "isGlobal:1": 0,
      "lockedProgress:1": 0,
      "autoClaim:1": 0,
      "isSilent:1": 0,
      "desc:8": "But you really do care. Trying to find a good place to locate a windmill? You could just build one and see, or try this fancy windsock.\n\nPaper rotors are great in low winds.\nWool rotors are cheap.\nLeather rotors are durable.\n\nDon\u0027t leave the rotors in the windmill when you aren\u0027t using it, it will use up durability."
    }
  },
  "tasks:9": {
    "0:10": {
      "partialMatch:1": 1,
      "autoConsume:1": 0,
      "groupDetect:1": 0,
      "ignoreNBT:1": 0,
      "index:3": 0,
      "consume:1": 0,
      "requiredItems:9": {
        "0:10": {
          "id:8": "bartworks:BW_SimpleWindMeter",
          "Count:3": 1,
          "Damage:2": 0,
          "OreDict:8": ""
        }
      },
      "taskID:8": "bq_standard:retrieval"
    }
  },
  "rewards:9": {
    "0:10": {
      "rewardID:8": "bq_standard:choice",
      "index:3": 0,
      "choices:9": {
        "0:10": {
          "id:8": "enhancedlootbags:lootbag",
          "Count:3": 1,
          "Damage:2": 2,
          "OreDict:8": ""
        },
        "1:10": {
          "id:8": "bartworks:craftingParts",
          "Count:3": 2,
          "Damage:2": 5,
          "OreDict:8": ""
        },
        "2:10": {
          "id:8": "bartworks:craftingParts",
          "Count:3": 2,
          "Damage:2": 4,
          "OreDict:8": ""
        },
        "3:10": {
          "id:8": "bartworks:craftingParts",
          "Count:3": 2,
          "Damage:2": 3,
          "OreDict:8": ""
        },
        "4:10": {
          "id:8": "dreamcraft:item.CoinForestry",
          "Count:3": 5,
          "Damage:2": 0,
          "OreDict:8": ""
        }
      }
    }
  }
}