{
  "questIDHigh:4": 0,
  "preRequisites:9": {
    "0:10": {
      "questIDHigh:4": 0,
      "questIDLow:4": 32
    }
  },
  "questIDLow:4": 33,
  "properties:10": {
    "betterquesting:10": {
      "snd_complete:8": "random.levelup",
      "taskLogic:8": "AND",
      "partySingleReward:1": 0,
      "visibility:8": "NORMAL",
      "isMain:1": 1,
      "simultaneous:1": 0,
      "icon:10": {
        "id:8": "TConstruct:ToolStationBlock",
        "Count:3": 1,
        "Damage:2": 1,
        "OreDict:8": ""
      },
      "snd_update:8": "random.levelup",
      "repeatTime:3": -1,
      "globalShare:1": 1,
      "questLogic:8": "AND",
      "repeat_relative:1": 1,
      "name:8": "§2§lTinker-Time",
      "isGlobal:1": 0,
      "lockedProgress:1": 1,
      "autoClaim:1": 0,
      "isSilent:1": 0,
      "desc:8": "While using your flint tools is fun in terms of killing pigs and cows, they are not long-lasting and can\u0027t be repaired. Plus Infernals laugh at your attempts to kill them. You discovered how to craft tools that can be repaired and upgraded, but for that you definitely need a more advanced crafting technique.\n\nIf you have to use wood other than oak to make your tables, you can convert them to the default oak wood type to complete this quest."
    }
  },
  "tasks:9": {
    "0:10": {
      "partialMatch:1": 1,
      "allowCraftedFromStatistics:1": 0,
      "allowSmelt:1": 1,
      "ignoreNBT:1": 0,
      "index:3": 0,
      "allowCraft:1": 1,
      "allowAnvil:1": 0,
      "requiredItems:9": {
        "0:10": {
          "id:8": "TConstruct:ToolStationBlock",
          "Count:3": 1,
          "Damage:2": 1,
          "OreDict:8": ""
        },
        "1:10": {
          "id:8": "TConstruct:ToolStationBlock",
          "Count:3": 1,
          "Damage:2": 10,
          "OreDict:8": ""
        },
        "2:10": {
          "id:8": "TConstruct:ToolStationBlock",
          "Count:3": 1,
          "Damage:2": 0,
          "OreDict:8": ""
        },
        "3:10": {
          "id:8": "TConstruct:ToolStationBlock",
          "Count:3": 1,
          "Damage:2": 5,
          "OreDict:8": ""
        }
      },
      "taskID:8": "bq_standard:crafting"
    }
  },
  "rewards:9": {
    "0:10": {
      "rewardID:8": "bq_standard:item",
      "index:3": 0,
      "rewards:9": {
        "0:10": {
          "id:8": "TConstruct:blankPattern",
          "Count:3": 2,
          "Damage:2": 0,
          "OreDict:8": ""
        },
        "1:10": {
          "id:8": "TConstruct:manualBook",
          "Count:3": 1,
          "Damage:2": 0,
          "OreDict:8": ""
        }
      }
    },
    "1:10": {
      "rewardID:8": "bq_standard:item",
      "index:3": 1,
      "rewards:9": {
        "0:10": {
          "id:8": "dreamcraft:item.CoinTechnician",
          "Count:3": 10,
          "Damage:2": 0,
          "OreDict:8": ""
        }
      }
    }
  }
}