{
  "questIDHigh:4": 0,
  "preRequisites:9": {
    "0:10": {
      "questIDHigh:4": 0,
      "questIDLow:4": 472
    },
    "1:10": {
      "questIDHigh:4": 0,
      "questIDLow:4": 28
    }
  },
  "questIDLow:4": 474,
  "properties:10": {
    "betterquesting:10": {
      "snd_complete:8": "random.levelup",
      "taskLogic:8": "AND",
      "partySingleReward:1": 0,
      "visibility:8": "NORMAL",
      "isMain:1": 1,
      "simultaneous:1": 0,
      "icon:10": {
        "id:8": "TConstruct:pickaxe",
        "Count:3": 1,
        "tag:10": {
          "InfiTool:10": {
            "BaseDurability:4": 225,
            "Head:4": 2,
            "HeadEXP:4": 0,
            "BaseAttack:4": 4,
            "Built:4": 1,
            "ToolEXP:4": 0,
            "HarvestLevel:4": 2,
            "Attack:4": 4,
            "RenderHead:4": 2,
            "ModDurability:6": 0.0,
            "Handle:4": 2,
            "Broken:4": 0,
            "Shoddy:6": 0.0,
            "RenderHandle:4": 2,
            "Accessory:4": 2,
            "MiningSpeed:4": 600,
            "RenderAccessory:4": 2,
            "ToolLevel:4": 1,
            "HarvestLevelModified:4": 0,
            "Unbreaking:4": 1,
            "Damage:4": 0,
            "BonusDurability:4": 0,
            "Modifiers:4": 0,
            "TotalDurability:4": 225
          },
          "display:10": {
            "Name:8": "Iron Pickaxe"
          }
        },
        "Damage:2": 0,
        "OreDict:8": ""
      },
      "snd_update:8": "random.levelup",
      "repeatTime:3": -1,
      "globalShare:1": 1,
      "questLogic:8": "AND",
      "repeat_relative:1": 1,
      "name:8": "§2§k§l§l§r§2§lUpgrade 2.0",
      "isGlobal:1": 0,
      "lockedProgress:1": 0,
      "autoClaim:1": 0,
      "isSilent:1": 0,
      "desc:8": "Find iron, copper and tin ore. Very funny... How can you mine these with just a flint pickaxe?\n\nI have an idea; bring me some of the stone you mined with your flint pickaxe and I will give you a better tool head in exchange.\n\nRemember to level it up again either with monster heads or by mining."
    }
  },
  "tasks:9": {
    "0:10": {
      "partialMatch:1": 1,
      "autoConsume:1": 0,
      "groupDetect:1": 0,
      "ignoreNBT:1": 0,
      "index:3": 0,
      "consume:1": 1,
      "requiredItems:9": {
        "0:10": {
          "id:8": "minecraft:cobblestone",
          "Count:3": 256,
          "Damage:2": 0,
          "OreDict:8": ""
        }
      },
      "taskID:8": "bq_standard:retrieval"
    }
  },
  "rewards:9": {
    "0:10": {
      "rewardID:8": "bq_standard:item",
      "index:3": 0,
      "rewards:9": {
        "0:10": {
          "id:8": "TConstruct:pickaxeHead",
          "Count:3": 1,
          "Damage:2": 2,
          "OreDict:8": ""
        }
      }
    },
    "1:10": {
      "rewardID:8": "bq_standard:choice",
      "index:3": 1,
      "choices:9": {
        "0:10": {
          "id:8": "enhancedlootbags:lootbag",
          "Count:3": 1,
          "Damage:2": 1,
          "OreDict:8": ""
        },
        "1:10": {
          "id:8": "TConstruct:hatchetHead",
          "Count:3": 1,
          "Damage:2": 2,
          "OreDict:8": ""
        },
        "2:10": {
          "id:8": "TConstruct:shovelHead",
          "Count:3": 1,
          "Damage:2": 2,
          "OreDict:8": ""
        }
      }
    }
  }
}