{
  "questLineIDLow:4": 19,
  "questLineIDHigh:4": 0,
  "properties:10": {
    "betterquesting:10": {
      "visibility:8": "UNLOCKED",
      "name:8": "Be(e) Breeding",
      "icon:10": {
        "id:8": "Forestry:beeQueenGE",
        "Count:3": 1,
        "tag:10": {
          "MaxH:3": 40,
          "Mate:10": {
            "Chromosomes:9": {
              "0:10": {
                "UID1:8": "forestry.speciesIndustrious",
                "UID0:8": "forestry.speciesIndustrious",
                "Slot:1": 0
              },
              "1:10": {
                "UID1:8": "forestry.speedSlower",
                "UID0:8": "forestry.speedSlower",
                "Slot:1": 1
              },
              "2:10": {
                "UID1:8": "forestry.lifespanNormal",
                "UID0:8": "forestry.lifespanNormal",
                "Slot:1": 2
              },
              "3:10": {
                "UID1:8": "forestry.fertilityNormal",
                "UID0:8": "forestry.fertilityNormal",
                "Slot:1": 3
              },
              "4:10": {
                "UID1:8": "forestry.toleranceNone",
                "UID0:8": "forestry.toleranceNone",
                "Slot:1": 4
              },
              "5:10": {
                "UID1:8": "forestry.boolFalse",
                "UID0:8": "forestry.boolFalse",
                "Slot:1": 5
              },
              "6:10": {
                "UID1:8": "forestry.toleranceNone",
                "UID0:8": "forestry.toleranceNone",
                "Slot:1": 7
              },
              "7:10": {
                "UID1:8": "forestry.boolFalse",
                "UID0:8": "forestry.boolFalse",
                "Slot:1": 8
              },
              "8:10": {
                "UID1:8": "forestry.boolFalse",
                "UID0:8": "forestry.boolFalse",
                "Slot:1": 9
              },
              "9:10": {
                "UID1:8": "forestry.flowersVanilla",
                "UID0:8": "forestry.flowersVanilla",
                "Slot:1": 10
              },
              "10:10": {
                "UID1:8": "forestry.floweringFast",
                "UID0:8": "forestry.floweringFast",
                "Slot:1": 11
              },
              "11:10": {
                "UID1:8": "forestry.territoryAverage",
                "UID0:8": "forestry.territoryAverage",
                "Slot:1": 12
              },
              "12:10": {
                "UID1:8": "forestry.effectNone",
                "UID0:8": "forestry.effectNone",
                "Slot:1": 13
              }
            }
          },
          "Health:3": 40,
          "IsAnalyzed:1": 1,
          "Genome:10": {
            "Chromosomes:9": {
              "0:10": {
                "UID1:8": "forestry.speciesIndustrious",
                "UID0:8": "forestry.speciesIndustrious",
                "Slot:1": 0
              },
              "1:10": {
                "UID1:8": "forestry.speedSlower",
                "UID0:8": "forestry.speedSlower",
                "Slot:1": 1
              },
              "2:10": {
                "UID1:8": "forestry.lifespanNormal",
                "UID0:8": "forestry.lifespanNormal",
                "Slot:1": 2
              },
              "3:10": {
                "UID1:8": "forestry.fertilityNormal",
                "UID0:8": "forestry.fertilityNormal",
                "Slot:1": 3
              },
              "4:10": {
                "UID1:8": "forestry.toleranceNone",
                "UID0:8": "forestry.toleranceNone",
                "Slot:1": 4
              },
              "5:10": {
                "UID1:8": "forestry.boolFalse",
                "UID0:8": "forestry.boolFalse",
                "Slot:1": 5
              },
              "6:10": {
                "UID1:8": "forestry.toleranceNone",
                "UID0:8": "forestry.toleranceNone",
                "Slot:1": 7
              },
              "7:10": {
                "UID1:8": "forestry.boolFalse",
                "UID0:8": "forestry.boolFalse",
                "Slot:1": 8
              },
              "8:10": {
                "UID1:8": "forestry.boolFalse",
                "UID0:8": "forestry.boolFalse",
                "Slot:1": 9
              },
              "9:10": {
                "UID1:8": "forestry.flowersVanilla",
                "UID0:8": "forestry.flowersVanilla",
                "Slot:1": 10
              },
              "10:10": {
                "UID1:8": "forestry.floweringFast",
                "UID0:8": "forestry.floweringFast",
                "Slot:1": 11
              },
              "11:10": {
                "UID1:8": "forestry.territoryAverage",
                "UID0:8": "forestry.territoryAverage",
                "Slot:1": 12
              },
              "12:10": {
                "UID1:8": "forestry.effectNone",
                "UID0:8": "forestry.effectNone",
                "Slot:1": 13
              }
            }
          }
        },
        "Damage:2": 0,
        "OreDict:8": ""
      },
      "bg_image:8": "",
      "bg_size:3": 256,
      "desc:8": "Breeding Bees for Better Bling (experimental, may cause honey leakage)"
    }
  }
}