{
  "questIDHigh:4": 7842301023653611291,
  "preRequisites:9": {
    "0:10": {
      "questIDHigh:4": -199482370913580560,
      "questIDLow:4": -9064439369025459403
    }
  },
  "questIDLow:4": -6269476597080921136,
  "properties:10": {
    "betterquesting:10": {
      "snd_complete:8": "random.levelup",
      "taskLogic:8": "AND",
      "visibility:8": "NORMAL",
      "isMain:1": 1,
      "simultaneous:1": 0,
      "icon:10": {
        "id:8": "gregtech:gt.blockmachines",
        "Count:3": 1,
        "Damage:2": 9414,
        "OreDict:8": ""
      },
      "snd_update:8": "random.levelup",
      "repeatTime:3": -1,
      "globalShare:1": 0,
      "questLogic:8": "AND",
      "repeat_relative:1": 1,
      "name:8": "Absolute Purity",
      "lockedProgress:1": 0,
      "autoClaim:1": 0,
      "isSilent:1": 0,
      "desc:8": "Absolute Baryonic Perfection! This multiblock allows you to create water that is pure even on the subatomic level. Not a single quark is out of place in Grade 8 Purified Water. Thanks to this purity, even more advanced processes are possible, starting with reducing the processing time of Optical Boules and increasing yield on Optical Chips.\n\nWhile the tooltip is certainly a lot less intimidating than the one of the Degasser, automating this process will not be an easy challenge. Have fun solving the puzzle!"
    }
  },
  "tasks:9": {
    "0:10": {
      "partialMatch:1": 1,
      "autoConsume:1": 0,
      "groupDetect:1": 0,
      "ignoreNBT:1": 1,
      "index:3": 0,
      "consume:1": 0,
      "requiredItems:9": {
        "0:10": {
          "id:8": "gregtech:gt.blockmachines",
          "Count:3": 1,
          "Damage:2": 9414,
          "OreDict:8": ""
        }
      },
      "taskID:8": "bq_standard:retrieval"
    },
    "1:10": {
      "partialMatch:1": 1,
      "autoConsume:1": 0,
      "groupDetect:1": 0,
      "ignoreNBT:1": 1,
      "index:3": 1,
      "consume:1": 0,
      "requiredItems:9": {
        "0:10": {
          "id:8": "gregtech:gt.blockcasings10",
          "Count:3": 1,
          "Damage:2": 2,
          "OreDict:8": ""
        },
        "1:10": {
          "id:8": "gregtech:gt.blockcasings9",
          "Count:3": 1,
          "Damage:2": 15,
          "OreDict:8": ""
        },
        "2:10": {
          "id:8": "gregtech:gt.blockglass1",
          "Count:3": 1,
          "Damage:2": 3,
          "OreDict:8": ""
        },
        "3:10": {
          "id:8": "gregtech:gt.blockcasings9",
          "Count:3": 1,
          "Damage:2": 14,
          "OreDict:8": ""
        },
        "4:10": {
          "id:8": "gregtech:gt.blockframes",
          "Count:3": 1,
          "Damage:2": 395,
          "OreDict:8": ""
        }
      },
      "taskID:8": "bq_standard:optional_retrieval"
    }
  },
  "rewards:9": {}
}