{
  "questIDHigh:4": -544274892336709208,
  "preRequisites:9": {
    "0:10": {
      "questIDHigh:4": 2302674002717395266,
      "questIDLow:4": -8724430134020257656
    },
    "1:10": {
      "questIDHigh:4": 0,
      "questIDLow:4": 3273
    }
  },
  "questIDLow:4": -8754088215918060056,
  "properties:10": {
    "betterquesting:10": {
      "snd_complete:8": "random.levelup",
      "taskLogic:8": "AND",
      "visibility:8": "NORMAL",
      "isMain:1": 1,
      "simultaneous:1": 0,
      "icon:10": {
        "id:8": "gregtech:gt.metaitem.03",
        "Count:3": 1,
        "Damage:2": 32728,
        "OreDict:8": ""
      },
      "snd_update:8": "random.levelup",
      "repeatTime:3": -1,
      "globalShare:1": 0,
      "questLogic:8": "AND",
      "repeat_relative:1": 1,
      "name:8": "Capturing Light on a Circuit Board",
      "lockedProgress:1": 0,
      "autoClaim:1": 0,
      "isSilent:1": 0,
      "desc:8": "Using various carefully picked materials, you\u0027ve managed to create a circuit board that will be able to contain the flows of photons in these new circuit parts.\n\n"
    }
  },
  "tasks:9": {
    "0:10": {
      "partialMatch:1": 1,
      "autoConsume:1": 0,
      "groupDetect:1": 0,
      "ignoreNBT:1": 1,
      "index:3": 0,
      "consume:1": 0,
      "requiredItems:9": {
        "0:10": {
          "id:8": "gregtech:gt.metaitem.03",
          "Count:3": 1,
          "Damage:2": 32728,
          "OreDict:8": ""
        }
      },
      "taskID:8": "bq_standard:retrieval"
    }
  },
  "rewards:9": {}
}