{
  "questIDHigh:4": 8470087348094322293,
  "preRequisites:9": {
    "0:10": {
      "questIDHigh:4": 0,
      "questIDLow:4": 2584
    }
  },
  "questIDLow:4": -8363105124200355806,
  "properties:10": {
    "betterquesting:10": {
      "snd_complete:8": "random.levelup",
      "taskLogic:8": "AND",
      "visibility:8": "NORMAL",
      "isMain:1": 0,
      "simultaneous:1": 0,
      "icon:10": {
        "id:8": "gregtech:gt.metaitem.03",
        "Count:3": 1,
        "Damage:2": 32097,
        "OreDict:8": ""
      },
      "snd_update:8": "random.levelup",
      "repeatTime:3": -1,
      "globalShare:1": 0,
      "questLogic:8": "AND",
      "repeat_relative:1": 1,
      "name:8": "Cheaper ZPM Circuits",
      "lockedProgress:1": 0,
      "autoClaim:1": 0,
      "isSilent:1": 0,
      "desc:8": "Living bio chip can perform multiple tasks at once and will make your ZPM circuits cheaper!\n\n[note]This does cost quite a bit of hypogen, perhaps hold off on using these until you can make hypogen easily.[/note]"
    }
  },
  "tasks:9": {
    "0:10": {
      "partialMatch:1": 1,
      "autoConsume:1": 0,
      "groupDetect:1": 0,
      "ignoreNBT:1": 1,
      "index:3": 0,
      "consume:1": 0,
      "requiredItems:9": {
        "0:10": {
          "id:8": "bartworks:gt.bwMetaGeneratedItem0",
          "Count:3": 1,
          "Damage:2": 32746,
          "OreDict:8": ""
        },
        "1:10": {
          "id:8": "bartworks:gt.bwMetaGeneratedItem0",
          "Count:3": 1,
          "Damage:2": 32699,
          "OreDict:8": ""
        },
        "2:10": {
          "id:8": "gregtech:gt.blockmachines",
          "Count:3": 16,
          "Damage:2": 1722,
          "OreDict:8": ""
        },
        "3:10": {
          "id:8": "miscutils:itemBoltChromaticGlass",
          "Count:3": 64,
          "Damage:2": 0,
          "OreDict:8": ""
        }
      },
      "taskID:8": "bq_standard:optional_retrieval"
    },
    "1:10": {
      "partialMatch:1": 1,
      "autoConsume:1": 0,
      "groupDetect:1": 0,
      "ignoreNBT:1": 1,
      "index:3": 1,
      "consume:1": 0,
      "requiredItems:9": {
        "0:10": {
          "id:8": "gregtech:gt.metaitem.03",
          "Count:3": 16,
          "Damage:2": 32097,
          "OreDict:8": ""
        }
      },
      "taskID:8": "bq_standard:retrieval"
    }
  },
  "rewards:9": {}
}