{
  "questIDHigh:4": 8665603466225339977,
  "preRequisites:9": {
    "0:10": {
      "questIDHigh:4": 2302674002717395266,
      "questIDLow:4": -8724430134020257656,
      "type:1": 1
    },
    "1:10": {
      "questIDHigh:4": -5503315474457539634,
      "questIDLow:4": -9196591828784291176
    },
    "2:10": {
      "questIDHigh:4": 6240105828909796885,
      "questIDLow:4": -6772057045989436864
    }
  },
  "questIDLow:4": -7084124104927191421,
  "properties:10": {
    "betterquesting:10": {
      "snd_complete:8": "random.levelup",
      "taskLogic:8": "AND",
      "visibility:8": "NORMAL",
      "isMain:1": 1,
      "simultaneous:1": 0,
      "icon:10": {
        "id:8": "gregtech:gt.metaitem.03",
        "Count:3": 64,
        "Damage:2": 32725,
        "OreDict:8": ""
      },
      "snd_update:8": "random.levelup",
      "repeatTime:3": -1,
      "globalShare:1": 0,
      "questLogic:8": "AND",
      "repeat_relative:1": 1,
      "name:8": "Download More RAM",
      "lockedProgress:1": 0,
      "autoClaim:1": 0,
      "isSilent:1": 0,
      "desc:8": "Only the most advanced memory chips will do when working with optical computers."
    }
  },
  "tasks:9": {
    "0:10": {
      "partialMatch:1": 1,
      "autoConsume:1": 0,
      "groupDetect:1": 0,
      "ignoreNBT:1": 1,
      "index:3": 0,
      "consume:1": 0,
      "requiredItems:9": {
        "0:10": {
          "id:8": "gregtech:gt.metaitem.03",
          "Count:3": 1,
          "Damage:2": 32725,
          "OreDict:8": ""
        }
      },
      "taskID:8": "bq_standard:retrieval"
    }
  },
  "rewards:9": {}
}