{
  "questIDHigh:4": -9156783390791874552,
  "preRequisites:9": {
    "0:10": {
      "questIDHigh:4": -7794674471479980302,
      "questIDLow:4": -5399646287042766590
    }
  },
  "questIDLow:4": -8533404977696523804,
  "properties:10": {
    "betterquesting:10": {
      "snd_complete:8": "random.levelup",
      "taskLogic:8": "AND",
      "visibility:8": "NORMAL",
      "isMain:1": 1,
      "simultaneous:1": 0,
      "icon:10": {
        "id:8": "gregtech:gt.metaitem.01",
        "Count:3": 1,
        "Damage:2": 30126,
        "OreDict:8": ""
      },
      "snd_update:8": "random.levelup",
      "repeatTime:3": -1,
      "globalShare:1": 0,
      "questLogic:8": "AND",
      "repeat_relative:1": 1,
      "name:8": "Fueling the DTPF",
      "lockedProgress:1": 0,
      "autoClaim:1": 0,
      "isSilent:1": 0,
      "desc:8": "To run the DTPF, you will need to feed it excited catalyst. There are four tiers of catalyst you can make right now, and one more to unlock later. Making these catalysts requires a lot of power and time, so you will almost certainly want to passive this with many machines.\n\nIn UIV, you will unlock the §p§oplasma mixer§r, a dedicated multiblock that can make catalyst much faster than you currently can, although this comes at an enormous power cost. Either way, it\u0027s probably a good idea to get this as soon as you can."
    }
  },
  "tasks:9": {
    "0:10": {
      "partialMatch:1": 1,
      "autoConsume:1": 0,
      "groupDetect:1": 0,
      "ignoreNBT:1": 1,
      "index:3": 0,
      "consume:1": 0,
      "requiredItems:9": {
        "0:10": {
          "id:8": "gregtech:gt.metaitem.01",
          "Count:3": 1,
          "Damage:2": 30748,
          "OreDict:8": ""
        },
        "1:10": {
          "id:8": "gregtech:gt.metaitem.01",
          "Count:3": 1,
          "Damage:2": 30747,
          "OreDict:8": ""
        },
        "2:10": {
          "id:8": "gregtech:gt.metaitem.01",
          "Count:3": 1,
          "Damage:2": 30746,
          "OreDict:8": ""
        },
        "3:10": {
          "id:8": "gregtech:gt.metaitem.01",
          "Count:3": 1,
          "Damage:2": 30745,
          "OreDict:8": ""
        }
      },
      "taskID:8": "bq_standard:optional_retrieval"
    },
    "1:10": {
      "partialMatch:1": 1,
      "autoConsume:1": 0,
      "groupDetect:1": 0,
      "ignoreNBT:1": 1,
      "index:3": 1,
      "consume:1": 0,
      "requiredItems:9": {
        "0:10": {
          "id:8": "gregtech:gt.metaitem.01",
          "Count:3": 1,
          "Damage:2": 30109,
          "OreDict:8": ""
        },
        "1:10": {
          "id:8": "gregtech:gt.metaitem.01",
          "Count:3": 1,
          "Damage:2": 30113,
          "OreDict:8": ""
        },
        "2:10": {
          "id:8": "gregtech:gt.metaitem.01",
          "Count:3": 1,
          "Damage:2": 30121,
          "OreDict:8": ""
        },
        "3:10": {
          "id:8": "gregtech:gt.metaitem.01",
          "Count:3": 1,
          "Damage:2": 30126,
          "OreDict:8": ""
        }
      },
      "taskID:8": "bq_standard:optional_retrieval"
    },
    "2:10": {
      "index:3": 2,
      "taskID:8": "bq_standard:checkbox"
    }
  },
  "rewards:9": {}
}