{
  "questIDHigh:4": 0,
  "preRequisites:9": {
    "0:10": {
      "questIDHigh:4": -7794674471479980302,
      "questIDLow:4": -5399646287042766590
    }
  },
  "questIDLow:4": 2583,
  "properties:10": {
    "betterquesting:10": {
      "snd_complete:8": "random.levelup",
      "taskLogic:8": "OR",
      "visibility:8": "NORMAL",
      "isMain:1": 1,
      "simultaneous:1": 0,
      "icon:10": {
        "id:8": "gregtech:gt.blockmachines",
        "Count:3": 1,
        "Damage:2": 965,
        "OreDict:8": ""
      },
      "snd_update:8": "random.levelup",
      "repeatTime:3": -1,
      "globalShare:1": 0,
      "questLogic:8": "AND",
      "repeat_relative:1": 1,
      "name:8": "Galaxy in a Bottle...?",
      "lockedProgress:1": 0,
      "autoClaim:1": 0,
      "isSilent:1": 0,
      "desc:8": "Good luck with this one, it is many many many times harder than the previous tiers. Required to make extremely endgame materials such as hypogen.\n\nYou may notice the mk4 recipes are §oquite§o §rslow, perhaps consider making a compact reactor instead?\n\n[note]You only have to complete one task to finish this quest.[/note]"
    }
  },
  "tasks:9": {
    "0:10": {
      "partialMatch:1": 1,
      "autoConsume:1": 0,
      "groupDetect:1": 0,
      "ignoreNBT:1": 1,
      "index:3": 0,
      "consume:1": 0,
      "requiredItems:9": {
        "0:10": {
          "id:8": "gregtech:gt.blockmachines",
          "Count:3": 1,
          "Damage:2": 965,
          "OreDict:8": ""
        },
        "1:10": {
          "id:8": "miscutils:gtplusplus.blockcasings.3",
          "Count:3": 32,
          "Damage:2": 13,
          "OreDict:8": ""
        },
        "2:10": {
          "id:8": "miscutils:gtplusplus.blockcasings.3",
          "Count:3": 108,
          "Damage:2": 12,
          "OreDict:8": ""
        },
        "3:10": {
          "id:8": "gregtech:gt.blockmachines",
          "Count:3": 16,
          "Damage:2": 49,
          "OreDict:8": ""
        }
      },
      "taskID:8": "bq_standard:retrieval"
    },
    "1:10": {
      "partialMatch:1": 1,
      "autoConsume:1": 0,
      "groupDetect:1": 0,
      "ignoreNBT:1": 1,
      "index:3": 1,
      "consume:1": 0,
      "requiredItems:9": {
        "0:10": {
          "id:8": "gregtech:gt.blockmachines",
          "Count:3": 1,
          "Damage:2": 32022,
          "OreDict:8": ""
        }
      },
      "taskID:8": "bq_standard:retrieval"
    }
  },
  "rewards:9": {}
}