{
  "questIDHigh:4": 313634712247812384,
  "preRequisites:9": {
    "0:10": {
      "questIDHigh:4": 0,
      "questIDLow:4": 3283
    },
    "1:10": {
      "questIDHigh:4": -337303635474561203,
      "questIDLow:4": -4782315901562449638
    },
    "2:10": {
      "questIDHigh:4": 0,
      "questIDLow:4": 2590
    }
  },
  "questIDLow:4": -6062908746963570458,
  "properties:10": {
    "betterquesting:10": {
      "snd_complete:8": "random.levelup",
      "taskLogic:8": "AND",
      "visibility:8": "NORMAL",
      "isMain:1": 0,
      "simultaneous:1": 0,
      "icon:10": {
        "id:8": "gregtech:gt.blockmachines",
        "Count:3": 1,
        "Damage:2": 14010,
        "OreDict:8": ""
      },
      "snd_update:8": "random.levelup",
      "repeatTime:3": -1,
      "globalShare:1": 0,
      "questLogic:8": "AND",
      "repeat_relative:1": 1,
      "name:8": "Something From Nothing, Part 3?",
      "lockedProgress:1": 0,
      "autoClaim:1": 0,
      "isSilent:1": 0,
      "desc:8": "Suck up liquids like never before! This module replaces the infinite fluid drilling rig, but has the convenience of being inside your space elevator. Look at the NEI recipes to see which fluids you can pump with this."
    }
  },
  "tasks:9": {
    "0:10": {
      "partialMatch:1": 1,
      "autoConsume:1": 0,
      "groupDetect:1": 0,
      "ignoreNBT:1": 1,
      "index:3": 0,
      "consume:1": 0,
      "requiredItems:9": {
        "0:10": {
          "id:8": "gregtech:gt.blockmachines",
          "Count:3": 1,
          "Damage:2": 14010,
          "OreDict:8": ""
        }
      },
      "taskID:8": "bq_standard:retrieval"
    }
  },
  "rewards:9": {}
}