{
  "questIDHigh:4": -5503315474457539634,
  "preRequisites:9": {
    "0:10": {
      "questIDHigh:4": 0,
      "questIDLow:4": 2590
    }
  },
  "questIDLow:4": -9196591828784291176,
  "properties:10": {
    "betterquesting:10": {
      "snd_complete:8": "random.levelup",
      "taskLogic:8": "AND",
      "visibility:8": "NORMAL",
      "isMain:1": 1,
      "simultaneous:1": 0,
      "icon:10": {
        "id:8": "gregtech:gt.blockmachines",
        "Count:3": 1,
        "Damage:2": 2026,
        "OreDict:8": ""
      },
      "snd_update:8": "random.levelup",
      "repeatTime:3": -1,
      "globalShare:1": 0,
      "questLogic:8": "AND",
      "repeat_relative:1": 1,
      "name:8": "UEV Superconductors",
      "lockedProgress:1": 0,
      "autoClaim:1": 0,
      "isSilent:1": 0,
      "desc:8": "UEV superconductors, another great infinity sink. You can make the celestial tungsten and advanced nitinol in a laser engraver directly, but this is quite slow. Perhaps consider using the celestial tungsten plasma line?"
    }
  },
  "tasks:9": {
    "0:10": {
      "partialMatch:1": 1,
      "autoConsume:1": 0,
      "groupDetect:1": 0,
      "ignoreNBT:1": 1,
      "index:3": 0,
      "consume:1": 0,
      "requiredItems:9": {
        "0:10": {
          "id:8": "gregtech:gt.blockmachines",
          "Count:3": 27,
          "Damage:2": 2026,
          "OreDict:8": ""
        }
      },
      "taskID:8": "bq_standard:retrieval"
    }
  },
  "rewards:9": {}
}