{
  "questIDHigh:4": -6579624598465853026,
  "preRequisites:9": {
    "0:10": {
      "questIDHigh:4": 0,
      "questIDLow:4": 3236
    }
  },
  "questIDLow:4": -5083942162575521758,
  "properties:10": {
    "betterquesting:10": {
      "snd_complete:8": "random.levelup",
      "taskLogic:8": "AND",
      "visibility:8": "NORMAL",
      "isMain:1": 0,
      "simultaneous:1": 0,
      "icon:10": {
        "id:8": "gregtech:gt.blockmachines",
        "Count:3": 1,
        "Damage:2": 15447,
        "OreDict:8": ""
      },
      "snd_update:8": "random.levelup",
      "repeatTime:3": -1,
      "globalShare:1": 0,
      "questLogic:8": "AND",
      "repeat_relative:1": 1,
      "name:8": "Wireless Data for Your Assembly Lines!",
      "lockedProgress:1": 0,
      "autoClaim:1": 0,
      "isSilent:1": 0,
      "desc:8": "Wireless Data Bank Transmission Connector and Wireless Assembly line Reception Connector lets you avoid building and connecting dozens of Data Banks and Optical Fiber Cable for the upcoming Assembly Llines you might have to build.\n\nTo use it, you have to screwdriver the Data Bank that is storing the data sticks, place a Wireless Data Bank Transmission Connector into the Data Bank, then Wireless Assembly line Reception Connector for the Assembly Lines.\n\n[note]Wireless Data Hatches are N:M instead of 1:1[/note]"
    }
  },
  "tasks:9": {
    "0:10": {
      "partialMatch:1": 1,
      "autoConsume:1": 0,
      "groupDetect:1": 0,
      "ignoreNBT:1": 1,
      "index:3": 0,
      "consume:1": 0,
      "requiredItems:9": {
        "0:10": {
          "id:8": "gregtech:gt.blockmachines",
          "Count:3": 1,
          "Damage:2": 15447,
          "OreDict:8": ""
        },
        "1:10": {
          "id:8": "gregtech:gt.blockmachines",
          "Count:3": 1,
          "Damage:2": 15446,
          "OreDict:8": ""
        }
      },
      "taskID:8": "bq_standard:retrieval"
    }
  },
  "rewards:9": {}
}